npc_id,intent_id,example_number,split,utterance,review_status,seed_terms
ash,rumor,1,train,,pending,rumor | news | hear | whisper | gossip | word | going on | happening | talk
ash,rumor,2,train,,pending,rumor | news | hear | whisper | gossip | word | going on | happening | talk
ash,rumor,3,train,,pending,rumor | news | hear | whisper | gossip | word | going on | happening | talk
ash,rumor,4,train,,pending,rumor | news | hear | whisper | gossip | word | going on | happening | talk
ash,rumor,5,train,,pending,rumor | news | hear | whisper | gossip | word | going on | happening | talk
ash,rumor,6,train,,pending,rumor | news | hear | whisper | gossip | word | going on | happening | talk
ash,rumor,7,train,,pending,rumor | news | hear | whisper | gossip | word | going on | happening | talk
ash,rumor,8,train,,pending,rumor | news | hear | whisper | gossip | word | going on | happening | talk
ash,rumor,9,train,,pending,rumor | news | hear | whisper | gossip | word | going on | happening | talk
ash,rumor,10,train,,pending,rumor | news | hear | whisper | gossip | word | going on | happening | talk
ash,rumor,11,train,,pending,rumor | news | hear | whisper | gossip | word | going on | happening | talk
ash,rumor,12,train,,pending,rumor | news | hear | whisper | gossip | word | going on | happening | talk
ash,rumor,13,train,,pending,rumor | news | hear | whisper | gossip | word | going on | happening | talk
ash,rumor,14,train,,pending,rumor | news | hear | whisper | gossip | word | going on | happening | talk
ash,rumor,15,train,,pending,rumor | news | hear | whisper | gossip | word | going on | happening | talk
ash,rumor,16,train,,pending,rumor | news | hear | whisper | gossip | word | going on | happening | talk
ash,rumor,17,train,,pending,rumor | news | hear | whisper | gossip | word | going on | happening | talk
ash,rumor,18,train,,pending,rumor | news | hear | whisper | gossip | word | going on | happening | talk
ash,rumor,19,train,,pending,rumor | news | hear | whisper | gossip | word | going on | happening | talk
ash,rumor,20,train,,pending,rumor | news | hear | whisper | gossip | word | going on | happening | talk
ash,rumor,21,validation,,pending,rumor | news | hear | whisper | gossip | word | going on | happening | talk
ash,rumor,22,validation,,pending,rumor | news | hear | whisper | gossip | word | going on | happening | talk
ash,rumor,23,validation,,pending,rumor | news | hear | whisper | gossip | word | going on | happening | talk
ash,rumor,24,validation,,pending,rumor | news | hear | whisper | gossip | word | going on | happening | talk
ash,rumor,25,validation,,pending,rumor | news | hear | whisper | gossip | word | going on | happening | talk
ash,rumor,26,test,,pending,rumor | news | hear | whisper | gossip | word | going on | happening | talk
ash,rumor,27,test,,pending,rumor | news | hear | whisper | gossip | word | going on | happening | talk
ash,rumor,28,test,,pending,rumor | news | hear | whisper | gossip | word | going on | happening | talk
ash,rumor,29,test,,pending,rumor | news | hear | whisper | gossip | word | going on | happening | talk
ash,rumor,30,test,,pending,rumor | news | hear | whisper | gossip | word | going on | happening | talk
ash,castle_ruins,1,train,,pending,castle | ruin | vault | tunnel | underground | beneath | old fortress | chapel
ash,castle_ruins,2,train,,pending,castle | ruin | vault | tunnel | underground | beneath | old fortress | chapel
ash,castle_ruins,3,train,,pending,castle | ruin | vault | tunnel | underground | beneath | old fortress | chapel
ash,castle_ruins,4,train,,pending,castle | ruin | vault | tunnel | underground | beneath | old fortress | chapel
ash,castle_ruins,5,train,,pending,castle | ruin | vault | tunnel | underground | beneath | old fortress | chapel
ash,castle_ruins,6,train,,pending,castle | ruin | vault | tunnel | underground | beneath | old fortress | chapel
ash,castle_ruins,7,train,,pending,castle | ruin | vault | tunnel | underground | beneath | old fortress | chapel
ash,castle_ruins,8,train,,pending,castle | ruin | vault | tunnel | underground | beneath | old fortress | chapel
ash,castle_ruins,9,train,,pending,castle | ruin | vault | tunnel | underground | beneath | old fortress | chapel
ash,castle_ruins,10,train,,pending,castle | ruin | vault | tunnel | underground | beneath | old fortress | chapel
ash,castle_ruins,11,train,,pending,castle | ruin | vault | tunnel | underground | beneath | old fortress | chapel
ash,castle_ruins,12,train,,pending,castle | ruin | vault | tunnel | underground | beneath | old fortress | chapel
ash,castle_ruins,13,train,,pending,castle | ruin | vault | tunnel | underground | beneath | old fortress | chapel
ash,castle_ruins,14,train,,pending,castle | ruin | vault | tunnel | underground | beneath | old fortress | chapel
ash,castle_ruins,15,train,,pending,castle | ruin | vault | tunnel | underground | beneath | old fortress | chapel
ash,castle_ruins,16,train,,pending,castle | ruin | vault | tunnel | underground | beneath | old fortress | chapel
ash,castle_ruins,17,train,,pending,castle | ruin | vault | tunnel | underground | beneath | old fortress | chapel
ash,castle_ruins,18,train,,pending,castle | ruin | vault | tunnel | underground | beneath | old fortress | chapel
ash,castle_ruins,19,train,,pending,castle | ruin | vault | tunnel | underground | beneath | old fortress | chapel
ash,castle_ruins,20,train,,pending,castle | ruin | vault | tunnel | underground | beneath | old fortress | chapel
ash,castle_ruins,21,validation,,pending,castle | ruin | vault | tunnel | underground | beneath | old fortress | chapel
ash,castle_ruins,22,validation,,pending,castle | ruin | vault | tunnel | underground | beneath | old fortress | chapel
ash,castle_ruins,23,validation,,pending,castle | ruin | vault | tunnel | underground | beneath | old fortress | chapel
ash,castle_ruins,24,validation,,pending,castle | ruin | vault | tunnel | underground | beneath | old fortress | chapel
ash,castle_ruins,25,validation,,pending,castle | ruin | vault | tunnel | underground | beneath | old fortress | chapel
ash,castle_ruins,26,test,,pending,castle | ruin | vault | tunnel | underground | beneath | old fortress | chapel
ash,castle_ruins,27,test,,pending,castle | ruin | vault | tunnel | underground | beneath | old fortress | chapel
ash,castle_ruins,28,test,,pending,castle | ruin | vault | tunnel | underground | beneath | old fortress | chapel
ash,castle_ruins,29,test,,pending,castle | ruin | vault | tunnel | underground | beneath | old fortress | chapel
ash,castle_ruins,30,test,,pending,castle | ruin | vault | tunnel | underground | beneath | old fortress | chapel
ash,work_money,1,train,,pending,work | job | coin | gold | pay | money | earn | hire | errand | commission | lucrative | paying
ash,work_money,2,train,,pending,work | job | coin | gold | pay | money | earn | hire | errand | commission | lucrative | paying
ash,work_money,3,train,,pending,work | job | coin | gold | pay | money | earn | hire | errand | commission | lucrative | paying
ash,work_money,4,train,,pending,work | job | coin | gold | pay | money | earn | hire | errand | commission | lucrative | paying
ash,work_money,5,train,,pending,work | job | coin | gold | pay | money | earn | hire | errand | commission | lucrative | paying
ash,work_money,6,train,,pending,work | job | coin | gold | pay | money | earn | hire | errand | commission | lucrative | paying
ash,work_money,7,train,,pending,work | job | coin | gold | pay | money | earn | hire | errand | commission | lucrative | paying
ash,work_money,8,train,,pending,work | job | coin | gold | pay | money | earn | hire | errand | commission | lucrative | paying
ash,work_money,9,train,,pending,work | job | coin | gold | pay | money | earn | hire | errand | commission | lucrative | paying
ash,work_money,10,train,,pending,work | job | coin | gold | pay | money | earn | hire | errand | commission | lucrative | paying
ash,work_money,11,train,,pending,work | job | coin | gold | pay | money | earn | hire | errand | commission | lucrative | paying
ash,work_money,12,train,,pending,work | job | coin | gold | pay | money | earn | hire | errand | commission | lucrative | paying
ash,work_money,13,train,,pending,work | job | coin | gold | pay | money | earn | hire | errand | commission | lucrative | paying
ash,work_money,14,train,,pending,work | job | coin | gold | pay | money | earn | hire | errand | commission | lucrative | paying
ash,work_money,15,train,,pending,work | job | coin | gold | pay | money | earn | hire | errand | commission | lucrative | paying
ash,work_money,16,train,,pending,work | job | coin | gold | pay | money | earn | hire | errand | commission | lucrative | paying
ash,work_money,17,train,,pending,work | job | coin | gold | pay | money | earn | hire | errand | commission | lucrative | paying
ash,work_money,18,train,,pending,work | job | coin | gold | pay | money | earn | hire | errand | commission | lucrative | paying
ash,work_money,19,train,,pending,work | job | coin | gold | pay | money | earn | hire | errand | commission | lucrative | paying
ash,work_money,20,train,,pending,work | job | coin | gold | pay | money | earn | hire | errand | commission | lucrative | paying
ash,work_money,21,validation,,pending,work | job | coin | gold | pay | money | earn | hire | errand | commission | lucrative | paying
ash,work_money,22,validation,,pending,work | job | coin | gold | pay | money | earn | hire | errand | commission | lucrative | paying
ash,work_money,23,validation,,pending,work | job | coin | gold | pay | money | earn | hire | errand | commission | lucrative | paying
ash,work_money,24,validation,,pending,work | job | coin | gold | pay | money | earn | hire | errand | commission | lucrative | paying
ash,work_money,25,validation,,pending,work | job | coin | gold | pay | money | earn | hire | errand | commission | lucrative | paying
ash,work_money,26,test,,pending,work | job | coin | gold | pay | money | earn | hire | errand | commission | lucrative | paying
ash,work_money,27,test,,pending,work | job | coin | gold | pay | money | earn | hire | errand | commission | lucrative | paying
ash,work_money,28,test,,pending,work | job | coin | gold | pay | money | earn | hire | errand | commission | lucrative | paying
ash,work_money,29,test,,pending,work | job | coin | gold | pay | money | earn | hire | errand | commission | lucrative | paying
ash,work_money,30,test,,pending,work | job | coin | gold | pay | money | earn | hire | errand | commission | lucrative | paying
ash,trust,1,train,,pending,trust | friend | ally | reliable | honest | faithful | depend | count on
ash,trust,2,train,,pending,trust | friend | ally | reliable | honest | faithful | depend | count on
ash,trust,3,train,,pending,trust | friend | ally | reliable | honest | faithful | depend | count on
ash,trust,4,train,,pending,trust | friend | ally | reliable | honest | faithful | depend | count on
ash,trust,5,train,,pending,trust | friend | ally | reliable | honest | faithful | depend | count on
ash,trust,6,train,,pending,trust | friend | ally | reliable | honest | faithful | depend | count on
ash,trust,7,train,,pending,trust | friend | ally | reliable | honest | faithful | depend | count on
ash,trust,8,train,,pending,trust | friend | ally | reliable | honest | faithful | depend | count on
ash,trust,9,train,,pending,trust | friend | ally | reliable | honest | faithful | depend | count on
ash,trust,10,train,,pending,trust | friend | ally | reliable | honest | faithful | depend | count on
ash,trust,11,train,,pending,trust | friend | ally | reliable | honest | faithful | depend | count on
ash,trust,12,train,,pending,trust | friend | ally | reliable | honest | faithful | depend | count on
ash,trust,13,train,,pending,trust | friend | ally | reliable | honest | faithful | depend | count on
ash,trust,14,train,,pending,trust | friend | ally | reliable | honest | faithful | depend | count on
ash,trust,15,train,,pending,trust | friend | ally | reliable | honest | faithful | depend | count on
ash,trust,16,train,,pending,trust | friend | ally | reliable | honest | faithful | depend | count on
ash,trust,17,train,,pending,trust | friend | ally | reliable | honest | faithful | depend | count on
ash,trust,18,train,,pending,trust | friend | ally | reliable | honest | faithful | depend | count on
ash,trust,19,train,,pending,trust | friend | ally | reliable | honest | faithful | depend | count on
ash,trust,20,train,,pending,trust | friend | ally | reliable | honest | faithful | depend | count on
ash,trust,21,validation,,pending,trust | friend | ally | reliable | honest | faithful | depend | count on
ash,trust,22,validation,,pending,trust | friend | ally | reliable | honest | faithful | depend | count on
ash,trust,23,validation,,pending,trust | friend | ally | reliable | honest | faithful | depend | count on
ash,trust,24,validation,,pending,trust | friend | ally | reliable | honest | faithful | depend | count on
ash,trust,25,validation,,pending,trust | friend | ally | reliable | honest | faithful | depend | count on
ash,trust,26,test,,pending,trust | friend | ally | reliable | honest | faithful | depend | count on
ash,trust,27,test,,pending,trust | friend | ally | reliable | honest | faithful | depend | count on
ash,trust,28,test,,pending,trust | friend | ally | reliable | honest | faithful | depend | count on
ash,trust,29,test,,pending,trust | friend | ally | reliable | honest | faithful | depend | count on
ash,trust,30,test,,pending,trust | friend | ally | reliable | honest | faithful | depend | count on
ash,identity,1,train,,pending,who are you | your name | where from | background | past | who is ash | tell me about yourself
ash,identity,2,train,,pending,who are you | your name | where from | background | past | who is ash | tell me about yourself
ash,identity,3,train,,pending,who are you | your name | where from | background | past | who is ash | tell me about yourself
ash,identity,4,train,,pending,who are you | your name | where from | background | past | who is ash | tell me about yourself
ash,identity,5,train,,pending,who are you | your name | where from | background | past | who is ash | tell me about yourself
ash,identity,6,train,,pending,who are you | your name | where from | background | past | who is ash | tell me about yourself
ash,identity,7,train,,pending,who are you | your name | where from | background | past | who is ash | tell me about yourself
ash,identity,8,train,,pending,who are you | your name | where from | background | past | who is ash | tell me about yourself
ash,identity,9,train,,pending,who are you | your name | where from | background | past | who is ash | tell me about yourself
ash,identity,10,train,,pending,who are you | your name | where from | background | past | who is ash | tell me about yourself
ash,identity,11,train,,pending,who are you | your name | where from | background | past | who is ash | tell me about yourself
ash,identity,12,train,,pending,who are you | your name | where from | background | past | who is ash | tell me about yourself
ash,identity,13,train,,pending,who are you | your name | where from | background | past | who is ash | tell me about yourself
ash,identity,14,train,,pending,who are you | your name | where from | background | past | who is ash | tell me about yourself
ash,identity,15,train,,pending,who are you | your name | where from | background | past | who is ash | tell me about yourself
ash,identity,16,train,,pending,who are you | your name | where from | background | past | who is ash | tell me about yourself
ash,identity,17,train,,pending,who are you | your name | where from | background | past | who is ash | tell me about yourself
ash,identity,18,train,,pending,who are you | your name | where from | background | past | who is ash | tell me about yourself
ash,identity,19,train,,pending,who are you | your name | where from | background | past | who is ash | tell me about yourself
ash,identity,20,train,,pending,who are you | your name | where from | background | past | who is ash | tell me about yourself
ash,identity,21,validation,,pending,who are you | your name | where from | background | past | who is ash | tell me about yourself
ash,identity,22,validation,,pending,who are you | your name | where from | background | past | who is ash | tell me about yourself
ash,identity,23,validation,,pending,who are you | your name | where from | background | past | who is ash | tell me about yourself
ash,identity,24,validation,,pending,who are you | your name | where from | background | past | who is ash | tell me about yourself
ash,identity,25,validation,,pending,who are you | your name | where from | background | past | who is ash | tell me about yourself
ash,identity,26,test,,pending,who are you | your name | where from | background | past | who is ash | tell me about yourself
ash,identity,27,test,,pending,who are you | your name | where from | background | past | who is ash | tell me about yourself
ash,identity,28,test,,pending,who are you | your name | where from | background | past | who is ash | tell me about yourself
ash,identity,29,test,,pending,who are you | your name | where from | background | past | who is ash | tell me about yourself
ash,identity,30,test,,pending,who are you | your name | where from | background | past | who is ash | tell me about yourself
ash,guard_patrol,1,train,,pending,guard | patrol | soldier | watch | garrison | military | security | captain | sam
ash,guard_patrol,2,train,,pending,guard | patrol | soldier | watch | garrison | military | security | captain | sam
ash,guard_patrol,3,train,,pending,guard | patrol | soldier | watch | garrison | military | security | captain | sam
ash,guard_patrol,4,train,,pending,guard | patrol | soldier | watch | garrison | military | security | captain | sam
ash,guard_patrol,5,train,,pending,guard | patrol | soldier | watch | garrison | military | security | captain | sam
ash,guard_patrol,6,train,,pending,guard | patrol | soldier | watch | garrison | military | security | captain | sam
ash,guard_patrol,7,train,,pending,guard | patrol | soldier | watch | garrison | military | security | captain | sam
ash,guard_patrol,8,train,,pending,guard | patrol | soldier | watch | garrison | military | security | captain | sam
ash,guard_patrol,9,train,,pending,guard | patrol | soldier | watch | garrison | military | security | captain | sam
ash,guard_patrol,10,train,,pending,guard | patrol | soldier | watch | garrison | military | security | captain | sam
ash,guard_patrol,11,train,,pending,guard | patrol | soldier | watch | garrison | military | security | captain | sam
ash,guard_patrol,12,train,,pending,guard | patrol | soldier | watch | garrison | military | security | captain | sam
ash,guard_patrol,13,train,,pending,guard | patrol | soldier | watch | garrison | military | security | captain | sam
ash,guard_patrol,14,train,,pending,guard | patrol | soldier | watch | garrison | military | security | captain | sam
ash,guard_patrol,15,train,,pending,guard | patrol | soldier | watch | garrison | military | security | captain | sam
ash,guard_patrol,16,train,,pending,guard | patrol | soldier | watch | garrison | military | security | captain | sam
ash,guard_patrol,17,train,,pending,guard | patrol | soldier | watch | garrison | military | security | captain | sam
ash,guard_patrol,18,train,,pending,guard | patrol | soldier | watch | garrison | military | security | captain | sam
ash,guard_patrol,19,train,,pending,guard | patrol | soldier | watch | garrison | military | security | captain | sam
ash,guard_patrol,20,train,,pending,guard | patrol | soldier | watch | garrison | military | security | captain | sam
ash,guard_patrol,21,validation,,pending,guard | patrol | soldier | watch | garrison | military | security | captain | sam
ash,guard_patrol,22,validation,,pending,guard | patrol | soldier | watch | garrison | military | security | captain | sam
ash,guard_patrol,23,validation,,pending,guard | patrol | soldier | watch | garrison | military | security | captain | sam
ash,guard_patrol,24,validation,,pending,guard | patrol | soldier | watch | garrison | military | security | captain | sam
ash,guard_patrol,25,validation,,pending,guard | patrol | soldier | watch | garrison | military | security | captain | sam
ash,guard_patrol,26,test,,pending,guard | patrol | soldier | watch | garrison | military | security | captain | sam
ash,guard_patrol,27,test,,pending,guard | patrol | soldier | watch | garrison | military | security | captain | sam
ash,guard_patrol,28,test,,pending,guard | patrol | soldier | watch | garrison | military | security | captain | sam
ash,guard_patrol,29,test,,pending,guard | patrol | soldier | watch | garrison | military | security | captain | sam
ash,guard_patrol,30,test,,pending,guard | patrol | soldier | watch | garrison | military | security | captain | sam
ash,danger,1,train,,pending,danger | threat | enemy | attack | trouble | problem | warning | careful | safe | afraid
ash,danger,2,train,,pending,danger | threat | enemy | attack | trouble | problem | warning | careful | safe | afraid
ash,danger,3,train,,pending,danger | threat | enemy | attack | trouble | problem | warning | careful | safe | afraid
ash,danger,4,train,,pending,danger | threat | enemy | attack | trouble | problem | warning | careful | safe | afraid
ash,danger,5,train,,pending,danger | threat | enemy | attack | trouble | problem | warning | careful | safe | afraid
ash,danger,6,train,,pending,danger | threat | enemy | attack | trouble | problem | warning | careful | safe | afraid
ash,danger,7,train,,pending,danger | threat | enemy | attack | trouble | problem | warning | careful | safe | afraid
ash,danger,8,train,,pending,danger | threat | enemy | attack | trouble | problem | warning | careful | safe | afraid
ash,danger,9,train,,pending,danger | threat | enemy | attack | trouble | problem | warning | careful | safe | afraid
ash,danger,10,train,,pending,danger | threat | enemy | attack | trouble | problem | warning | careful | safe | afraid
ash,danger,11,train,,pending,danger | threat | enemy | attack | trouble | problem | warning | careful | safe | afraid
ash,danger,12,train,,pending,danger | threat | enemy | attack | trouble | problem | warning | careful | safe | afraid
ash,danger,13,train,,pending,danger | threat | enemy | attack | trouble | problem | warning | careful | safe | afraid
ash,danger,14,train,,pending,danger | threat | enemy | attack | trouble | problem | warning | careful | safe | afraid
ash,danger,15,train,,pending,danger | threat | enemy | attack | trouble | problem | warning | careful | safe | afraid
ash,danger,16,train,,pending,danger | threat | enemy | attack | trouble | problem | warning | careful | safe | afraid
ash,danger,17,train,,pending,danger | threat | enemy | attack | trouble | problem | warning | careful | safe | afraid
ash,danger,18,train,,pending,danger | threat | enemy | attack | trouble | problem | warning | careful | safe | afraid
ash,danger,19,train,,pending,danger | threat | enemy | attack | trouble | problem | warning | careful | safe | afraid
ash,danger,20,train,,pending,danger | threat | enemy | attack | trouble | problem | warning | careful | safe | afraid
ash,danger,21,validation,,pending,danger | threat | enemy | attack | trouble | problem | warning | careful | safe | afraid
ash,danger,22,validation,,pending,danger | threat | enemy | attack | trouble | problem | warning | careful | safe | afraid
ash,danger,23,validation,,pending,danger | threat | enemy | attack | trouble | problem | warning | careful | safe | afraid
ash,danger,24,validation,,pending,danger | threat | enemy | attack | trouble | problem | warning | careful | safe | afraid
ash,danger,25,validation,,pending,danger | threat | enemy | attack | trouble | problem | warning | careful | safe | afraid
ash,danger,26,test,,pending,danger | threat | enemy | attack | trouble | problem | warning | careful | safe | afraid
ash,danger,27,test,,pending,danger | threat | enemy | attack | trouble | problem | warning | careful | safe | afraid
ash,danger,28,test,,pending,danger | threat | enemy | attack | trouble | problem | warning | careful | safe | afraid
ash,danger,29,test,,pending,danger | threat | enemy | attack | trouble | problem | warning | careful | safe | afraid
ash,danger,30,test,,pending,danger | threat | enemy | attack | trouble | problem | warning | careful | safe | afraid
ash,buy_sell,1,train,,pending,buy | sell | purchase | trade | item | goods | merchandise | acquire | price | cost | market
ash,buy_sell,2,train,,pending,buy | sell | purchase | trade | item | goods | merchandise | acquire | price | cost | market
ash,buy_sell,3,train,,pending,buy | sell | purchase | trade | item | goods | merchandise | acquire | price | cost | market
ash,buy_sell,4,train,,pending,buy | sell | purchase | trade | item | goods | merchandise | acquire | price | cost | market
ash,buy_sell,5,train,,pending,buy | sell | purchase | trade | item | goods | merchandise | acquire | price | cost | market
ash,buy_sell,6,train,,pending,buy | sell | purchase | trade | item | goods | merchandise | acquire | price | cost | market
ash,buy_sell,7,train,,pending,buy | sell | purchase | trade | item | goods | merchandise | acquire | price | cost | market
ash,buy_sell,8,train,,pending,buy | sell | purchase | trade | item | goods | merchandise | acquire | price | cost | market
ash,buy_sell,9,train,,pending,buy | sell | purchase | trade | item | goods | merchandise | acquire | price | cost | market
ash,buy_sell,10,train,,pending,buy | sell | purchase | trade | item | goods | merchandise | acquire | price | cost | market
ash,buy_sell,11,train,,pending,buy | sell | purchase | trade | item | goods | merchandise | acquire | price | cost | market
ash,buy_sell,12,train,,pending,buy | sell | purchase | trade | item | goods | merchandise | acquire | price | cost | market
ash,buy_sell,13,train,,pending,buy | sell | purchase | trade | item | goods | merchandise | acquire | price | cost | market
ash,buy_sell,14,train,,pending,buy | sell | purchase | trade | item | goods | merchandise | acquire | price | cost | market
ash,buy_sell,15,train,,pending,buy | sell | purchase | trade | item | goods | merchandise | acquire | price | cost | market
ash,buy_sell,16,train,,pending,buy | sell | purchase | trade | item | goods | merchandise | acquire | price | cost | market
ash,buy_sell,17,train,,pending,buy | sell | purchase | trade | item | goods | merchandise | acquire | price | cost | market
ash,buy_sell,18,train,,pending,buy | sell | purchase | trade | item | goods | merchandise | acquire | price | cost | market
ash,buy_sell,19,train,,pending,buy | sell | purchase | trade | item | goods | merchandise | acquire | price | cost | market
ash,buy_sell,20,train,,pending,buy | sell | purchase | trade | item | goods | merchandise | acquire | price | cost | market
ash,buy_sell,21,validation,,pending,buy | sell | purchase | trade | item | goods | merchandise | acquire | price | cost | market
ash,buy_sell,22,validation,,pending,buy | sell | purchase | trade | item | goods | merchandise | acquire | price | cost | market
ash,buy_sell,23,validation,,pending,buy | sell | purchase | trade | item | goods | merchandise | acquire | price | cost | market
ash,buy_sell,24,validation,,pending,buy | sell | purchase | trade | item | goods | merchandise | acquire | price | cost | market
ash,buy_sell,25,validation,,pending,buy | sell | purchase | trade | item | goods | merchandise | acquire | price | cost | market
ash,buy_sell,26,test,,pending,buy | sell | purchase | trade | item | goods | merchandise | acquire | price | cost | market
ash,buy_sell,27,test,,pending,buy | sell | purchase | trade | item | goods | merchandise | acquire | price | cost | market
ash,buy_sell,28,test,,pending,buy | sell | purchase | trade | item | goods | merchandise | acquire | price | cost | market
ash,buy_sell,29,test,,pending,buy | sell | purchase | trade | item | goods | merchandise | acquire | price | cost | market
ash,buy_sell,30,test,,pending,buy | sell | purchase | trade | item | goods | merchandise | acquire | price | cost | market
ash,favor_deal,1,train,,pending,favor | deal | alliance | together | partnership | arrangement | agreement | bargain
ash,favor_deal,2,train,,pending,favor | deal | alliance | together | partnership | arrangement | agreement | bargain
ash,favor_deal,3,train,,pending,favor | deal | alliance | together | partnership | arrangement | agreement | bargain
ash,favor_deal,4,train,,pending,favor | deal | alliance | together | partnership | arrangement | agreement | bargain
ash,favor_deal,5,train,,pending,favor | deal | alliance | together | partnership | arrangement | agreement | bargain
ash,favor_deal,6,train,,pending,favor | deal | alliance | together | partnership | arrangement | agreement | bargain
ash,favor_deal,7,train,,pending,favor | deal | alliance | together | partnership | arrangement | agreement | bargain
ash,favor_deal,8,train,,pending,favor | deal | alliance | together | partnership | arrangement | agreement | bargain
ash,favor_deal,9,train,,pending,favor | deal | alliance | together | partnership | arrangement | agreement | bargain
ash,favor_deal,10,train,,pending,favor | deal | alliance | together | partnership | arrangement | agreement | bargain
ash,favor_deal,11,train,,pending,favor | deal | alliance | together | partnership | arrangement | agreement | bargain
ash,favor_deal,12,train,,pending,favor | deal | alliance | together | partnership | arrangement | agreement | bargain
ash,favor_deal,13,train,,pending,favor | deal | alliance | together | partnership | arrangement | agreement | bargain
ash,favor_deal,14,train,,pending,favor | deal | alliance | together | partnership | arrangement | agreement | bargain
ash,favor_deal,15,train,,pending,favor | deal | alliance | together | partnership | arrangement | agreement | bargain
ash,favor_deal,16,train,,pending,favor | deal | alliance | together | partnership | arrangement | agreement | bargain
ash,favor_deal,17,train,,pending,favor | deal | alliance | together | partnership | arrangement | agreement | bargain
ash,favor_deal,18,train,,pending,favor | deal | alliance | together | partnership | arrangement | agreement | bargain
ash,favor_deal,19,train,,pending,favor | deal | alliance | together | partnership | arrangement | agreement | bargain
ash,favor_deal,20,train,,pending,favor | deal | alliance | together | partnership | arrangement | agreement | bargain
ash,favor_deal,21,validation,,pending,favor | deal | alliance | together | partnership | arrangement | agreement | bargain
ash,favor_deal,22,validation,,pending,favor | deal | alliance | together | partnership | arrangement | agreement | bargain
ash,favor_deal,23,validation,,pending,favor | deal | alliance | together | partnership | arrangement | agreement | bargain
ash,favor_deal,24,validation,,pending,favor | deal | alliance | together | partnership | arrangement | agreement | bargain
ash,favor_deal,25,validation,,pending,favor | deal | alliance | together | partnership | arrangement | agreement | bargain
ash,favor_deal,26,test,,pending,favor | deal | alliance | together | partnership | arrangement | agreement | bargain
ash,favor_deal,27,test,,pending,favor | deal | alliance | together | partnership | arrangement | agreement | bargain
ash,favor_deal,28,test,,pending,favor | deal | alliance | together | partnership | arrangement | agreement | bargain
ash,favor_deal,29,test,,pending,favor | deal | alliance | together | partnership | arrangement | agreement | bargain
ash,favor_deal,30,test,,pending,favor | deal | alliance | together | partnership | arrangement | agreement | bargain
ash,merchant,1,train,,pending,merchant | trader | missing | disappeared | cargo | caravan | left | gone
ash,merchant,2,train,,pending,merchant | trader | missing | disappeared | cargo | caravan | left | gone
ash,merchant,3,train,,pending,merchant | trader | missing | disappeared | cargo | caravan | left | gone
ash,merchant,4,train,,pending,merchant | trader | missing | disappeared | cargo | caravan | left | gone
ash,merchant,5,train,,pending,merchant | trader | missing | disappeared | cargo | caravan | left | gone
ash,merchant,6,train,,pending,merchant | trader | missing | disappeared | cargo | caravan | left | gone
ash,merchant,7,train,,pending,merchant | trader | missing | disappeared | cargo | caravan | left | gone
ash,merchant,8,train,,pending,merchant | trader | missing | disappeared | cargo | caravan | left | gone
ash,merchant,9,train,,pending,merchant | trader | missing | disappeared | cargo | caravan | left | gone
ash,merchant,10,train,,pending,merchant | trader | missing | disappeared | cargo | caravan | left | gone
ash,merchant,11,train,,pending,merchant | trader | missing | disappeared | cargo | caravan | left | gone
ash,merchant,12,train,,pending,merchant | trader | missing | disappeared | cargo | caravan | left | gone
ash,merchant,13,train,,pending,merchant | trader | missing | disappeared | cargo | caravan | left | gone
ash,merchant,14,train,,pending,merchant | trader | missing | disappeared | cargo | caravan | left | gone
ash,merchant,15,train,,pending,merchant | trader | missing | disappeared | cargo | caravan | left | gone
ash,merchant,16,train,,pending,merchant | trader | missing | disappeared | cargo | caravan | left | gone
ash,merchant,17,train,,pending,merchant | trader | missing | disappeared | cargo | caravan | left | gone
ash,merchant,18,train,,pending,merchant | trader | missing | disappeared | cargo | caravan | left | gone
ash,merchant,19,train,,pending,merchant | trader | missing | disappeared | cargo | caravan | left | gone
ash,merchant,20,train,,pending,merchant | trader | missing | disappeared | cargo | caravan | left | gone
ash,merchant,21,validation,,pending,merchant | trader | missing | disappeared | cargo | caravan | left | gone
ash,merchant,22,validation,,pending,merchant | trader | missing | disappeared | cargo | caravan | left | gone
ash,merchant,23,validation,,pending,merchant | trader | missing | disappeared | cargo | caravan | left | gone
ash,merchant,24,validation,,pending,merchant | trader | missing | disappeared | cargo | caravan | left | gone
ash,merchant,25,validation,,pending,merchant | trader | missing | disappeared | cargo | caravan | left | gone
ash,merchant,26,test,,pending,merchant | trader | missing | disappeared | cargo | caravan | left | gone
ash,merchant,27,test,,pending,merchant | trader | missing | disappeared | cargo | caravan | left | gone
ash,merchant,28,test,,pending,merchant | trader | missing | disappeared | cargo | caravan | left | gone
ash,merchant,29,test,,pending,merchant | trader | missing | disappeared | cargo | caravan | left | gone
ash,merchant,30,test,,pending,merchant | trader | missing | disappeared | cargo | caravan | left | gone
ash,secret_info,1,train,,pending,secret | hidden | private | classified | confidential | know something | tell me a secret | tell me secrets
ash,secret_info,2,train,,pending,secret | hidden | private | classified | confidential | know something | tell me a secret | tell me secrets
ash,secret_info,3,train,,pending,secret | hidden | private | classified | confidential | know something | tell me a secret | tell me secrets
ash,secret_info,4,train,,pending,secret | hidden | private | classified | confidential | know something | tell me a secret | tell me secrets
ash,secret_info,5,train,,pending,secret | hidden | private | classified | confidential | know something | tell me a secret | tell me secrets
ash,secret_info,6,train,,pending,secret | hidden | private | classified | confidential | know something | tell me a secret | tell me secrets
ash,secret_info,7,train,,pending,secret | hidden | private | classified | confidential | know something | tell me a secret | tell me secrets
ash,secret_info,8,train,,pending,secret | hidden | private | classified | confidential | know something | tell me a secret | tell me secrets
ash,secret_info,9,train,,pending,secret | hidden | private | classified | confidential | know something | tell me a secret | tell me secrets
ash,secret_info,10,train,,pending,secret | hidden | private | classified | confidential | know something | tell me a secret | tell me secrets
ash,secret_info,11,train,,pending,secret | hidden | private | classified | confidential | know something | tell me a secret | tell me secrets
ash,secret_info,12,train,,pending,secret | hidden | private | classified | confidential | know something | tell me a secret | tell me secrets
ash,secret_info,13,train,,pending,secret | hidden | private | classified | confidential | know something | tell me a secret | tell me secrets
ash,secret_info,14,train,,pending,secret | hidden | private | classified | confidential | know something | tell me a secret | tell me secrets
ash,secret_info,15,train,,pending,secret | hidden | private | classified | confidential | know something | tell me a secret | tell me secrets
ash,secret_info,16,train,,pending,secret | hidden | private | classified | confidential | know something | tell me a secret | tell me secrets
ash,secret_info,17,train,,pending,secret | hidden | private | classified | confidential | know something | tell me a secret | tell me secrets
ash,secret_info,18,train,,pending,secret | hidden | private | classified | confidential | know something | tell me a secret | tell me secrets
ash,secret_info,19,train,,pending,secret | hidden | private | classified | confidential | know something | tell me a secret | tell me secrets
ash,secret_info,20,train,,pending,secret | hidden | private | classified | confidential | know something | tell me a secret | tell me secrets
ash,secret_info,21,validation,,pending,secret | hidden | private | classified | confidential | know something | tell me a secret | tell me secrets
ash,secret_info,22,validation,,pending,secret | hidden | private | classified | confidential | know something | tell me a secret | tell me secrets
ash,secret_info,23,validation,,pending,secret | hidden | private | classified | confidential | know something | tell me a secret | tell me secrets
ash,secret_info,24,validation,,pending,secret | hidden | private | classified | confidential | know something | tell me a secret | tell me secrets
ash,secret_info,25,validation,,pending,secret | hidden | private | classified | confidential | know something | tell me a secret | tell me secrets
ash,secret_info,26,test,,pending,secret | hidden | private | classified | confidential | know something | tell me a secret | tell me secrets
ash,secret_info,27,test,,pending,secret | hidden | private | classified | confidential | know something | tell me a secret | tell me secrets
ash,secret_info,28,test,,pending,secret | hidden | private | classified | confidential | know something | tell me a secret | tell me secrets
ash,secret_info,29,test,,pending,secret | hidden | private | classified | confidential | know something | tell me a secret | tell me secrets
ash,secret_info,30,test,,pending,secret | hidden | private | classified | confidential | know something | tell me a secret | tell me secrets
ash,mercenary_role,1,train,,pending,mercenary | sellsword | contract | bounty | muscle | sword for hire | guard duty
ash,mercenary_role,2,train,,pending,mercenary | sellsword | contract | bounty | muscle | sword for hire | guard duty
ash,mercenary_role,3,train,,pending,mercenary | sellsword | contract | bounty | muscle | sword for hire | guard duty
ash,mercenary_role,4,train,,pending,mercenary | sellsword | contract | bounty | muscle | sword for hire | guard duty
ash,mercenary_role,5,train,,pending,mercenary | sellsword | contract | bounty | muscle | sword for hire | guard duty
ash,mercenary_role,6,train,,pending,mercenary | sellsword | contract | bounty | muscle | sword for hire | guard duty
ash,mercenary_role,7,train,,pending,mercenary | sellsword | contract | bounty | muscle | sword for hire | guard duty
ash,mercenary_role,8,train,,pending,mercenary | sellsword | contract | bounty | muscle | sword for hire | guard duty
ash,mercenary_role,9,train,,pending,mercenary | sellsword | contract | bounty | muscle | sword for hire | guard duty
ash,mercenary_role,10,train,,pending,mercenary | sellsword | contract | bounty | muscle | sword for hire | guard duty
ash,mercenary_role,11,train,,pending,mercenary | sellsword | contract | bounty | muscle | sword for hire | guard duty
ash,mercenary_role,12,train,,pending,mercenary | sellsword | contract | bounty | muscle | sword for hire | guard duty
ash,mercenary_role,13,train,,pending,mercenary | sellsword | contract | bounty | muscle | sword for hire | guard duty
ash,mercenary_role,14,train,,pending,mercenary | sellsword | contract | bounty | muscle | sword for hire | guard duty
ash,mercenary_role,15,train,,pending,mercenary | sellsword | contract | bounty | muscle | sword for hire | guard duty
ash,mercenary_role,16,train,,pending,mercenary | sellsword | contract | bounty | muscle | sword for hire | guard duty
ash,mercenary_role,17,train,,pending,mercenary | sellsword | contract | bounty | muscle | sword for hire | guard duty
ash,mercenary_role,18,train,,pending,mercenary | sellsword | contract | bounty | muscle | sword for hire | guard duty
ash,mercenary_role,19,train,,pending,mercenary | sellsword | contract | bounty | muscle | sword for hire | guard duty
ash,mercenary_role,20,train,,pending,mercenary | sellsword | contract | bounty | muscle | sword for hire | guard duty
ash,mercenary_role,21,validation,,pending,mercenary | sellsword | contract | bounty | muscle | sword for hire | guard duty
ash,mercenary_role,22,validation,,pending,mercenary | sellsword | contract | bounty | muscle | sword for hire | guard duty
ash,mercenary_role,23,validation,,pending,mercenary | sellsword | contract | bounty | muscle | sword for hire | guard duty
ash,mercenary_role,24,validation,,pending,mercenary | sellsword | contract | bounty | muscle | sword for hire | guard duty
ash,mercenary_role,25,validation,,pending,mercenary | sellsword | contract | bounty | muscle | sword for hire | guard duty
ash,mercenary_role,26,test,,pending,mercenary | sellsword | contract | bounty | muscle | sword for hire | guard duty
ash,mercenary_role,27,test,,pending,mercenary | sellsword | contract | bounty | muscle | sword for hire | guard duty
ash,mercenary_role,28,test,,pending,mercenary | sellsword | contract | bounty | muscle | sword for hire | guard duty
ash,mercenary_role,29,test,,pending,mercenary | sellsword | contract | bounty | muscle | sword for hire | guard duty
ash,mercenary_role,30,test,,pending,mercenary | sellsword | contract | bounty | muscle | sword for hire | guard duty
ash,scholar_role,1,train,,pending,scholar | research | archive | manuscript | tome | ancient text | reading
ash,scholar_role,2,train,,pending,scholar | research | archive | manuscript | tome | ancient text | reading
ash,scholar_role,3,train,,pending,scholar | research | archive | manuscript | tome | ancient text | reading
ash,scholar_role,4,train,,pending,scholar | research | archive | manuscript | tome | ancient text | reading
ash,scholar_role,5,train,,pending,scholar | research | archive | manuscript | tome | ancient text | reading
ash,scholar_role,6,train,,pending,scholar | research | archive | manuscript | tome | ancient text | reading
ash,scholar_role,7,train,,pending,scholar | research | archive | manuscript | tome | ancient text | reading
ash,scholar_role,8,train,,pending,scholar | research | archive | manuscript | tome | ancient text | reading
ash,scholar_role,9,train,,pending,scholar | research | archive | manuscript | tome | ancient text | reading
ash,scholar_role,10,train,,pending,scholar | research | archive | manuscript | tome | ancient text | reading
ash,scholar_role,11,train,,pending,scholar | research | archive | manuscript | tome | ancient text | reading
ash,scholar_role,12,train,,pending,scholar | research | archive | manuscript | tome | ancient text | reading
ash,scholar_role,13,train,,pending,scholar | research | archive | manuscript | tome | ancient text | reading
ash,scholar_role,14,train,,pending,scholar | research | archive | manuscript | tome | ancient text | reading
ash,scholar_role,15,train,,pending,scholar | research | archive | manuscript | tome | ancient text | reading
ash,scholar_role,16,train,,pending,scholar | research | archive | manuscript | tome | ancient text | reading
ash,scholar_role,17,train,,pending,scholar | research | archive | manuscript | tome | ancient text | reading
ash,scholar_role,18,train,,pending,scholar | research | archive | manuscript | tome | ancient text | reading
ash,scholar_role,19,train,,pending,scholar | research | archive | manuscript | tome | ancient text | reading
ash,scholar_role,20,train,,pending,scholar | research | archive | manuscript | tome | ancient text | reading
ash,scholar_role,21,validation,,pending,scholar | research | archive | manuscript | tome | ancient text | reading
ash,scholar_role,22,validation,,pending,scholar | research | archive | manuscript | tome | ancient text | reading
ash,scholar_role,23,validation,,pending,scholar | research | archive | manuscript | tome | ancient text | reading
ash,scholar_role,24,validation,,pending,scholar | research | archive | manuscript | tome | ancient text | reading
ash,scholar_role,25,validation,,pending,scholar | research | archive | manuscript | tome | ancient text | reading
ash,scholar_role,26,test,,pending,scholar | research | archive | manuscript | tome | ancient text | reading
ash,scholar_role,27,test,,pending,scholar | research | archive | manuscript | tome | ancient text | reading
ash,scholar_role,28,test,,pending,scholar | research | archive | manuscript | tome | ancient text | reading
ash,scholar_role,29,test,,pending,scholar | research | archive | manuscript | tome | ancient text | reading
ash,scholar_role,30,test,,pending,scholar | research | archive | manuscript | tome | ancient text | reading
ash,merchant_role,1,train,,pending,merchant | trade route | profit | margin | goods | caravan | supply
ash,merchant_role,2,train,,pending,merchant | trade route | profit | margin | goods | caravan | supply
ash,merchant_role,3,train,,pending,merchant | trade route | profit | margin | goods | caravan | supply
ash,merchant_role,4,train,,pending,merchant | trade route | profit | margin | goods | caravan | supply
ash,merchant_role,5,train,,pending,merchant | trade route | profit | margin | goods | caravan | supply
ash,merchant_role,6,train,,pending,merchant | trade route | profit | margin | goods | caravan | supply
ash,merchant_role,7,train,,pending,merchant | trade route | profit | margin | goods | caravan | supply
ash,merchant_role,8,train,,pending,merchant | trade route | profit | margin | goods | caravan | supply
ash,merchant_role,9,train,,pending,merchant | trade route | profit | margin | goods | caravan | supply
ash,merchant_role,10,train,,pending,merchant | trade route | profit | margin | goods | caravan | supply
ash,merchant_role,11,train,,pending,merchant | trade route | profit | margin | goods | caravan | supply
ash,merchant_role,12,train,,pending,merchant | trade route | profit | margin | goods | caravan | supply
ash,merchant_role,13,train,,pending,merchant | trade route | profit | margin | goods | caravan | supply
ash,merchant_role,14,train,,pending,merchant | trade route | profit | margin | goods | caravan | supply
ash,merchant_role,15,train,,pending,merchant | trade route | profit | margin | goods | caravan | supply
ash,merchant_role,16,train,,pending,merchant | trade route | profit | margin | goods | caravan | supply
ash,merchant_role,17,train,,pending,merchant | trade route | profit | margin | goods | caravan | supply
ash,merchant_role,18,train,,pending,merchant | trade route | profit | margin | goods | caravan | supply
ash,merchant_role,19,train,,pending,merchant | trade route | profit | margin | goods | caravan | supply
ash,merchant_role,20,train,,pending,merchant | trade route | profit | margin | goods | caravan | supply
ash,merchant_role,21,validation,,pending,merchant | trade route | profit | margin | goods | caravan | supply
ash,merchant_role,22,validation,,pending,merchant | trade route | profit | margin | goods | caravan | supply
ash,merchant_role,23,validation,,pending,merchant | trade route | profit | margin | goods | caravan | supply
ash,merchant_role,24,validation,,pending,merchant | trade route | profit | margin | goods | caravan | supply
ash,merchant_role,25,validation,,pending,merchant | trade route | profit | margin | goods | caravan | supply
ash,merchant_role,26,test,,pending,merchant | trade route | profit | margin | goods | caravan | supply
ash,merchant_role,27,test,,pending,merchant | trade route | profit | margin | goods | caravan | supply
ash,merchant_role,28,test,,pending,merchant | trade route | profit | margin | goods | caravan | supply
ash,merchant_role,29,test,,pending,merchant | trade route | profit | margin | goods | caravan | supply
ash,merchant_role,30,test,,pending,merchant | trade route | profit | margin | goods | caravan | supply
ash,origin_story,1,train,,pending,your past | where are you from | your origin | how did you get here | why thornhaven
ash,origin_story,2,train,,pending,your past | where are you from | your origin | how did you get here | why thornhaven
ash,origin_story,3,train,,pending,your past | where are you from | your origin | how did you get here | why thornhaven
ash,origin_story,4,train,,pending,your past | where are you from | your origin | how did you get here | why thornhaven
ash,origin_story,5,train,,pending,your past | where are you from | your origin | how did you get here | why thornhaven
ash,origin_story,6,train,,pending,your past | where are you from | your origin | how did you get here | why thornhaven
ash,origin_story,7,train,,pending,your past | where are you from | your origin | how did you get here | why thornhaven
ash,origin_story,8,train,,pending,your past | where are you from | your origin | how did you get here | why thornhaven
ash,origin_story,9,train,,pending,your past | where are you from | your origin | how did you get here | why thornhaven
ash,origin_story,10,train,,pending,your past | where are you from | your origin | how did you get here | why thornhaven
ash,origin_story,11,train,,pending,your past | where are you from | your origin | how did you get here | why thornhaven
ash,origin_story,12,train,,pending,your past | where are you from | your origin | how did you get here | why thornhaven
ash,origin_story,13,train,,pending,your past | where are you from | your origin | how did you get here | why thornhaven
ash,origin_story,14,train,,pending,your past | where are you from | your origin | how did you get here | why thornhaven
ash,origin_story,15,train,,pending,your past | where are you from | your origin | how did you get here | why thornhaven
ash,origin_story,16,train,,pending,your past | where are you from | your origin | how did you get here | why thornhaven
ash,origin_story,17,train,,pending,your past | where are you from | your origin | how did you get here | why thornhaven
ash,origin_story,18,train,,pending,your past | where are you from | your origin | how did you get here | why thornhaven
ash,origin_story,19,train,,pending,your past | where are you from | your origin | how did you get here | why thornhaven
ash,origin_story,20,train,,pending,your past | where are you from | your origin | how did you get here | why thornhaven
ash,origin_story,21,validation,,pending,your past | where are you from | your origin | how did you get here | why thornhaven
ash,origin_story,22,validation,,pending,your past | where are you from | your origin | how did you get here | why thornhaven
ash,origin_story,23,validation,,pending,your past | where are you from | your origin | how did you get here | why thornhaven
ash,origin_story,24,validation,,pending,your past | where are you from | your origin | how did you get here | why thornhaven
ash,origin_story,25,validation,,pending,your past | where are you from | your origin | how did you get here | why thornhaven
ash,origin_story,26,test,,pending,your past | where are you from | your origin | how did you get here | why thornhaven
ash,origin_story,27,test,,pending,your past | where are you from | your origin | how did you get here | why thornhaven
ash,origin_story,28,test,,pending,your past | where are you from | your origin | how did you get here | why thornhaven
ash,origin_story,29,test,,pending,your past | where are you from | your origin | how did you get here | why thornhaven
ash,origin_story,30,test,,pending,your past | where are you from | your origin | how did you get here | why thornhaven
ash,cataclysm_history,1,train,,pending,cataclysm | sundered crown | how seal cracked | ancient war | old history
ash,cataclysm_history,2,train,,pending,cataclysm | sundered crown | how seal cracked | ancient war | old history
ash,cataclysm_history,3,train,,pending,cataclysm | sundered crown | how seal cracked | ancient war | old history
ash,cataclysm_history,4,train,,pending,cataclysm | sundered crown | how seal cracked | ancient war | old history
ash,cataclysm_history,5,train,,pending,cataclysm | sundered crown | how seal cracked | ancient war | old history
ash,cataclysm_history,6,train,,pending,cataclysm | sundered crown | how seal cracked | ancient war | old history
ash,cataclysm_history,7,train,,pending,cataclysm | sundered crown | how seal cracked | ancient war | old history
ash,cataclysm_history,8,train,,pending,cataclysm | sundered crown | how seal cracked | ancient war | old history
ash,cataclysm_history,9,train,,pending,cataclysm | sundered crown | how seal cracked | ancient war | old history
ash,cataclysm_history,10,train,,pending,cataclysm | sundered crown | how seal cracked | ancient war | old history
ash,cataclysm_history,11,train,,pending,cataclysm | sundered crown | how seal cracked | ancient war | old history
ash,cataclysm_history,12,train,,pending,cataclysm | sundered crown | how seal cracked | ancient war | old history
ash,cataclysm_history,13,train,,pending,cataclysm | sundered crown | how seal cracked | ancient war | old history
ash,cataclysm_history,14,train,,pending,cataclysm | sundered crown | how seal cracked | ancient war | old history
ash,cataclysm_history,15,train,,pending,cataclysm | sundered crown | how seal cracked | ancient war | old history
ash,cataclysm_history,16,train,,pending,cataclysm | sundered crown | how seal cracked | ancient war | old history
ash,cataclysm_history,17,train,,pending,cataclysm | sundered crown | how seal cracked | ancient war | old history
ash,cataclysm_history,18,train,,pending,cataclysm | sundered crown | how seal cracked | ancient war | old history
ash,cataclysm_history,19,train,,pending,cataclysm | sundered crown | how seal cracked | ancient war | old history
ash,cataclysm_history,20,train,,pending,cataclysm | sundered crown | how seal cracked | ancient war | old history
ash,cataclysm_history,21,validation,,pending,cataclysm | sundered crown | how seal cracked | ancient war | old history
ash,cataclysm_history,22,validation,,pending,cataclysm | sundered crown | how seal cracked | ancient war | old history
ash,cataclysm_history,23,validation,,pending,cataclysm | sundered crown | how seal cracked | ancient war | old history
ash,cataclysm_history,24,validation,,pending,cataclysm | sundered crown | how seal cracked | ancient war | old history
ash,cataclysm_history,25,validation,,pending,cataclysm | sundered crown | how seal cracked | ancient war | old history
ash,cataclysm_history,26,test,,pending,cataclysm | sundered crown | how seal cracked | ancient war | old history
ash,cataclysm_history,27,test,,pending,cataclysm | sundered crown | how seal cracked | ancient war | old history
ash,cataclysm_history,28,test,,pending,cataclysm | sundered crown | how seal cracked | ancient war | old history
ash,cataclysm_history,29,test,,pending,cataclysm | sundered crown | how seal cracked | ancient war | old history
ash,cataclysm_history,30,test,,pending,cataclysm | sundered crown | how seal cracked | ancient war | old history
finn,adventure_explore,1,train,,pending,adventure | explore | exciting | expedition | discover | find | look for | investigate
finn,adventure_explore,2,train,,pending,adventure | explore | exciting | expedition | discover | find | look for | investigate
finn,adventure_explore,3,train,,pending,adventure | explore | exciting | expedition | discover | find | look for | investigate
finn,adventure_explore,4,train,,pending,adventure | explore | exciting | expedition | discover | find | look for | investigate
finn,adventure_explore,5,train,,pending,adventure | explore | exciting | expedition | discover | find | look for | investigate
finn,adventure_explore,6,train,,pending,adventure | explore | exciting | expedition | discover | find | look for | investigate
finn,adventure_explore,7,train,,pending,adventure | explore | exciting | expedition | discover | find | look for | investigate
finn,adventure_explore,8,train,,pending,adventure | explore | exciting | expedition | discover | find | look for | investigate
finn,adventure_explore,9,train,,pending,adventure | explore | exciting | expedition | discover | find | look for | investigate
finn,adventure_explore,10,train,,pending,adventure | explore | exciting | expedition | discover | find | look for | investigate
finn,adventure_explore,11,train,,pending,adventure | explore | exciting | expedition | discover | find | look for | investigate
finn,adventure_explore,12,train,,pending,adventure | explore | exciting | expedition | discover | find | look for | investigate
finn,adventure_explore,13,train,,pending,adventure | explore | exciting | expedition | discover | find | look for | investigate
finn,adventure_explore,14,train,,pending,adventure | explore | exciting | expedition | discover | find | look for | investigate
finn,adventure_explore,15,train,,pending,adventure | explore | exciting | expedition | discover | find | look for | investigate
finn,adventure_explore,16,train,,pending,adventure | explore | exciting | expedition | discover | find | look for | investigate
finn,adventure_explore,17,train,,pending,adventure | explore | exciting | expedition | discover | find | look for | investigate
finn,adventure_explore,18,train,,pending,adventure | explore | exciting | expedition | discover | find | look for | investigate
finn,adventure_explore,19,train,,pending,adventure | explore | exciting | expedition | discover | find | look for | investigate
finn,adventure_explore,20,train,,pending,adventure | explore | exciting | expedition | discover | find | look for | investigate
finn,adventure_explore,21,validation,,pending,adventure | explore | exciting | expedition | discover | find | look for | investigate
finn,adventure_explore,22,validation,,pending,adventure | explore | exciting | expedition | discover | find | look for | investigate
finn,adventure_explore,23,validation,,pending,adventure | explore | exciting | expedition | discover | find | look for | investigate
finn,adventure_explore,24,validation,,pending,adventure | explore | exciting | expedition | discover | find | look for | investigate
finn,adventure_explore,25,validation,,pending,adventure | explore | exciting | expedition | discover | find | look for | investigate
finn,adventure_explore,26,test,,pending,adventure | explore | exciting | expedition | discover | find | look for | investigate
finn,adventure_explore,27,test,,pending,adventure | explore | exciting | expedition | discover | find | look for | investigate
finn,adventure_explore,28,test,,pending,adventure | explore | exciting | expedition | discover | find | look for | investigate
finn,adventure_explore,29,test,,pending,adventure | explore | exciting | expedition | discover | find | look for | investigate
finn,adventure_explore,30,test,,pending,adventure | explore | exciting | expedition | discover | find | look for | investigate
finn,woods_forest,1,train,,pending,wood | forest | whispering | trees | path | trail | outside | wilderness
finn,woods_forest,2,train,,pending,wood | forest | whispering | trees | path | trail | outside | wilderness
finn,woods_forest,3,train,,pending,wood | forest | whispering | trees | path | trail | outside | wilderness
finn,woods_forest,4,train,,pending,wood | forest | whispering | trees | path | trail | outside | wilderness
finn,woods_forest,5,train,,pending,wood | forest | whispering | trees | path | trail | outside | wilderness
finn,woods_forest,6,train,,pending,wood | forest | whispering | trees | path | trail | outside | wilderness
finn,woods_forest,7,train,,pending,wood | forest | whispering | trees | path | trail | outside | wilderness
finn,woods_forest,8,train,,pending,wood | forest | whispering | trees | path | trail | outside | wilderness
finn,woods_forest,9,train,,pending,wood | forest | whispering | trees | path | trail | outside | wilderness
finn,woods_forest,10,train,,pending,wood | forest | whispering | trees | path | trail | outside | wilderness
finn,woods_forest,11,train,,pending,wood | forest | whispering | trees | path | trail | outside | wilderness
finn,woods_forest,12,train,,pending,wood | forest | whispering | trees | path | trail | outside | wilderness
finn,woods_forest,13,train,,pending,wood | forest | whispering | trees | path | trail | outside | wilderness
finn,woods_forest,14,train,,pending,wood | forest | whispering | trees | path | trail | outside | wilderness
finn,woods_forest,15,train,,pending,wood | forest | whispering | trees | path | trail | outside | wilderness
finn,woods_forest,16,train,,pending,wood | forest | whispering | trees | path | trail | outside | wilderness
finn,woods_forest,17,train,,pending,wood | forest | whispering | trees | path | trail | outside | wilderness
finn,woods_forest,18,train,,pending,wood | forest | whispering | trees | path | trail | outside | wilderness
finn,woods_forest,19,train,,pending,wood | forest | whispering | trees | path | trail | outside | wilderness
finn,woods_forest,20,train,,pending,wood | forest | whispering | trees | path | trail | outside | wilderness
finn,woods_forest,21,validation,,pending,wood | forest | whispering | trees | path | trail | outside | wilderness
finn,woods_forest,22,validation,,pending,wood | forest | whispering | trees | path | trail | outside | wilderness
finn,woods_forest,23,validation,,pending,wood | forest | whispering | trees | path | trail | outside | wilderness
finn,woods_forest,24,validation,,pending,wood | forest | whispering | trees | path | trail | outside | wilderness
finn,woods_forest,25,validation,,pending,wood | forest | whispering | trees | path | trail | outside | wilderness
finn,woods_forest,26,test,,pending,wood | forest | whispering | trees | path | trail | outside | wilderness
finn,woods_forest,27,test,,pending,wood | forest | whispering | trees | path | trail | outside | wilderness
finn,woods_forest,28,test,,pending,wood | forest | whispering | trees | path | trail | outside | wilderness
finn,woods_forest,29,test,,pending,wood | forest | whispering | trees | path | trail | outside | wilderness
finn,woods_forest,30,test,,pending,wood | forest | whispering | trees | path | trail | outside | wilderness
finn,suspicious_spy,1,train,,pending,suspicious | spy | follow | watching | stranger | hooded | weird person | lurking
finn,suspicious_spy,2,train,,pending,suspicious | spy | follow | watching | stranger | hooded | weird person | lurking
finn,suspicious_spy,3,train,,pending,suspicious | spy | follow | watching | stranger | hooded | weird person | lurking
finn,suspicious_spy,4,train,,pending,suspicious | spy | follow | watching | stranger | hooded | weird person | lurking
finn,suspicious_spy,5,train,,pending,suspicious | spy | follow | watching | stranger | hooded | weird person | lurking
finn,suspicious_spy,6,train,,pending,suspicious | spy | follow | watching | stranger | hooded | weird person | lurking
finn,suspicious_spy,7,train,,pending,suspicious | spy | follow | watching | stranger | hooded | weird person | lurking
finn,suspicious_spy,8,train,,pending,suspicious | spy | follow | watching | stranger | hooded | weird person | lurking
finn,suspicious_spy,9,train,,pending,suspicious | spy | follow | watching | stranger | hooded | weird person | lurking
finn,suspicious_spy,10,train,,pending,suspicious | spy | follow | watching | stranger | hooded | weird person | lurking
finn,suspicious_spy,11,train,,pending,suspicious | spy | follow | watching | stranger | hooded | weird person | lurking
finn,suspicious_spy,12,train,,pending,suspicious | spy | follow | watching | stranger | hooded | weird person | lurking
finn,suspicious_spy,13,train,,pending,suspicious | spy | follow | watching | stranger | hooded | weird person | lurking
finn,suspicious_spy,14,train,,pending,suspicious | spy | follow | watching | stranger | hooded | weird person | lurking
finn,suspicious_spy,15,train,,pending,suspicious | spy | follow | watching | stranger | hooded | weird person | lurking
finn,suspicious_spy,16,train,,pending,suspicious | spy | follow | watching | stranger | hooded | weird person | lurking
finn,suspicious_spy,17,train,,pending,suspicious | spy | follow | watching | stranger | hooded | weird person | lurking
finn,suspicious_spy,18,train,,pending,suspicious | spy | follow | watching | stranger | hooded | weird person | lurking
finn,suspicious_spy,19,train,,pending,suspicious | spy | follow | watching | stranger | hooded | weird person | lurking
finn,suspicious_spy,20,train,,pending,suspicious | spy | follow | watching | stranger | hooded | weird person | lurking
finn,suspicious_spy,21,validation,,pending,suspicious | spy | follow | watching | stranger | hooded | weird person | lurking
finn,suspicious_spy,22,validation,,pending,suspicious | spy | follow | watching | stranger | hooded | weird person | lurking
finn,suspicious_spy,23,validation,,pending,suspicious | spy | follow | watching | stranger | hooded | weird person | lurking
finn,suspicious_spy,24,validation,,pending,suspicious | spy | follow | watching | stranger | hooded | weird person | lurking
finn,suspicious_spy,25,validation,,pending,suspicious | spy | follow | watching | stranger | hooded | weird person | lurking
finn,suspicious_spy,26,test,,pending,suspicious | spy | follow | watching | stranger | hooded | weird person | lurking
finn,suspicious_spy,27,test,,pending,suspicious | spy | follow | watching | stranger | hooded | weird person | lurking
finn,suspicious_spy,28,test,,pending,suspicious | spy | follow | watching | stranger | hooded | weird person | lurking
finn,suspicious_spy,29,test,,pending,suspicious | spy | follow | watching | stranger | hooded | weird person | lurking
finn,suspicious_spy,30,test,,pending,suspicious | spy | follow | watching | stranger | hooded | weird person | lurking
finn,ghost_scary,1,train,,pending,ghost | scary | afraid | haunted | spirit | strange noise | sound | moving
finn,ghost_scary,2,train,,pending,ghost | scary | afraid | haunted | spirit | strange noise | sound | moving
finn,ghost_scary,3,train,,pending,ghost | scary | afraid | haunted | spirit | strange noise | sound | moving
finn,ghost_scary,4,train,,pending,ghost | scary | afraid | haunted | spirit | strange noise | sound | moving
finn,ghost_scary,5,train,,pending,ghost | scary | afraid | haunted | spirit | strange noise | sound | moving
finn,ghost_scary,6,train,,pending,ghost | scary | afraid | haunted | spirit | strange noise | sound | moving
finn,ghost_scary,7,train,,pending,ghost | scary | afraid | haunted | spirit | strange noise | sound | moving
finn,ghost_scary,8,train,,pending,ghost | scary | afraid | haunted | spirit | strange noise | sound | moving
finn,ghost_scary,9,train,,pending,ghost | scary | afraid | haunted | spirit | strange noise | sound | moving
finn,ghost_scary,10,train,,pending,ghost | scary | afraid | haunted | spirit | strange noise | sound | moving
finn,ghost_scary,11,train,,pending,ghost | scary | afraid | haunted | spirit | strange noise | sound | moving
finn,ghost_scary,12,train,,pending,ghost | scary | afraid | haunted | spirit | strange noise | sound | moving
finn,ghost_scary,13,train,,pending,ghost | scary | afraid | haunted | spirit | strange noise | sound | moving
finn,ghost_scary,14,train,,pending,ghost | scary | afraid | haunted | spirit | strange noise | sound | moving
finn,ghost_scary,15,train,,pending,ghost | scary | afraid | haunted | spirit | strange noise | sound | moving
finn,ghost_scary,16,train,,pending,ghost | scary | afraid | haunted | spirit | strange noise | sound | moving
finn,ghost_scary,17,train,,pending,ghost | scary | afraid | haunted | spirit | strange noise | sound | moving
finn,ghost_scary,18,train,,pending,ghost | scary | afraid | haunted | spirit | strange noise | sound | moving
finn,ghost_scary,19,train,,pending,ghost | scary | afraid | haunted | spirit | strange noise | sound | moving
finn,ghost_scary,20,train,,pending,ghost | scary | afraid | haunted | spirit | strange noise | sound | moving
finn,ghost_scary,21,validation,,pending,ghost | scary | afraid | haunted | spirit | strange noise | sound | moving
finn,ghost_scary,22,validation,,pending,ghost | scary | afraid | haunted | spirit | strange noise | sound | moving
finn,ghost_scary,23,validation,,pending,ghost | scary | afraid | haunted | spirit | strange noise | sound | moving
finn,ghost_scary,24,validation,,pending,ghost | scary | afraid | haunted | spirit | strange noise | sound | moving
finn,ghost_scary,25,validation,,pending,ghost | scary | afraid | haunted | spirit | strange noise | sound | moving
finn,ghost_scary,26,test,,pending,ghost | scary | afraid | haunted | spirit | strange noise | sound | moving
finn,ghost_scary,27,test,,pending,ghost | scary | afraid | haunted | spirit | strange noise | sound | moving
finn,ghost_scary,28,test,,pending,ghost | scary | afraid | haunted | spirit | strange noise | sound | moving
finn,ghost_scary,29,test,,pending,ghost | scary | afraid | haunted | spirit | strange noise | sound | moving
finn,ghost_scary,30,test,,pending,ghost | scary | afraid | haunted | spirit | strange noise | sound | moving
finn,sam_forge,1,train,,pending,sam | forge | blacksmith | smith | anvil | metal | fire | sparks | bellows
finn,sam_forge,2,train,,pending,sam | forge | blacksmith | smith | anvil | metal | fire | sparks | bellows
finn,sam_forge,3,train,,pending,sam | forge | blacksmith | smith | anvil | metal | fire | sparks | bellows
finn,sam_forge,4,train,,pending,sam | forge | blacksmith | smith | anvil | metal | fire | sparks | bellows
finn,sam_forge,5,train,,pending,sam | forge | blacksmith | smith | anvil | metal | fire | sparks | bellows
finn,sam_forge,6,train,,pending,sam | forge | blacksmith | smith | anvil | metal | fire | sparks | bellows
finn,sam_forge,7,train,,pending,sam | forge | blacksmith | smith | anvil | metal | fire | sparks | bellows
finn,sam_forge,8,train,,pending,sam | forge | blacksmith | smith | anvil | metal | fire | sparks | bellows
finn,sam_forge,9,train,,pending,sam | forge | blacksmith | smith | anvil | metal | fire | sparks | bellows
finn,sam_forge,10,train,,pending,sam | forge | blacksmith | smith | anvil | metal | fire | sparks | bellows
finn,sam_forge,11,train,,pending,sam | forge | blacksmith | smith | anvil | metal | fire | sparks | bellows
finn,sam_forge,12,train,,pending,sam | forge | blacksmith | smith | anvil | metal | fire | sparks | bellows
finn,sam_forge,13,train,,pending,sam | forge | blacksmith | smith | anvil | metal | fire | sparks | bellows
finn,sam_forge,14,train,,pending,sam | forge | blacksmith | smith | anvil | metal | fire | sparks | bellows
finn,sam_forge,15,train,,pending,sam | forge | blacksmith | smith | anvil | metal | fire | sparks | bellows
finn,sam_forge,16,train,,pending,sam | forge | blacksmith | smith | anvil | metal | fire | sparks | bellows
finn,sam_forge,17,train,,pending,sam | forge | blacksmith | smith | anvil | metal | fire | sparks | bellows
finn,sam_forge,18,train,,pending,sam | forge | blacksmith | smith | anvil | metal | fire | sparks | bellows
finn,sam_forge,19,train,,pending,sam | forge | blacksmith | smith | anvil | metal | fire | sparks | bellows
finn,sam_forge,20,train,,pending,sam | forge | blacksmith | smith | anvil | metal | fire | sparks | bellows
finn,sam_forge,21,validation,,pending,sam | forge | blacksmith | smith | anvil | metal | fire | sparks | bellows
finn,sam_forge,22,validation,,pending,sam | forge | blacksmith | smith | anvil | metal | fire | sparks | bellows
finn,sam_forge,23,validation,,pending,sam | forge | blacksmith | smith | anvil | metal | fire | sparks | bellows
finn,sam_forge,24,validation,,pending,sam | forge | blacksmith | smith | anvil | metal | fire | sparks | bellows
finn,sam_forge,25,validation,,pending,sam | forge | blacksmith | smith | anvil | metal | fire | sparks | bellows
finn,sam_forge,26,test,,pending,sam | forge | blacksmith | smith | anvil | metal | fire | sparks | bellows
finn,sam_forge,27,test,,pending,sam | forge | blacksmith | smith | anvil | metal | fire | sparks | bellows
finn,sam_forge,28,test,,pending,sam | forge | blacksmith | smith | anvil | metal | fire | sparks | bellows
finn,sam_forge,29,test,,pending,sam | forge | blacksmith | smith | anvil | metal | fire | sparks | bellows
finn,sam_forge,30,test,,pending,sam | forge | blacksmith | smith | anvil | metal | fire | sparks | bellows
finn,merchant_missing,1,train,,pending,merchant | missing | disappeared | trader | cart | nobody talking
finn,merchant_missing,2,train,,pending,merchant | missing | disappeared | trader | cart | nobody talking
finn,merchant_missing,3,train,,pending,merchant | missing | disappeared | trader | cart | nobody talking
finn,merchant_missing,4,train,,pending,merchant | missing | disappeared | trader | cart | nobody talking
finn,merchant_missing,5,train,,pending,merchant | missing | disappeared | trader | cart | nobody talking
finn,merchant_missing,6,train,,pending,merchant | missing | disappeared | trader | cart | nobody talking
finn,merchant_missing,7,train,,pending,merchant | missing | disappeared | trader | cart | nobody talking
finn,merchant_missing,8,train,,pending,merchant | missing | disappeared | trader | cart | nobody talking
finn,merchant_missing,9,train,,pending,merchant | missing | disappeared | trader | cart | nobody talking
finn,merchant_missing,10,train,,pending,merchant | missing | disappeared | trader | cart | nobody talking
finn,merchant_missing,11,train,,pending,merchant | missing | disappeared | trader | cart | nobody talking
finn,merchant_missing,12,train,,pending,merchant | missing | disappeared | trader | cart | nobody talking
finn,merchant_missing,13,train,,pending,merchant | missing | disappeared | trader | cart | nobody talking
finn,merchant_missing,14,train,,pending,merchant | missing | disappeared | trader | cart | nobody talking
finn,merchant_missing,15,train,,pending,merchant | missing | disappeared | trader | cart | nobody talking
finn,merchant_missing,16,train,,pending,merchant | missing | disappeared | trader | cart | nobody talking
finn,merchant_missing,17,train,,pending,merchant | missing | disappeared | trader | cart | nobody talking
finn,merchant_missing,18,train,,pending,merchant | missing | disappeared | trader | cart | nobody talking
finn,merchant_missing,19,train,,pending,merchant | missing | disappeared | trader | cart | nobody talking
finn,merchant_missing,20,train,,pending,merchant | missing | disappeared | trader | cart | nobody talking
finn,merchant_missing,21,validation,,pending,merchant | missing | disappeared | trader | cart | nobody talking
finn,merchant_missing,22,validation,,pending,merchant | missing | disappeared | trader | cart | nobody talking
finn,merchant_missing,23,validation,,pending,merchant | missing | disappeared | trader | cart | nobody talking
finn,merchant_missing,24,validation,,pending,merchant | missing | disappeared | trader | cart | nobody talking
finn,merchant_missing,25,validation,,pending,merchant | missing | disappeared | trader | cart | nobody talking
finn,merchant_missing,26,test,,pending,merchant | missing | disappeared | trader | cart | nobody talking
finn,merchant_missing,27,test,,pending,merchant | missing | disappeared | trader | cart | nobody talking
finn,merchant_missing,28,test,,pending,merchant | missing | disappeared | trader | cart | nobody talking
finn,merchant_missing,29,test,,pending,merchant | missing | disappeared | trader | cart | nobody talking
finn,merchant_missing,30,test,,pending,merchant | missing | disappeared | trader | cart | nobody talking
finn,ruth_elder,1,train,,pending,tabitha | elder | old woman | sage | lore | wise | scary lady | tabitha
finn,ruth_elder,2,train,,pending,tabitha | elder | old woman | sage | lore | wise | scary lady | tabitha
finn,ruth_elder,3,train,,pending,tabitha | elder | old woman | sage | lore | wise | scary lady | tabitha
finn,ruth_elder,4,train,,pending,tabitha | elder | old woman | sage | lore | wise | scary lady | tabitha
finn,ruth_elder,5,train,,pending,tabitha | elder | old woman | sage | lore | wise | scary lady | tabitha
finn,ruth_elder,6,train,,pending,tabitha | elder | old woman | sage | lore | wise | scary lady | tabitha
finn,ruth_elder,7,train,,pending,tabitha | elder | old woman | sage | lore | wise | scary lady | tabitha
finn,ruth_elder,8,train,,pending,tabitha | elder | old woman | sage | lore | wise | scary lady | tabitha
finn,ruth_elder,9,train,,pending,tabitha | elder | old woman | sage | lore | wise | scary lady | tabitha
finn,ruth_elder,10,train,,pending,tabitha | elder | old woman | sage | lore | wise | scary lady | tabitha
finn,ruth_elder,11,train,,pending,tabitha | elder | old woman | sage | lore | wise | scary lady | tabitha
finn,ruth_elder,12,train,,pending,tabitha | elder | old woman | sage | lore | wise | scary lady | tabitha
finn,ruth_elder,13,train,,pending,tabitha | elder | old woman | sage | lore | wise | scary lady | tabitha
finn,ruth_elder,14,train,,pending,tabitha | elder | old woman | sage | lore | wise | scary lady | tabitha
finn,ruth_elder,15,train,,pending,tabitha | elder | old woman | sage | lore | wise | scary lady | tabitha
finn,ruth_elder,16,train,,pending,tabitha | elder | old woman | sage | lore | wise | scary lady | tabitha
finn,ruth_elder,17,train,,pending,tabitha | elder | old woman | sage | lore | wise | scary lady | tabitha
finn,ruth_elder,18,train,,pending,tabitha | elder | old woman | sage | lore | wise | scary lady | tabitha
finn,ruth_elder,19,train,,pending,tabitha | elder | old woman | sage | lore | wise | scary lady | tabitha
finn,ruth_elder,20,train,,pending,tabitha | elder | old woman | sage | lore | wise | scary lady | tabitha
finn,ruth_elder,21,validation,,pending,tabitha | elder | old woman | sage | lore | wise | scary lady | tabitha
finn,ruth_elder,22,validation,,pending,tabitha | elder | old woman | sage | lore | wise | scary lady | tabitha
finn,ruth_elder,23,validation,,pending,tabitha | elder | old woman | sage | lore | wise | scary lady | tabitha
finn,ruth_elder,24,validation,,pending,tabitha | elder | old woman | sage | lore | wise | scary lady | tabitha
finn,ruth_elder,25,validation,,pending,tabitha | elder | old woman | sage | lore | wise | scary lady | tabitha
finn,ruth_elder,26,test,,pending,tabitha | elder | old woman | sage | lore | wise | scary lady | tabitha
finn,ruth_elder,27,test,,pending,tabitha | elder | old woman | sage | lore | wise | scary lady | tabitha
finn,ruth_elder,28,test,,pending,tabitha | elder | old woman | sage | lore | wise | scary lady | tabitha
finn,ruth_elder,29,test,,pending,tabitha | elder | old woman | sage | lore | wise | scary lady | tabitha
finn,ruth_elder,30,test,,pending,tabitha | elder | old woman | sage | lore | wise | scary lady | tabitha
finn,secret_hidden,1,train,,pending,secret | hidden | find | discover | clue | mystery | puzzle | solving
finn,secret_hidden,2,train,,pending,secret | hidden | find | discover | clue | mystery | puzzle | solving
finn,secret_hidden,3,train,,pending,secret | hidden | find | discover | clue | mystery | puzzle | solving
finn,secret_hidden,4,train,,pending,secret | hidden | find | discover | clue | mystery | puzzle | solving
finn,secret_hidden,5,train,,pending,secret | hidden | find | discover | clue | mystery | puzzle | solving
finn,secret_hidden,6,train,,pending,secret | hidden | find | discover | clue | mystery | puzzle | solving
finn,secret_hidden,7,train,,pending,secret | hidden | find | discover | clue | mystery | puzzle | solving
finn,secret_hidden,8,train,,pending,secret | hidden | find | discover | clue | mystery | puzzle | solving
finn,secret_hidden,9,train,,pending,secret | hidden | find | discover | clue | mystery | puzzle | solving
finn,secret_hidden,10,train,,pending,secret | hidden | find | discover | clue | mystery | puzzle | solving
finn,secret_hidden,11,train,,pending,secret | hidden | find | discover | clue | mystery | puzzle | solving
finn,secret_hidden,12,train,,pending,secret | hidden | find | discover | clue | mystery | puzzle | solving
finn,secret_hidden,13,train,,pending,secret | hidden | find | discover | clue | mystery | puzzle | solving
finn,secret_hidden,14,train,,pending,secret | hidden | find | discover | clue | mystery | puzzle | solving
finn,secret_hidden,15,train,,pending,secret | hidden | find | discover | clue | mystery | puzzle | solving
finn,secret_hidden,16,train,,pending,secret | hidden | find | discover | clue | mystery | puzzle | solving
finn,secret_hidden,17,train,,pending,secret | hidden | find | discover | clue | mystery | puzzle | solving
finn,secret_hidden,18,train,,pending,secret | hidden | find | discover | clue | mystery | puzzle | solving
finn,secret_hidden,19,train,,pending,secret | hidden | find | discover | clue | mystery | puzzle | solving
finn,secret_hidden,20,train,,pending,secret | hidden | find | discover | clue | mystery | puzzle | solving
finn,secret_hidden,21,validation,,pending,secret | hidden | find | discover | clue | mystery | puzzle | solving
finn,secret_hidden,22,validation,,pending,secret | hidden | find | discover | clue | mystery | puzzle | solving
finn,secret_hidden,23,validation,,pending,secret | hidden | find | discover | clue | mystery | puzzle | solving
finn,secret_hidden,24,validation,,pending,secret | hidden | find | discover | clue | mystery | puzzle | solving
finn,secret_hidden,25,validation,,pending,secret | hidden | find | discover | clue | mystery | puzzle | solving
finn,secret_hidden,26,test,,pending,secret | hidden | find | discover | clue | mystery | puzzle | solving
finn,secret_hidden,27,test,,pending,secret | hidden | find | discover | clue | mystery | puzzle | solving
finn,secret_hidden,28,test,,pending,secret | hidden | find | discover | clue | mystery | puzzle | solving
finn,secret_hidden,29,test,,pending,secret | hidden | find | discover | clue | mystery | puzzle | solving
finn,secret_hidden,30,test,,pending,secret | hidden | find | discover | clue | mystery | puzzle | solving
finn,creature_monster,1,train,,pending,wolf | creature | monster | beast | animal | dire | dangerous animal
finn,creature_monster,2,train,,pending,wolf | creature | monster | beast | animal | dire | dangerous animal
finn,creature_monster,3,train,,pending,wolf | creature | monster | beast | animal | dire | dangerous animal
finn,creature_monster,4,train,,pending,wolf | creature | monster | beast | animal | dire | dangerous animal
finn,creature_monster,5,train,,pending,wolf | creature | monster | beast | animal | dire | dangerous animal
finn,creature_monster,6,train,,pending,wolf | creature | monster | beast | animal | dire | dangerous animal
finn,creature_monster,7,train,,pending,wolf | creature | monster | beast | animal | dire | dangerous animal
finn,creature_monster,8,train,,pending,wolf | creature | monster | beast | animal | dire | dangerous animal
finn,creature_monster,9,train,,pending,wolf | creature | monster | beast | animal | dire | dangerous animal
finn,creature_monster,10,train,,pending,wolf | creature | monster | beast | animal | dire | dangerous animal
finn,creature_monster,11,train,,pending,wolf | creature | monster | beast | animal | dire | dangerous animal
finn,creature_monster,12,train,,pending,wolf | creature | monster | beast | animal | dire | dangerous animal
finn,creature_monster,13,train,,pending,wolf | creature | monster | beast | animal | dire | dangerous animal
finn,creature_monster,14,train,,pending,wolf | creature | monster | beast | animal | dire | dangerous animal
finn,creature_monster,15,train,,pending,wolf | creature | monster | beast | animal | dire | dangerous animal
finn,creature_monster,16,train,,pending,wolf | creature | monster | beast | animal | dire | dangerous animal
finn,creature_monster,17,train,,pending,wolf | creature | monster | beast | animal | dire | dangerous animal
finn,creature_monster,18,train,,pending,wolf | creature | monster | beast | animal | dire | dangerous animal
finn,creature_monster,19,train,,pending,wolf | creature | monster | beast | animal | dire | dangerous animal
finn,creature_monster,20,train,,pending,wolf | creature | monster | beast | animal | dire | dangerous animal
finn,creature_monster,21,validation,,pending,wolf | creature | monster | beast | animal | dire | dangerous animal
finn,creature_monster,22,validation,,pending,wolf | creature | monster | beast | animal | dire | dangerous animal
finn,creature_monster,23,validation,,pending,wolf | creature | monster | beast | animal | dire | dangerous animal
finn,creature_monster,24,validation,,pending,wolf | creature | monster | beast | animal | dire | dangerous animal
finn,creature_monster,25,validation,,pending,wolf | creature | monster | beast | animal | dire | dangerous animal
finn,creature_monster,26,test,,pending,wolf | creature | monster | beast | animal | dire | dangerous animal
finn,creature_monster,27,test,,pending,wolf | creature | monster | beast | animal | dire | dangerous animal
finn,creature_monster,28,test,,pending,wolf | creature | monster | beast | animal | dire | dangerous animal
finn,creature_monster,29,test,,pending,wolf | creature | monster | beast | animal | dire | dangerous animal
finn,creature_monster,30,test,,pending,wolf | creature | monster | beast | animal | dire | dangerous animal
finn,scout_role,1,train,,pending,scout | tracking | trails | navigation | ridges | rooftops | lookout
finn,scout_role,2,train,,pending,scout | tracking | trails | navigation | ridges | rooftops | lookout
finn,scout_role,3,train,,pending,scout | tracking | trails | navigation | ridges | rooftops | lookout
finn,scout_role,4,train,,pending,scout | tracking | trails | navigation | ridges | rooftops | lookout
finn,scout_role,5,train,,pending,scout | tracking | trails | navigation | ridges | rooftops | lookout
finn,scout_role,6,train,,pending,scout | tracking | trails | navigation | ridges | rooftops | lookout
finn,scout_role,7,train,,pending,scout | tracking | trails | navigation | ridges | rooftops | lookout
finn,scout_role,8,train,,pending,scout | tracking | trails | navigation | ridges | rooftops | lookout
finn,scout_role,9,train,,pending,scout | tracking | trails | navigation | ridges | rooftops | lookout
finn,scout_role,10,train,,pending,scout | tracking | trails | navigation | ridges | rooftops | lookout
finn,scout_role,11,train,,pending,scout | tracking | trails | navigation | ridges | rooftops | lookout
finn,scout_role,12,train,,pending,scout | tracking | trails | navigation | ridges | rooftops | lookout
finn,scout_role,13,train,,pending,scout | tracking | trails | navigation | ridges | rooftops | lookout
finn,scout_role,14,train,,pending,scout | tracking | trails | navigation | ridges | rooftops | lookout
finn,scout_role,15,train,,pending,scout | tracking | trails | navigation | ridges | rooftops | lookout
finn,scout_role,16,train,,pending,scout | tracking | trails | navigation | ridges | rooftops | lookout
finn,scout_role,17,train,,pending,scout | tracking | trails | navigation | ridges | rooftops | lookout
finn,scout_role,18,train,,pending,scout | tracking | trails | navigation | ridges | rooftops | lookout
finn,scout_role,19,train,,pending,scout | tracking | trails | navigation | ridges | rooftops | lookout
finn,scout_role,20,train,,pending,scout | tracking | trails | navigation | ridges | rooftops | lookout
finn,scout_role,21,validation,,pending,scout | tracking | trails | navigation | ridges | rooftops | lookout
finn,scout_role,22,validation,,pending,scout | tracking | trails | navigation | ridges | rooftops | lookout
finn,scout_role,23,validation,,pending,scout | tracking | trails | navigation | ridges | rooftops | lookout
finn,scout_role,24,validation,,pending,scout | tracking | trails | navigation | ridges | rooftops | lookout
finn,scout_role,25,validation,,pending,scout | tracking | trails | navigation | ridges | rooftops | lookout
finn,scout_role,26,test,,pending,scout | tracking | trails | navigation | ridges | rooftops | lookout
finn,scout_role,27,test,,pending,scout | tracking | trails | navigation | ridges | rooftops | lookout
finn,scout_role,28,test,,pending,scout | tracking | trails | navigation | ridges | rooftops | lookout
finn,scout_role,29,test,,pending,scout | tracking | trails | navigation | ridges | rooftops | lookout
finn,scout_role,30,test,,pending,scout | tracking | trails | navigation | ridges | rooftops | lookout
finn,mercenary_role,1,train,,pending,mercenary | warrior | sword fighting | combat moves | fighting beasts
finn,mercenary_role,2,train,,pending,mercenary | warrior | sword fighting | combat moves | fighting beasts
finn,mercenary_role,3,train,,pending,mercenary | warrior | sword fighting | combat moves | fighting beasts
finn,mercenary_role,4,train,,pending,mercenary | warrior | sword fighting | combat moves | fighting beasts
finn,mercenary_role,5,train,,pending,mercenary | warrior | sword fighting | combat moves | fighting beasts
finn,mercenary_role,6,train,,pending,mercenary | warrior | sword fighting | combat moves | fighting beasts
finn,mercenary_role,7,train,,pending,mercenary | warrior | sword fighting | combat moves | fighting beasts
finn,mercenary_role,8,train,,pending,mercenary | warrior | sword fighting | combat moves | fighting beasts
finn,mercenary_role,9,train,,pending,mercenary | warrior | sword fighting | combat moves | fighting beasts
finn,mercenary_role,10,train,,pending,mercenary | warrior | sword fighting | combat moves | fighting beasts
finn,mercenary_role,11,train,,pending,mercenary | warrior | sword fighting | combat moves | fighting beasts
finn,mercenary_role,12,train,,pending,mercenary | warrior | sword fighting | combat moves | fighting beasts
finn,mercenary_role,13,train,,pending,mercenary | warrior | sword fighting | combat moves | fighting beasts
finn,mercenary_role,14,train,,pending,mercenary | warrior | sword fighting | combat moves | fighting beasts
finn,mercenary_role,15,train,,pending,mercenary | warrior | sword fighting | combat moves | fighting beasts
finn,mercenary_role,16,train,,pending,mercenary | warrior | sword fighting | combat moves | fighting beasts
finn,mercenary_role,17,train,,pending,mercenary | warrior | sword fighting | combat moves | fighting beasts
finn,mercenary_role,18,train,,pending,mercenary | warrior | sword fighting | combat moves | fighting beasts
finn,mercenary_role,19,train,,pending,mercenary | warrior | sword fighting | combat moves | fighting beasts
finn,mercenary_role,20,train,,pending,mercenary | warrior | sword fighting | combat moves | fighting beasts
finn,mercenary_role,21,validation,,pending,mercenary | warrior | sword fighting | combat moves | fighting beasts
finn,mercenary_role,22,validation,,pending,mercenary | warrior | sword fighting | combat moves | fighting beasts
finn,mercenary_role,23,validation,,pending,mercenary | warrior | sword fighting | combat moves | fighting beasts
finn,mercenary_role,24,validation,,pending,mercenary | warrior | sword fighting | combat moves | fighting beasts
finn,mercenary_role,25,validation,,pending,mercenary | warrior | sword fighting | combat moves | fighting beasts
finn,mercenary_role,26,test,,pending,mercenary | warrior | sword fighting | combat moves | fighting beasts
finn,mercenary_role,27,test,,pending,mercenary | warrior | sword fighting | combat moves | fighting beasts
finn,mercenary_role,28,test,,pending,mercenary | warrior | sword fighting | combat moves | fighting beasts
finn,mercenary_role,29,test,,pending,mercenary | warrior | sword fighting | combat moves | fighting beasts
finn,mercenary_role,30,test,,pending,mercenary | warrior | sword fighting | combat moves | fighting beasts
finn,origin_story,1,train,,pending,your past | your family | miller | growing up | how long here
finn,origin_story,2,train,,pending,your past | your family | miller | growing up | how long here
finn,origin_story,3,train,,pending,your past | your family | miller | growing up | how long here
finn,origin_story,4,train,,pending,your past | your family | miller | growing up | how long here
finn,origin_story,5,train,,pending,your past | your family | miller | growing up | how long here
finn,origin_story,6,train,,pending,your past | your family | miller | growing up | how long here
finn,origin_story,7,train,,pending,your past | your family | miller | growing up | how long here
finn,origin_story,8,train,,pending,your past | your family | miller | growing up | how long here
finn,origin_story,9,train,,pending,your past | your family | miller | growing up | how long here
finn,origin_story,10,train,,pending,your past | your family | miller | growing up | how long here
finn,origin_story,11,train,,pending,your past | your family | miller | growing up | how long here
finn,origin_story,12,train,,pending,your past | your family | miller | growing up | how long here
finn,origin_story,13,train,,pending,your past | your family | miller | growing up | how long here
finn,origin_story,14,train,,pending,your past | your family | miller | growing up | how long here
finn,origin_story,15,train,,pending,your past | your family | miller | growing up | how long here
finn,origin_story,16,train,,pending,your past | your family | miller | growing up | how long here
finn,origin_story,17,train,,pending,your past | your family | miller | growing up | how long here
finn,origin_story,18,train,,pending,your past | your family | miller | growing up | how long here
finn,origin_story,19,train,,pending,your past | your family | miller | growing up | how long here
finn,origin_story,20,train,,pending,your past | your family | miller | growing up | how long here
finn,origin_story,21,validation,,pending,your past | your family | miller | growing up | how long here
finn,origin_story,22,validation,,pending,your past | your family | miller | growing up | how long here
finn,origin_story,23,validation,,pending,your past | your family | miller | growing up | how long here
finn,origin_story,24,validation,,pending,your past | your family | miller | growing up | how long here
finn,origin_story,25,validation,,pending,your past | your family | miller | growing up | how long here
finn,origin_story,26,test,,pending,your past | your family | miller | growing up | how long here
finn,origin_story,27,test,,pending,your past | your family | miller | growing up | how long here
finn,origin_story,28,test,,pending,your past | your family | miller | growing up | how long here
finn,origin_story,29,test,,pending,your past | your family | miller | growing up | how long here
finn,origin_story,30,test,,pending,your past | your family | miller | growing up | how long here
finn,monsters_and_wildlife,1,train,,pending,dire wolf | wolves | beasts | forest danger | goblin tracks
finn,monsters_and_wildlife,2,train,,pending,dire wolf | wolves | beasts | forest danger | goblin tracks
finn,monsters_and_wildlife,3,train,,pending,dire wolf | wolves | beasts | forest danger | goblin tracks
finn,monsters_and_wildlife,4,train,,pending,dire wolf | wolves | beasts | forest danger | goblin tracks
finn,monsters_and_wildlife,5,train,,pending,dire wolf | wolves | beasts | forest danger | goblin tracks
finn,monsters_and_wildlife,6,train,,pending,dire wolf | wolves | beasts | forest danger | goblin tracks
finn,monsters_and_wildlife,7,train,,pending,dire wolf | wolves | beasts | forest danger | goblin tracks
finn,monsters_and_wildlife,8,train,,pending,dire wolf | wolves | beasts | forest danger | goblin tracks
finn,monsters_and_wildlife,9,train,,pending,dire wolf | wolves | beasts | forest danger | goblin tracks
finn,monsters_and_wildlife,10,train,,pending,dire wolf | wolves | beasts | forest danger | goblin tracks
finn,monsters_and_wildlife,11,train,,pending,dire wolf | wolves | beasts | forest danger | goblin tracks
finn,monsters_and_wildlife,12,train,,pending,dire wolf | wolves | beasts | forest danger | goblin tracks
finn,monsters_and_wildlife,13,train,,pending,dire wolf | wolves | beasts | forest danger | goblin tracks
finn,monsters_and_wildlife,14,train,,pending,dire wolf | wolves | beasts | forest danger | goblin tracks
finn,monsters_and_wildlife,15,train,,pending,dire wolf | wolves | beasts | forest danger | goblin tracks
finn,monsters_and_wildlife,16,train,,pending,dire wolf | wolves | beasts | forest danger | goblin tracks
finn,monsters_and_wildlife,17,train,,pending,dire wolf | wolves | beasts | forest danger | goblin tracks
finn,monsters_and_wildlife,18,train,,pending,dire wolf | wolves | beasts | forest danger | goblin tracks
finn,monsters_and_wildlife,19,train,,pending,dire wolf | wolves | beasts | forest danger | goblin tracks
finn,monsters_and_wildlife,20,train,,pending,dire wolf | wolves | beasts | forest danger | goblin tracks
finn,monsters_and_wildlife,21,validation,,pending,dire wolf | wolves | beasts | forest danger | goblin tracks
finn,monsters_and_wildlife,22,validation,,pending,dire wolf | wolves | beasts | forest danger | goblin tracks
finn,monsters_and_wildlife,23,validation,,pending,dire wolf | wolves | beasts | forest danger | goblin tracks
finn,monsters_and_wildlife,24,validation,,pending,dire wolf | wolves | beasts | forest danger | goblin tracks
finn,monsters_and_wildlife,25,validation,,pending,dire wolf | wolves | beasts | forest danger | goblin tracks
finn,monsters_and_wildlife,26,test,,pending,dire wolf | wolves | beasts | forest danger | goblin tracks
finn,monsters_and_wildlife,27,test,,pending,dire wolf | wolves | beasts | forest danger | goblin tracks
finn,monsters_and_wildlife,28,test,,pending,dire wolf | wolves | beasts | forest danger | goblin tracks
finn,monsters_and_wildlife,29,test,,pending,dire wolf | wolves | beasts | forest danger | goblin tracks
finn,monsters_and_wildlife,30,test,,pending,dire wolf | wolves | beasts | forest danger | goblin tracks
eva,remedy_potion,1,train,,pending,potion | remedy | tincture | cure | medicine | draught | elixir | brew | treatment
eva,remedy_potion,2,train,,pending,potion | remedy | tincture | cure | medicine | draught | elixir | brew | treatment
eva,remedy_potion,3,train,,pending,potion | remedy | tincture | cure | medicine | draught | elixir | brew | treatment
eva,remedy_potion,4,train,,pending,potion | remedy | tincture | cure | medicine | draught | elixir | brew | treatment
eva,remedy_potion,5,train,,pending,potion | remedy | tincture | cure | medicine | draught | elixir | brew | treatment
eva,remedy_potion,6,train,,pending,potion | remedy | tincture | cure | medicine | draught | elixir | brew | treatment
eva,remedy_potion,7,train,,pending,potion | remedy | tincture | cure | medicine | draught | elixir | brew | treatment
eva,remedy_potion,8,train,,pending,potion | remedy | tincture | cure | medicine | draught | elixir | brew | treatment
eva,remedy_potion,9,train,,pending,potion | remedy | tincture | cure | medicine | draught | elixir | brew | treatment
eva,remedy_potion,10,train,,pending,potion | remedy | tincture | cure | medicine | draught | elixir | brew | treatment
eva,remedy_potion,11,train,,pending,potion | remedy | tincture | cure | medicine | draught | elixir | brew | treatment
eva,remedy_potion,12,train,,pending,potion | remedy | tincture | cure | medicine | draught | elixir | brew | treatment
eva,remedy_potion,13,train,,pending,potion | remedy | tincture | cure | medicine | draught | elixir | brew | treatment
eva,remedy_potion,14,train,,pending,potion | remedy | tincture | cure | medicine | draught | elixir | brew | treatment
eva,remedy_potion,15,train,,pending,potion | remedy | tincture | cure | medicine | draught | elixir | brew | treatment
eva,remedy_potion,16,train,,pending,potion | remedy | tincture | cure | medicine | draught | elixir | brew | treatment
eva,remedy_potion,17,train,,pending,potion | remedy | tincture | cure | medicine | draught | elixir | brew | treatment
eva,remedy_potion,18,train,,pending,potion | remedy | tincture | cure | medicine | draught | elixir | brew | treatment
eva,remedy_potion,19,train,,pending,potion | remedy | tincture | cure | medicine | draught | elixir | brew | treatment
eva,remedy_potion,20,train,,pending,potion | remedy | tincture | cure | medicine | draught | elixir | brew | treatment
eva,remedy_potion,21,validation,,pending,potion | remedy | tincture | cure | medicine | draught | elixir | brew | treatment
eva,remedy_potion,22,validation,,pending,potion | remedy | tincture | cure | medicine | draught | elixir | brew | treatment
eva,remedy_potion,23,validation,,pending,potion | remedy | tincture | cure | medicine | draught | elixir | brew | treatment
eva,remedy_potion,24,validation,,pending,potion | remedy | tincture | cure | medicine | draught | elixir | brew | treatment
eva,remedy_potion,25,validation,,pending,potion | remedy | tincture | cure | medicine | draught | elixir | brew | treatment
eva,remedy_potion,26,test,,pending,potion | remedy | tincture | cure | medicine | draught | elixir | brew | treatment
eva,remedy_potion,27,test,,pending,potion | remedy | tincture | cure | medicine | draught | elixir | brew | treatment
eva,remedy_potion,28,test,,pending,potion | remedy | tincture | cure | medicine | draught | elixir | brew | treatment
eva,remedy_potion,29,test,,pending,potion | remedy | tincture | cure | medicine | draught | elixir | brew | treatment
eva,remedy_potion,30,test,,pending,potion | remedy | tincture | cure | medicine | draught | elixir | brew | treatment
eva,poison,1,train,,pending,poison | toxic | venom | contaminate | tainted | strange substance | purple | discolored
eva,poison,2,train,,pending,poison | toxic | venom | contaminate | tainted | strange substance | purple | discolored
eva,poison,3,train,,pending,poison | toxic | venom | contaminate | tainted | strange substance | purple | discolored
eva,poison,4,train,,pending,poison | toxic | venom | contaminate | tainted | strange substance | purple | discolored
eva,poison,5,train,,pending,poison | toxic | venom | contaminate | tainted | strange substance | purple | discolored
eva,poison,6,train,,pending,poison | toxic | venom | contaminate | tainted | strange substance | purple | discolored
eva,poison,7,train,,pending,poison | toxic | venom | contaminate | tainted | strange substance | purple | discolored
eva,poison,8,train,,pending,poison | toxic | venom | contaminate | tainted | strange substance | purple | discolored
eva,poison,9,train,,pending,poison | toxic | venom | contaminate | tainted | strange substance | purple | discolored
eva,poison,10,train,,pending,poison | toxic | venom | contaminate | tainted | strange substance | purple | discolored
eva,poison,11,train,,pending,poison | toxic | venom | contaminate | tainted | strange substance | purple | discolored
eva,poison,12,train,,pending,poison | toxic | venom | contaminate | tainted | strange substance | purple | discolored
eva,poison,13,train,,pending,poison | toxic | venom | contaminate | tainted | strange substance | purple | discolored
eva,poison,14,train,,pending,poison | toxic | venom | contaminate | tainted | strange substance | purple | discolored
eva,poison,15,train,,pending,poison | toxic | venom | contaminate | tainted | strange substance | purple | discolored
eva,poison,16,train,,pending,poison | toxic | venom | contaminate | tainted | strange substance | purple | discolored
eva,poison,17,train,,pending,poison | toxic | venom | contaminate | tainted | strange substance | purple | discolored
eva,poison,18,train,,pending,poison | toxic | venom | contaminate | tainted | strange substance | purple | discolored
eva,poison,19,train,,pending,poison | toxic | venom | contaminate | tainted | strange substance | purple | discolored
eva,poison,20,train,,pending,poison | toxic | venom | contaminate | tainted | strange substance | purple | discolored
eva,poison,21,validation,,pending,poison | toxic | venom | contaminate | tainted | strange substance | purple | discolored
eva,poison,22,validation,,pending,poison | toxic | venom | contaminate | tainted | strange substance | purple | discolored
eva,poison,23,validation,,pending,poison | toxic | venom | contaminate | tainted | strange substance | purple | discolored
eva,poison,24,validation,,pending,poison | toxic | venom | contaminate | tainted | strange substance | purple | discolored
eva,poison,25,validation,,pending,poison | toxic | venom | contaminate | tainted | strange substance | purple | discolored
eva,poison,26,test,,pending,poison | toxic | venom | contaminate | tainted | strange substance | purple | discolored
eva,poison,27,test,,pending,poison | toxic | venom | contaminate | tainted | strange substance | purple | discolored
eva,poison,28,test,,pending,poison | toxic | venom | contaminate | tainted | strange substance | purple | discolored
eva,poison,29,test,,pending,poison | toxic | venom | contaminate | tainted | strange substance | purple | discolored
eva,poison,30,test,,pending,poison | toxic | venom | contaminate | tainted | strange substance | purple | discolored
eva,ingredient_gather,1,train,,pending,ingredient | herb | gather | frostmoss | plant | flower | collect | find for you | bring
eva,ingredient_gather,2,train,,pending,ingredient | herb | gather | frostmoss | plant | flower | collect | find for you | bring
eva,ingredient_gather,3,train,,pending,ingredient | herb | gather | frostmoss | plant | flower | collect | find for you | bring
eva,ingredient_gather,4,train,,pending,ingredient | herb | gather | frostmoss | plant | flower | collect | find for you | bring
eva,ingredient_gather,5,train,,pending,ingredient | herb | gather | frostmoss | plant | flower | collect | find for you | bring
eva,ingredient_gather,6,train,,pending,ingredient | herb | gather | frostmoss | plant | flower | collect | find for you | bring
eva,ingredient_gather,7,train,,pending,ingredient | herb | gather | frostmoss | plant | flower | collect | find for you | bring
eva,ingredient_gather,8,train,,pending,ingredient | herb | gather | frostmoss | plant | flower | collect | find for you | bring
eva,ingredient_gather,9,train,,pending,ingredient | herb | gather | frostmoss | plant | flower | collect | find for you | bring
eva,ingredient_gather,10,train,,pending,ingredient | herb | gather | frostmoss | plant | flower | collect | find for you | bring
eva,ingredient_gather,11,train,,pending,ingredient | herb | gather | frostmoss | plant | flower | collect | find for you | bring
eva,ingredient_gather,12,train,,pending,ingredient | herb | gather | frostmoss | plant | flower | collect | find for you | bring
eva,ingredient_gather,13,train,,pending,ingredient | herb | gather | frostmoss | plant | flower | collect | find for you | bring
eva,ingredient_gather,14,train,,pending,ingredient | herb | gather | frostmoss | plant | flower | collect | find for you | bring
eva,ingredient_gather,15,train,,pending,ingredient | herb | gather | frostmoss | plant | flower | collect | find for you | bring
eva,ingredient_gather,16,train,,pending,ingredient | herb | gather | frostmoss | plant | flower | collect | find for you | bring
eva,ingredient_gather,17,train,,pending,ingredient | herb | gather | frostmoss | plant | flower | collect | find for you | bring
eva,ingredient_gather,18,train,,pending,ingredient | herb | gather | frostmoss | plant | flower | collect | find for you | bring
eva,ingredient_gather,19,train,,pending,ingredient | herb | gather | frostmoss | plant | flower | collect | find for you | bring
eva,ingredient_gather,20,train,,pending,ingredient | herb | gather | frostmoss | plant | flower | collect | find for you | bring
eva,ingredient_gather,21,validation,,pending,ingredient | herb | gather | frostmoss | plant | flower | collect | find for you | bring
eva,ingredient_gather,22,validation,,pending,ingredient | herb | gather | frostmoss | plant | flower | collect | find for you | bring
eva,ingredient_gather,23,validation,,pending,ingredient | herb | gather | frostmoss | plant | flower | collect | find for you | bring
eva,ingredient_gather,24,validation,,pending,ingredient | herb | gather | frostmoss | plant | flower | collect | find for you | bring
eva,ingredient_gather,25,validation,,pending,ingredient | herb | gather | frostmoss | plant | flower | collect | find for you | bring
eva,ingredient_gather,26,test,,pending,ingredient | herb | gather | frostmoss | plant | flower | collect | find for you | bring
eva,ingredient_gather,27,test,,pending,ingredient | herb | gather | frostmoss | plant | flower | collect | find for you | bring
eva,ingredient_gather,28,test,,pending,ingredient | herb | gather | frostmoss | plant | flower | collect | find for you | bring
eva,ingredient_gather,29,test,,pending,ingredient | herb | gather | frostmoss | plant | flower | collect | find for you | bring
eva,ingredient_gather,30,test,,pending,ingredient | herb | gather | frostmoss | plant | flower | collect | find for you | bring
eva,wound_injury,1,train,,pending,wound | hurt | bleed | injury | pain | cut | stabbed | burned | broken | bandage
eva,wound_injury,2,train,,pending,wound | hurt | bleed | injury | pain | cut | stabbed | burned | broken | bandage
eva,wound_injury,3,train,,pending,wound | hurt | bleed | injury | pain | cut | stabbed | burned | broken | bandage
eva,wound_injury,4,train,,pending,wound | hurt | bleed | injury | pain | cut | stabbed | burned | broken | bandage
eva,wound_injury,5,train,,pending,wound | hurt | bleed | injury | pain | cut | stabbed | burned | broken | bandage
eva,wound_injury,6,train,,pending,wound | hurt | bleed | injury | pain | cut | stabbed | burned | broken | bandage
eva,wound_injury,7,train,,pending,wound | hurt | bleed | injury | pain | cut | stabbed | burned | broken | bandage
eva,wound_injury,8,train,,pending,wound | hurt | bleed | injury | pain | cut | stabbed | burned | broken | bandage
eva,wound_injury,9,train,,pending,wound | hurt | bleed | injury | pain | cut | stabbed | burned | broken | bandage
eva,wound_injury,10,train,,pending,wound | hurt | bleed | injury | pain | cut | stabbed | burned | broken | bandage
eva,wound_injury,11,train,,pending,wound | hurt | bleed | injury | pain | cut | stabbed | burned | broken | bandage
eva,wound_injury,12,train,,pending,wound | hurt | bleed | injury | pain | cut | stabbed | burned | broken | bandage
eva,wound_injury,13,train,,pending,wound | hurt | bleed | injury | pain | cut | stabbed | burned | broken | bandage
eva,wound_injury,14,train,,pending,wound | hurt | bleed | injury | pain | cut | stabbed | burned | broken | bandage
eva,wound_injury,15,train,,pending,wound | hurt | bleed | injury | pain | cut | stabbed | burned | broken | bandage
eva,wound_injury,16,train,,pending,wound | hurt | bleed | injury | pain | cut | stabbed | burned | broken | bandage
eva,wound_injury,17,train,,pending,wound | hurt | bleed | injury | pain | cut | stabbed | burned | broken | bandage
eva,wound_injury,18,train,,pending,wound | hurt | bleed | injury | pain | cut | stabbed | burned | broken | bandage
eva,wound_injury,19,train,,pending,wound | hurt | bleed | injury | pain | cut | stabbed | burned | broken | bandage
eva,wound_injury,20,train,,pending,wound | hurt | bleed | injury | pain | cut | stabbed | burned | broken | bandage
eva,wound_injury,21,validation,,pending,wound | hurt | bleed | injury | pain | cut | stabbed | burned | broken | bandage
eva,wound_injury,22,validation,,pending,wound | hurt | bleed | injury | pain | cut | stabbed | burned | broken | bandage
eva,wound_injury,23,validation,,pending,wound | hurt | bleed | injury | pain | cut | stabbed | burned | broken | bandage
eva,wound_injury,24,validation,,pending,wound | hurt | bleed | injury | pain | cut | stabbed | burned | broken | bandage
eva,wound_injury,25,validation,,pending,wound | hurt | bleed | injury | pain | cut | stabbed | burned | broken | bandage
eva,wound_injury,26,test,,pending,wound | hurt | bleed | injury | pain | cut | stabbed | burned | broken | bandage
eva,wound_injury,27,test,,pending,wound | hurt | bleed | injury | pain | cut | stabbed | burned | broken | bandage
eva,wound_injury,28,test,,pending,wound | hurt | bleed | injury | pain | cut | stabbed | burned | broken | bandage
eva,wound_injury,29,test,,pending,wound | hurt | bleed | injury | pain | cut | stabbed | burned | broken | bandage
eva,wound_injury,30,test,,pending,wound | hurt | bleed | injury | pain | cut | stabbed | burned | broken | bandage
eva,buy_sell,1,train,,pending,buy | purchase | sell | price | cost | stock | what do you have | shop | trade
eva,buy_sell,2,train,,pending,buy | purchase | sell | price | cost | stock | what do you have | shop | trade
eva,buy_sell,3,train,,pending,buy | purchase | sell | price | cost | stock | what do you have | shop | trade
eva,buy_sell,4,train,,pending,buy | purchase | sell | price | cost | stock | what do you have | shop | trade
eva,buy_sell,5,train,,pending,buy | purchase | sell | price | cost | stock | what do you have | shop | trade
eva,buy_sell,6,train,,pending,buy | purchase | sell | price | cost | stock | what do you have | shop | trade
eva,buy_sell,7,train,,pending,buy | purchase | sell | price | cost | stock | what do you have | shop | trade
eva,buy_sell,8,train,,pending,buy | purchase | sell | price | cost | stock | what do you have | shop | trade
eva,buy_sell,9,train,,pending,buy | purchase | sell | price | cost | stock | what do you have | shop | trade
eva,buy_sell,10,train,,pending,buy | purchase | sell | price | cost | stock | what do you have | shop | trade
eva,buy_sell,11,train,,pending,buy | purchase | sell | price | cost | stock | what do you have | shop | trade
eva,buy_sell,12,train,,pending,buy | purchase | sell | price | cost | stock | what do you have | shop | trade
eva,buy_sell,13,train,,pending,buy | purchase | sell | price | cost | stock | what do you have | shop | trade
eva,buy_sell,14,train,,pending,buy | purchase | sell | price | cost | stock | what do you have | shop | trade
eva,buy_sell,15,train,,pending,buy | purchase | sell | price | cost | stock | what do you have | shop | trade
eva,buy_sell,16,train,,pending,buy | purchase | sell | price | cost | stock | what do you have | shop | trade
eva,buy_sell,17,train,,pending,buy | purchase | sell | price | cost | stock | what do you have | shop | trade
eva,buy_sell,18,train,,pending,buy | purchase | sell | price | cost | stock | what do you have | shop | trade
eva,buy_sell,19,train,,pending,buy | purchase | sell | price | cost | stock | what do you have | shop | trade
eva,buy_sell,20,train,,pending,buy | purchase | sell | price | cost | stock | what do you have | shop | trade
eva,buy_sell,21,validation,,pending,buy | purchase | sell | price | cost | stock | what do you have | shop | trade
eva,buy_sell,22,validation,,pending,buy | purchase | sell | price | cost | stock | what do you have | shop | trade
eva,buy_sell,23,validation,,pending,buy | purchase | sell | price | cost | stock | what do you have | shop | trade
eva,buy_sell,24,validation,,pending,buy | purchase | sell | price | cost | stock | what do you have | shop | trade
eva,buy_sell,25,validation,,pending,buy | purchase | sell | price | cost | stock | what do you have | shop | trade
eva,buy_sell,26,test,,pending,buy | purchase | sell | price | cost | stock | what do you have | shop | trade
eva,buy_sell,27,test,,pending,buy | purchase | sell | price | cost | stock | what do you have | shop | trade
eva,buy_sell,28,test,,pending,buy | purchase | sell | price | cost | stock | what do you have | shop | trade
eva,buy_sell,29,test,,pending,buy | purchase | sell | price | cost | stock | what do you have | shop | trade
eva,buy_sell,30,test,,pending,buy | purchase | sell | price | cost | stock | what do you have | shop | trade
eva,disease_illness,1,train,,pending,disease | illness | fever | sick | plague | epidemic | spreading | contagious
eva,disease_illness,2,train,,pending,disease | illness | fever | sick | plague | epidemic | spreading | contagious
eva,disease_illness,3,train,,pending,disease | illness | fever | sick | plague | epidemic | spreading | contagious
eva,disease_illness,4,train,,pending,disease | illness | fever | sick | plague | epidemic | spreading | contagious
eva,disease_illness,5,train,,pending,disease | illness | fever | sick | plague | epidemic | spreading | contagious
eva,disease_illness,6,train,,pending,disease | illness | fever | sick | plague | epidemic | spreading | contagious
eva,disease_illness,7,train,,pending,disease | illness | fever | sick | plague | epidemic | spreading | contagious
eva,disease_illness,8,train,,pending,disease | illness | fever | sick | plague | epidemic | spreading | contagious
eva,disease_illness,9,train,,pending,disease | illness | fever | sick | plague | epidemic | spreading | contagious
eva,disease_illness,10,train,,pending,disease | illness | fever | sick | plague | epidemic | spreading | contagious
eva,disease_illness,11,train,,pending,disease | illness | fever | sick | plague | epidemic | spreading | contagious
eva,disease_illness,12,train,,pending,disease | illness | fever | sick | plague | epidemic | spreading | contagious
eva,disease_illness,13,train,,pending,disease | illness | fever | sick | plague | epidemic | spreading | contagious
eva,disease_illness,14,train,,pending,disease | illness | fever | sick | plague | epidemic | spreading | contagious
eva,disease_illness,15,train,,pending,disease | illness | fever | sick | plague | epidemic | spreading | contagious
eva,disease_illness,16,train,,pending,disease | illness | fever | sick | plague | epidemic | spreading | contagious
eva,disease_illness,17,train,,pending,disease | illness | fever | sick | plague | epidemic | spreading | contagious
eva,disease_illness,18,train,,pending,disease | illness | fever | sick | plague | epidemic | spreading | contagious
eva,disease_illness,19,train,,pending,disease | illness | fever | sick | plague | epidemic | spreading | contagious
eva,disease_illness,20,train,,pending,disease | illness | fever | sick | plague | epidemic | spreading | contagious
eva,disease_illness,21,validation,,pending,disease | illness | fever | sick | plague | epidemic | spreading | contagious
eva,disease_illness,22,validation,,pending,disease | illness | fever | sick | plague | epidemic | spreading | contagious
eva,disease_illness,23,validation,,pending,disease | illness | fever | sick | plague | epidemic | spreading | contagious
eva,disease_illness,24,validation,,pending,disease | illness | fever | sick | plague | epidemic | spreading | contagious
eva,disease_illness,25,validation,,pending,disease | illness | fever | sick | plague | epidemic | spreading | contagious
eva,disease_illness,26,test,,pending,disease | illness | fever | sick | plague | epidemic | spreading | contagious
eva,disease_illness,27,test,,pending,disease | illness | fever | sick | plague | epidemic | spreading | contagious
eva,disease_illness,28,test,,pending,disease | illness | fever | sick | plague | epidemic | spreading | contagious
eva,disease_illness,29,test,,pending,disease | illness | fever | sick | plague | epidemic | spreading | contagious
eva,disease_illness,30,test,,pending,disease | illness | fever | sick | plague | epidemic | spreading | contagious
eva,magic_wards,1,train,,pending,magic | strange | ancient | wards | protective | arcane | ley | enchanted | curse
eva,magic_wards,2,train,,pending,magic | strange | ancient | wards | protective | arcane | ley | enchanted | curse
eva,magic_wards,3,train,,pending,magic | strange | ancient | wards | protective | arcane | ley | enchanted | curse
eva,magic_wards,4,train,,pending,magic | strange | ancient | wards | protective | arcane | ley | enchanted | curse
eva,magic_wards,5,train,,pending,magic | strange | ancient | wards | protective | arcane | ley | enchanted | curse
eva,magic_wards,6,train,,pending,magic | strange | ancient | wards | protective | arcane | ley | enchanted | curse
eva,magic_wards,7,train,,pending,magic | strange | ancient | wards | protective | arcane | ley | enchanted | curse
eva,magic_wards,8,train,,pending,magic | strange | ancient | wards | protective | arcane | ley | enchanted | curse
eva,magic_wards,9,train,,pending,magic | strange | ancient | wards | protective | arcane | ley | enchanted | curse
eva,magic_wards,10,train,,pending,magic | strange | ancient | wards | protective | arcane | ley | enchanted | curse
eva,magic_wards,11,train,,pending,magic | strange | ancient | wards | protective | arcane | ley | enchanted | curse
eva,magic_wards,12,train,,pending,magic | strange | ancient | wards | protective | arcane | ley | enchanted | curse
eva,magic_wards,13,train,,pending,magic | strange | ancient | wards | protective | arcane | ley | enchanted | curse
eva,magic_wards,14,train,,pending,magic | strange | ancient | wards | protective | arcane | ley | enchanted | curse
eva,magic_wards,15,train,,pending,magic | strange | ancient | wards | protective | arcane | ley | enchanted | curse
eva,magic_wards,16,train,,pending,magic | strange | ancient | wards | protective | arcane | ley | enchanted | curse
eva,magic_wards,17,train,,pending,magic | strange | ancient | wards | protective | arcane | ley | enchanted | curse
eva,magic_wards,18,train,,pending,magic | strange | ancient | wards | protective | arcane | ley | enchanted | curse
eva,magic_wards,19,train,,pending,magic | strange | ancient | wards | protective | arcane | ley | enchanted | curse
eva,magic_wards,20,train,,pending,magic | strange | ancient | wards | protective | arcane | ley | enchanted | curse
eva,magic_wards,21,validation,,pending,magic | strange | ancient | wards | protective | arcane | ley | enchanted | curse
eva,magic_wards,22,validation,,pending,magic | strange | ancient | wards | protective | arcane | ley | enchanted | curse
eva,magic_wards,23,validation,,pending,magic | strange | ancient | wards | protective | arcane | ley | enchanted | curse
eva,magic_wards,24,validation,,pending,magic | strange | ancient | wards | protective | arcane | ley | enchanted | curse
eva,magic_wards,25,validation,,pending,magic | strange | ancient | wards | protective | arcane | ley | enchanted | curse
eva,magic_wards,26,test,,pending,magic | strange | ancient | wards | protective | arcane | ley | enchanted | curse
eva,magic_wards,27,test,,pending,magic | strange | ancient | wards | protective | arcane | ley | enchanted | curse
eva,magic_wards,28,test,,pending,magic | strange | ancient | wards | protective | arcane | ley | enchanted | curse
eva,magic_wards,29,test,,pending,magic | strange | ancient | wards | protective | arcane | ley | enchanted | curse
eva,magic_wards,30,test,,pending,magic | strange | ancient | wards | protective | arcane | ley | enchanted | curse
eva,fatigue,1,train,,pending,tired | exhausted | fatigue | weary | sleepy | no energy | drained | worn out
eva,fatigue,2,train,,pending,tired | exhausted | fatigue | weary | sleepy | no energy | drained | worn out
eva,fatigue,3,train,,pending,tired | exhausted | fatigue | weary | sleepy | no energy | drained | worn out
eva,fatigue,4,train,,pending,tired | exhausted | fatigue | weary | sleepy | no energy | drained | worn out
eva,fatigue,5,train,,pending,tired | exhausted | fatigue | weary | sleepy | no energy | drained | worn out
eva,fatigue,6,train,,pending,tired | exhausted | fatigue | weary | sleepy | no energy | drained | worn out
eva,fatigue,7,train,,pending,tired | exhausted | fatigue | weary | sleepy | no energy | drained | worn out
eva,fatigue,8,train,,pending,tired | exhausted | fatigue | weary | sleepy | no energy | drained | worn out
eva,fatigue,9,train,,pending,tired | exhausted | fatigue | weary | sleepy | no energy | drained | worn out
eva,fatigue,10,train,,pending,tired | exhausted | fatigue | weary | sleepy | no energy | drained | worn out
eva,fatigue,11,train,,pending,tired | exhausted | fatigue | weary | sleepy | no energy | drained | worn out
eva,fatigue,12,train,,pending,tired | exhausted | fatigue | weary | sleepy | no energy | drained | worn out
eva,fatigue,13,train,,pending,tired | exhausted | fatigue | weary | sleepy | no energy | drained | worn out
eva,fatigue,14,train,,pending,tired | exhausted | fatigue | weary | sleepy | no energy | drained | worn out
eva,fatigue,15,train,,pending,tired | exhausted | fatigue | weary | sleepy | no energy | drained | worn out
eva,fatigue,16,train,,pending,tired | exhausted | fatigue | weary | sleepy | no energy | drained | worn out
eva,fatigue,17,train,,pending,tired | exhausted | fatigue | weary | sleepy | no energy | drained | worn out
eva,fatigue,18,train,,pending,tired | exhausted | fatigue | weary | sleepy | no energy | drained | worn out
eva,fatigue,19,train,,pending,tired | exhausted | fatigue | weary | sleepy | no energy | drained | worn out
eva,fatigue,20,train,,pending,tired | exhausted | fatigue | weary | sleepy | no energy | drained | worn out
eva,fatigue,21,validation,,pending,tired | exhausted | fatigue | weary | sleepy | no energy | drained | worn out
eva,fatigue,22,validation,,pending,tired | exhausted | fatigue | weary | sleepy | no energy | drained | worn out
eva,fatigue,23,validation,,pending,tired | exhausted | fatigue | weary | sleepy | no energy | drained | worn out
eva,fatigue,24,validation,,pending,tired | exhausted | fatigue | weary | sleepy | no energy | drained | worn out
eva,fatigue,25,validation,,pending,tired | exhausted | fatigue | weary | sleepy | no energy | drained | worn out
eva,fatigue,26,test,,pending,tired | exhausted | fatigue | weary | sleepy | no energy | drained | worn out
eva,fatigue,27,test,,pending,tired | exhausted | fatigue | weary | sleepy | no energy | drained | worn out
eva,fatigue,28,test,,pending,tired | exhausted | fatigue | weary | sleepy | no energy | drained | worn out
eva,fatigue,29,test,,pending,tired | exhausted | fatigue | weary | sleepy | no energy | drained | worn out
eva,fatigue,30,test,,pending,tired | exhausted | fatigue | weary | sleepy | no energy | drained | worn out
eva,identify,1,train,,pending,identify | what is this | examine | what kind | tell me about this | found this | strange item
eva,identify,2,train,,pending,identify | what is this | examine | what kind | tell me about this | found this | strange item
eva,identify,3,train,,pending,identify | what is this | examine | what kind | tell me about this | found this | strange item
eva,identify,4,train,,pending,identify | what is this | examine | what kind | tell me about this | found this | strange item
eva,identify,5,train,,pending,identify | what is this | examine | what kind | tell me about this | found this | strange item
eva,identify,6,train,,pending,identify | what is this | examine | what kind | tell me about this | found this | strange item
eva,identify,7,train,,pending,identify | what is this | examine | what kind | tell me about this | found this | strange item
eva,identify,8,train,,pending,identify | what is this | examine | what kind | tell me about this | found this | strange item
eva,identify,9,train,,pending,identify | what is this | examine | what kind | tell me about this | found this | strange item
eva,identify,10,train,,pending,identify | what is this | examine | what kind | tell me about this | found this | strange item
eva,identify,11,train,,pending,identify | what is this | examine | what kind | tell me about this | found this | strange item
eva,identify,12,train,,pending,identify | what is this | examine | what kind | tell me about this | found this | strange item
eva,identify,13,train,,pending,identify | what is this | examine | what kind | tell me about this | found this | strange item
eva,identify,14,train,,pending,identify | what is this | examine | what kind | tell me about this | found this | strange item
eva,identify,15,train,,pending,identify | what is this | examine | what kind | tell me about this | found this | strange item
eva,identify,16,train,,pending,identify | what is this | examine | what kind | tell me about this | found this | strange item
eva,identify,17,train,,pending,identify | what is this | examine | what kind | tell me about this | found this | strange item
eva,identify,18,train,,pending,identify | what is this | examine | what kind | tell me about this | found this | strange item
eva,identify,19,train,,pending,identify | what is this | examine | what kind | tell me about this | found this | strange item
eva,identify,20,train,,pending,identify | what is this | examine | what kind | tell me about this | found this | strange item
eva,identify,21,validation,,pending,identify | what is this | examine | what kind | tell me about this | found this | strange item
eva,identify,22,validation,,pending,identify | what is this | examine | what kind | tell me about this | found this | strange item
eva,identify,23,validation,,pending,identify | what is this | examine | what kind | tell me about this | found this | strange item
eva,identify,24,validation,,pending,identify | what is this | examine | what kind | tell me about this | found this | strange item
eva,identify,25,validation,,pending,identify | what is this | examine | what kind | tell me about this | found this | strange item
eva,identify,26,test,,pending,identify | what is this | examine | what kind | tell me about this | found this | strange item
eva,identify,27,test,,pending,identify | what is this | examine | what kind | tell me about this | found this | strange item
eva,identify,28,test,,pending,identify | what is this | examine | what kind | tell me about this | found this | strange item
eva,identify,29,test,,pending,identify | what is this | examine | what kind | tell me about this | found this | strange item
eva,identify,30,test,,pending,identify | what is this | examine | what kind | tell me about this | found this | strange item
eva,healer_role,1,train,,pending,healer | herbalism | botany | tinctures | salves | alchemy | distillation
eva,healer_role,2,train,,pending,healer | herbalism | botany | tinctures | salves | alchemy | distillation
eva,healer_role,3,train,,pending,healer | herbalism | botany | tinctures | salves | alchemy | distillation
eva,healer_role,4,train,,pending,healer | herbalism | botany | tinctures | salves | alchemy | distillation
eva,healer_role,5,train,,pending,healer | herbalism | botany | tinctures | salves | alchemy | distillation
eva,healer_role,6,train,,pending,healer | herbalism | botany | tinctures | salves | alchemy | distillation
eva,healer_role,7,train,,pending,healer | herbalism | botany | tinctures | salves | alchemy | distillation
eva,healer_role,8,train,,pending,healer | herbalism | botany | tinctures | salves | alchemy | distillation
eva,healer_role,9,train,,pending,healer | herbalism | botany | tinctures | salves | alchemy | distillation
eva,healer_role,10,train,,pending,healer | herbalism | botany | tinctures | salves | alchemy | distillation
eva,healer_role,11,train,,pending,healer | herbalism | botany | tinctures | salves | alchemy | distillation
eva,healer_role,12,train,,pending,healer | herbalism | botany | tinctures | salves | alchemy | distillation
eva,healer_role,13,train,,pending,healer | herbalism | botany | tinctures | salves | alchemy | distillation
eva,healer_role,14,train,,pending,healer | herbalism | botany | tinctures | salves | alchemy | distillation
eva,healer_role,15,train,,pending,healer | herbalism | botany | tinctures | salves | alchemy | distillation
eva,healer_role,16,train,,pending,healer | herbalism | botany | tinctures | salves | alchemy | distillation
eva,healer_role,17,train,,pending,healer | herbalism | botany | tinctures | salves | alchemy | distillation
eva,healer_role,18,train,,pending,healer | herbalism | botany | tinctures | salves | alchemy | distillation
eva,healer_role,19,train,,pending,healer | herbalism | botany | tinctures | salves | alchemy | distillation
eva,healer_role,20,train,,pending,healer | herbalism | botany | tinctures | salves | alchemy | distillation
eva,healer_role,21,validation,,pending,healer | herbalism | botany | tinctures | salves | alchemy | distillation
eva,healer_role,22,validation,,pending,healer | herbalism | botany | tinctures | salves | alchemy | distillation
eva,healer_role,23,validation,,pending,healer | herbalism | botany | tinctures | salves | alchemy | distillation
eva,healer_role,24,validation,,pending,healer | herbalism | botany | tinctures | salves | alchemy | distillation
eva,healer_role,25,validation,,pending,healer | herbalism | botany | tinctures | salves | alchemy | distillation
eva,healer_role,26,test,,pending,healer | herbalism | botany | tinctures | salves | alchemy | distillation
eva,healer_role,27,test,,pending,healer | herbalism | botany | tinctures | salves | alchemy | distillation
eva,healer_role,28,test,,pending,healer | herbalism | botany | tinctures | salves | alchemy | distillation
eva,healer_role,29,test,,pending,healer | herbalism | botany | tinctures | salves | alchemy | distillation
eva,healer_role,30,test,,pending,healer | herbalism | botany | tinctures | salves | alchemy | distillation
eva,mercenary_role,1,train,,pending,mercenary | battlefield wounds | sword cuts | cauterize | endurance
eva,mercenary_role,2,train,,pending,mercenary | battlefield wounds | sword cuts | cauterize | endurance
eva,mercenary_role,3,train,,pending,mercenary | battlefield wounds | sword cuts | cauterize | endurance
eva,mercenary_role,4,train,,pending,mercenary | battlefield wounds | sword cuts | cauterize | endurance
eva,mercenary_role,5,train,,pending,mercenary | battlefield wounds | sword cuts | cauterize | endurance
eva,mercenary_role,6,train,,pending,mercenary | battlefield wounds | sword cuts | cauterize | endurance
eva,mercenary_role,7,train,,pending,mercenary | battlefield wounds | sword cuts | cauterize | endurance
eva,mercenary_role,8,train,,pending,mercenary | battlefield wounds | sword cuts | cauterize | endurance
eva,mercenary_role,9,train,,pending,mercenary | battlefield wounds | sword cuts | cauterize | endurance
eva,mercenary_role,10,train,,pending,mercenary | battlefield wounds | sword cuts | cauterize | endurance
eva,mercenary_role,11,train,,pending,mercenary | battlefield wounds | sword cuts | cauterize | endurance
eva,mercenary_role,12,train,,pending,mercenary | battlefield wounds | sword cuts | cauterize | endurance
eva,mercenary_role,13,train,,pending,mercenary | battlefield wounds | sword cuts | cauterize | endurance
eva,mercenary_role,14,train,,pending,mercenary | battlefield wounds | sword cuts | cauterize | endurance
eva,mercenary_role,15,train,,pending,mercenary | battlefield wounds | sword cuts | cauterize | endurance
eva,mercenary_role,16,train,,pending,mercenary | battlefield wounds | sword cuts | cauterize | endurance
eva,mercenary_role,17,train,,pending,mercenary | battlefield wounds | sword cuts | cauterize | endurance
eva,mercenary_role,18,train,,pending,mercenary | battlefield wounds | sword cuts | cauterize | endurance
eva,mercenary_role,19,train,,pending,mercenary | battlefield wounds | sword cuts | cauterize | endurance
eva,mercenary_role,20,train,,pending,mercenary | battlefield wounds | sword cuts | cauterize | endurance
eva,mercenary_role,21,validation,,pending,mercenary | battlefield wounds | sword cuts | cauterize | endurance
eva,mercenary_role,22,validation,,pending,mercenary | battlefield wounds | sword cuts | cauterize | endurance
eva,mercenary_role,23,validation,,pending,mercenary | battlefield wounds | sword cuts | cauterize | endurance
eva,mercenary_role,24,validation,,pending,mercenary | battlefield wounds | sword cuts | cauterize | endurance
eva,mercenary_role,25,validation,,pending,mercenary | battlefield wounds | sword cuts | cauterize | endurance
eva,mercenary_role,26,test,,pending,mercenary | battlefield wounds | sword cuts | cauterize | endurance
eva,mercenary_role,27,test,,pending,mercenary | battlefield wounds | sword cuts | cauterize | endurance
eva,mercenary_role,28,test,,pending,mercenary | battlefield wounds | sword cuts | cauterize | endurance
eva,mercenary_role,29,test,,pending,mercenary | battlefield wounds | sword cuts | cauterize | endurance
eva,mercenary_role,30,test,,pending,mercenary | battlefield wounds | sword cuts | cauterize | endurance
eva,origin_story,1,train,,pending,your past | why apothecary | how did you learn | where from
eva,origin_story,2,train,,pending,your past | why apothecary | how did you learn | where from
eva,origin_story,3,train,,pending,your past | why apothecary | how did you learn | where from
eva,origin_story,4,train,,pending,your past | why apothecary | how did you learn | where from
eva,origin_story,5,train,,pending,your past | why apothecary | how did you learn | where from
eva,origin_story,6,train,,pending,your past | why apothecary | how did you learn | where from
eva,origin_story,7,train,,pending,your past | why apothecary | how did you learn | where from
eva,origin_story,8,train,,pending,your past | why apothecary | how did you learn | where from
eva,origin_story,9,train,,pending,your past | why apothecary | how did you learn | where from
eva,origin_story,10,train,,pending,your past | why apothecary | how did you learn | where from
eva,origin_story,11,train,,pending,your past | why apothecary | how did you learn | where from
eva,origin_story,12,train,,pending,your past | why apothecary | how did you learn | where from
eva,origin_story,13,train,,pending,your past | why apothecary | how did you learn | where from
eva,origin_story,14,train,,pending,your past | why apothecary | how did you learn | where from
eva,origin_story,15,train,,pending,your past | why apothecary | how did you learn | where from
eva,origin_story,16,train,,pending,your past | why apothecary | how did you learn | where from
eva,origin_story,17,train,,pending,your past | why apothecary | how did you learn | where from
eva,origin_story,18,train,,pending,your past | why apothecary | how did you learn | where from
eva,origin_story,19,train,,pending,your past | why apothecary | how did you learn | where from
eva,origin_story,20,train,,pending,your past | why apothecary | how did you learn | where from
eva,origin_story,21,validation,,pending,your past | why apothecary | how did you learn | where from
eva,origin_story,22,validation,,pending,your past | why apothecary | how did you learn | where from
eva,origin_story,23,validation,,pending,your past | why apothecary | how did you learn | where from
eva,origin_story,24,validation,,pending,your past | why apothecary | how did you learn | where from
eva,origin_story,25,validation,,pending,your past | why apothecary | how did you learn | where from
eva,origin_story,26,test,,pending,your past | why apothecary | how did you learn | where from
eva,origin_story,27,test,,pending,your past | why apothecary | how did you learn | where from
eva,origin_story,28,test,,pending,your past | why apothecary | how did you learn | where from
eva,origin_story,29,test,,pending,your past | why apothecary | how did you learn | where from
eva,origin_story,30,test,,pending,your past | why apothecary | how did you learn | where from
sam,weapon_blade,1,train,,pending,sword | blade | weapon | knife | dagger | axe | spear | edge | steel | sharpen | forge weapon
sam,weapon_blade,2,train,,pending,sword | blade | weapon | knife | dagger | axe | spear | edge | steel | sharpen | forge weapon
sam,weapon_blade,3,train,,pending,sword | blade | weapon | knife | dagger | axe | spear | edge | steel | sharpen | forge weapon
sam,weapon_blade,4,train,,pending,sword | blade | weapon | knife | dagger | axe | spear | edge | steel | sharpen | forge weapon
sam,weapon_blade,5,train,,pending,sword | blade | weapon | knife | dagger | axe | spear | edge | steel | sharpen | forge weapon
sam,weapon_blade,6,train,,pending,sword | blade | weapon | knife | dagger | axe | spear | edge | steel | sharpen | forge weapon
sam,weapon_blade,7,train,,pending,sword | blade | weapon | knife | dagger | axe | spear | edge | steel | sharpen | forge weapon
sam,weapon_blade,8,train,,pending,sword | blade | weapon | knife | dagger | axe | spear | edge | steel | sharpen | forge weapon
sam,weapon_blade,9,train,,pending,sword | blade | weapon | knife | dagger | axe | spear | edge | steel | sharpen | forge weapon
sam,weapon_blade,10,train,,pending,sword | blade | weapon | knife | dagger | axe | spear | edge | steel | sharpen | forge weapon
sam,weapon_blade,11,train,,pending,sword | blade | weapon | knife | dagger | axe | spear | edge | steel | sharpen | forge weapon
sam,weapon_blade,12,train,,pending,sword | blade | weapon | knife | dagger | axe | spear | edge | steel | sharpen | forge weapon
sam,weapon_blade,13,train,,pending,sword | blade | weapon | knife | dagger | axe | spear | edge | steel | sharpen | forge weapon
sam,weapon_blade,14,train,,pending,sword | blade | weapon | knife | dagger | axe | spear | edge | steel | sharpen | forge weapon
sam,weapon_blade,15,train,,pending,sword | blade | weapon | knife | dagger | axe | spear | edge | steel | sharpen | forge weapon
sam,weapon_blade,16,train,,pending,sword | blade | weapon | knife | dagger | axe | spear | edge | steel | sharpen | forge weapon
sam,weapon_blade,17,train,,pending,sword | blade | weapon | knife | dagger | axe | spear | edge | steel | sharpen | forge weapon
sam,weapon_blade,18,train,,pending,sword | blade | weapon | knife | dagger | axe | spear | edge | steel | sharpen | forge weapon
sam,weapon_blade,19,train,,pending,sword | blade | weapon | knife | dagger | axe | spear | edge | steel | sharpen | forge weapon
sam,weapon_blade,20,train,,pending,sword | blade | weapon | knife | dagger | axe | spear | edge | steel | sharpen | forge weapon
sam,weapon_blade,21,validation,,pending,sword | blade | weapon | knife | dagger | axe | spear | edge | steel | sharpen | forge weapon
sam,weapon_blade,22,validation,,pending,sword | blade | weapon | knife | dagger | axe | spear | edge | steel | sharpen | forge weapon
sam,weapon_blade,23,validation,,pending,sword | blade | weapon | knife | dagger | axe | spear | edge | steel | sharpen | forge weapon
sam,weapon_blade,24,validation,,pending,sword | blade | weapon | knife | dagger | axe | spear | edge | steel | sharpen | forge weapon
sam,weapon_blade,25,validation,,pending,sword | blade | weapon | knife | dagger | axe | spear | edge | steel | sharpen | forge weapon
sam,weapon_blade,26,test,,pending,sword | blade | weapon | knife | dagger | axe | spear | edge | steel | sharpen | forge weapon
sam,weapon_blade,27,test,,pending,sword | blade | weapon | knife | dagger | axe | spear | edge | steel | sharpen | forge weapon
sam,weapon_blade,28,test,,pending,sword | blade | weapon | knife | dagger | axe | spear | edge | steel | sharpen | forge weapon
sam,weapon_blade,29,test,,pending,sword | blade | weapon | knife | dagger | axe | spear | edge | steel | sharpen | forge weapon
sam,weapon_blade,30,test,,pending,sword | blade | weapon | knife | dagger | axe | spear | edge | steel | sharpen | forge weapon
sam,armor_shield,1,train,,pending,shield | armor | armour | plate | chainmail | protection | defend | deflect | guard
sam,armor_shield,2,train,,pending,shield | armor | armour | plate | chainmail | protection | defend | deflect | guard
sam,armor_shield,3,train,,pending,shield | armor | armour | plate | chainmail | protection | defend | deflect | guard
sam,armor_shield,4,train,,pending,shield | armor | armour | plate | chainmail | protection | defend | deflect | guard
sam,armor_shield,5,train,,pending,shield | armor | armour | plate | chainmail | protection | defend | deflect | guard
sam,armor_shield,6,train,,pending,shield | armor | armour | plate | chainmail | protection | defend | deflect | guard
sam,armor_shield,7,train,,pending,shield | armor | armour | plate | chainmail | protection | defend | deflect | guard
sam,armor_shield,8,train,,pending,shield | armor | armour | plate | chainmail | protection | defend | deflect | guard
sam,armor_shield,9,train,,pending,shield | armor | armour | plate | chainmail | protection | defend | deflect | guard
sam,armor_shield,10,train,,pending,shield | armor | armour | plate | chainmail | protection | defend | deflect | guard
sam,armor_shield,11,train,,pending,shield | armor | armour | plate | chainmail | protection | defend | deflect | guard
sam,armor_shield,12,train,,pending,shield | armor | armour | plate | chainmail | protection | defend | deflect | guard
sam,armor_shield,13,train,,pending,shield | armor | armour | plate | chainmail | protection | defend | deflect | guard
sam,armor_shield,14,train,,pending,shield | armor | armour | plate | chainmail | protection | defend | deflect | guard
sam,armor_shield,15,train,,pending,shield | armor | armour | plate | chainmail | protection | defend | deflect | guard
sam,armor_shield,16,train,,pending,shield | armor | armour | plate | chainmail | protection | defend | deflect | guard
sam,armor_shield,17,train,,pending,shield | armor | armour | plate | chainmail | protection | defend | deflect | guard
sam,armor_shield,18,train,,pending,shield | armor | armour | plate | chainmail | protection | defend | deflect | guard
sam,armor_shield,19,train,,pending,shield | armor | armour | plate | chainmail | protection | defend | deflect | guard
sam,armor_shield,20,train,,pending,shield | armor | armour | plate | chainmail | protection | defend | deflect | guard
sam,armor_shield,21,validation,,pending,shield | armor | armour | plate | chainmail | protection | defend | deflect | guard
sam,armor_shield,22,validation,,pending,shield | armor | armour | plate | chainmail | protection | defend | deflect | guard
sam,armor_shield,23,validation,,pending,shield | armor | armour | plate | chainmail | protection | defend | deflect | guard
sam,armor_shield,24,validation,,pending,shield | armor | armour | plate | chainmail | protection | defend | deflect | guard
sam,armor_shield,25,validation,,pending,shield | armor | armour | plate | chainmail | protection | defend | deflect | guard
sam,armor_shield,26,test,,pending,shield | armor | armour | plate | chainmail | protection | defend | deflect | guard
sam,armor_shield,27,test,,pending,shield | armor | armour | plate | chainmail | protection | defend | deflect | guard
sam,armor_shield,28,test,,pending,shield | armor | armour | plate | chainmail | protection | defend | deflect | guard
sam,armor_shield,29,test,,pending,shield | armor | armour | plate | chainmail | protection | defend | deflect | guard
sam,armor_shield,30,test,,pending,shield | armor | armour | plate | chainmail | protection | defend | deflect | guard
sam,upgrade_repair,1,train,,pending,upgrade | repair | fix | restore | improve | reinforce | better | strengthen | enhance
sam,upgrade_repair,2,train,,pending,upgrade | repair | fix | restore | improve | reinforce | better | strengthen | enhance
sam,upgrade_repair,3,train,,pending,upgrade | repair | fix | restore | improve | reinforce | better | strengthen | enhance
sam,upgrade_repair,4,train,,pending,upgrade | repair | fix | restore | improve | reinforce | better | strengthen | enhance
sam,upgrade_repair,5,train,,pending,upgrade | repair | fix | restore | improve | reinforce | better | strengthen | enhance
sam,upgrade_repair,6,train,,pending,upgrade | repair | fix | restore | improve | reinforce | better | strengthen | enhance
sam,upgrade_repair,7,train,,pending,upgrade | repair | fix | restore | improve | reinforce | better | strengthen | enhance
sam,upgrade_repair,8,train,,pending,upgrade | repair | fix | restore | improve | reinforce | better | strengthen | enhance
sam,upgrade_repair,9,train,,pending,upgrade | repair | fix | restore | improve | reinforce | better | strengthen | enhance
sam,upgrade_repair,10,train,,pending,upgrade | repair | fix | restore | improve | reinforce | better | strengthen | enhance
sam,upgrade_repair,11,train,,pending,upgrade | repair | fix | restore | improve | reinforce | better | strengthen | enhance
sam,upgrade_repair,12,train,,pending,upgrade | repair | fix | restore | improve | reinforce | better | strengthen | enhance
sam,upgrade_repair,13,train,,pending,upgrade | repair | fix | restore | improve | reinforce | better | strengthen | enhance
sam,upgrade_repair,14,train,,pending,upgrade | repair | fix | restore | improve | reinforce | better | strengthen | enhance
sam,upgrade_repair,15,train,,pending,upgrade | repair | fix | restore | improve | reinforce | better | strengthen | enhance
sam,upgrade_repair,16,train,,pending,upgrade | repair | fix | restore | improve | reinforce | better | strengthen | enhance
sam,upgrade_repair,17,train,,pending,upgrade | repair | fix | restore | improve | reinforce | better | strengthen | enhance
sam,upgrade_repair,18,train,,pending,upgrade | repair | fix | restore | improve | reinforce | better | strengthen | enhance
sam,upgrade_repair,19,train,,pending,upgrade | repair | fix | restore | improve | reinforce | better | strengthen | enhance
sam,upgrade_repair,20,train,,pending,upgrade | repair | fix | restore | improve | reinforce | better | strengthen | enhance
sam,upgrade_repair,21,validation,,pending,upgrade | repair | fix | restore | improve | reinforce | better | strengthen | enhance
sam,upgrade_repair,22,validation,,pending,upgrade | repair | fix | restore | improve | reinforce | better | strengthen | enhance
sam,upgrade_repair,23,validation,,pending,upgrade | repair | fix | restore | improve | reinforce | better | strengthen | enhance
sam,upgrade_repair,24,validation,,pending,upgrade | repair | fix | restore | improve | reinforce | better | strengthen | enhance
sam,upgrade_repair,25,validation,,pending,upgrade | repair | fix | restore | improve | reinforce | better | strengthen | enhance
sam,upgrade_repair,26,test,,pending,upgrade | repair | fix | restore | improve | reinforce | better | strengthen | enhance
sam,upgrade_repair,27,test,,pending,upgrade | repair | fix | restore | improve | reinforce | better | strengthen | enhance
sam,upgrade_repair,28,test,,pending,upgrade | repair | fix | restore | improve | reinforce | better | strengthen | enhance
sam,upgrade_repair,29,test,,pending,upgrade | repair | fix | restore | improve | reinforce | better | strengthen | enhance
sam,upgrade_repair,30,test,,pending,upgrade | repair | fix | restore | improve | reinforce | better | strengthen | enhance
sam,rare_material,1,train,,pending,ore | metal | material | starmetal | rare | found | dungeon loot | dragon-coal | strange metal | ingot
sam,rare_material,2,train,,pending,ore | metal | material | starmetal | rare | found | dungeon loot | dragon-coal | strange metal | ingot
sam,rare_material,3,train,,pending,ore | metal | material | starmetal | rare | found | dungeon loot | dragon-coal | strange metal | ingot
sam,rare_material,4,train,,pending,ore | metal | material | starmetal | rare | found | dungeon loot | dragon-coal | strange metal | ingot
sam,rare_material,5,train,,pending,ore | metal | material | starmetal | rare | found | dungeon loot | dragon-coal | strange metal | ingot
sam,rare_material,6,train,,pending,ore | metal | material | starmetal | rare | found | dungeon loot | dragon-coal | strange metal | ingot
sam,rare_material,7,train,,pending,ore | metal | material | starmetal | rare | found | dungeon loot | dragon-coal | strange metal | ingot
sam,rare_material,8,train,,pending,ore | metal | material | starmetal | rare | found | dungeon loot | dragon-coal | strange metal | ingot
sam,rare_material,9,train,,pending,ore | metal | material | starmetal | rare | found | dungeon loot | dragon-coal | strange metal | ingot
sam,rare_material,10,train,,pending,ore | metal | material | starmetal | rare | found | dungeon loot | dragon-coal | strange metal | ingot
sam,rare_material,11,train,,pending,ore | metal | material | starmetal | rare | found | dungeon loot | dragon-coal | strange metal | ingot
sam,rare_material,12,train,,pending,ore | metal | material | starmetal | rare | found | dungeon loot | dragon-coal | strange metal | ingot
sam,rare_material,13,train,,pending,ore | metal | material | starmetal | rare | found | dungeon loot | dragon-coal | strange metal | ingot
sam,rare_material,14,train,,pending,ore | metal | material | starmetal | rare | found | dungeon loot | dragon-coal | strange metal | ingot
sam,rare_material,15,train,,pending,ore | metal | material | starmetal | rare | found | dungeon loot | dragon-coal | strange metal | ingot
sam,rare_material,16,train,,pending,ore | metal | material | starmetal | rare | found | dungeon loot | dragon-coal | strange metal | ingot
sam,rare_material,17,train,,pending,ore | metal | material | starmetal | rare | found | dungeon loot | dragon-coal | strange metal | ingot
sam,rare_material,18,train,,pending,ore | metal | material | starmetal | rare | found | dungeon loot | dragon-coal | strange metal | ingot
sam,rare_material,19,train,,pending,ore | metal | material | starmetal | rare | found | dungeon loot | dragon-coal | strange metal | ingot
sam,rare_material,20,train,,pending,ore | metal | material | starmetal | rare | found | dungeon loot | dragon-coal | strange metal | ingot
sam,rare_material,21,validation,,pending,ore | metal | material | starmetal | rare | found | dungeon loot | dragon-coal | strange metal | ingot
sam,rare_material,22,validation,,pending,ore | metal | material | starmetal | rare | found | dungeon loot | dragon-coal | strange metal | ingot
sam,rare_material,23,validation,,pending,ore | metal | material | starmetal | rare | found | dungeon loot | dragon-coal | strange metal | ingot
sam,rare_material,24,validation,,pending,ore | metal | material | starmetal | rare | found | dungeon loot | dragon-coal | strange metal | ingot
sam,rare_material,25,validation,,pending,ore | metal | material | starmetal | rare | found | dungeon loot | dragon-coal | strange metal | ingot
sam,rare_material,26,test,,pending,ore | metal | material | starmetal | rare | found | dungeon loot | dragon-coal | strange metal | ingot
sam,rare_material,27,test,,pending,ore | metal | material | starmetal | rare | found | dungeon loot | dragon-coal | strange metal | ingot
sam,rare_material,28,test,,pending,ore | metal | material | starmetal | rare | found | dungeon loot | dragon-coal | strange metal | ingot
sam,rare_material,29,test,,pending,ore | metal | material | starmetal | rare | found | dungeon loot | dragon-coal | strange metal | ingot
sam,rare_material,30,test,,pending,ore | metal | material | starmetal | rare | found | dungeon loot | dragon-coal | strange metal | ingot
sam,combat_war,1,train,,pending,fight | battle | war | soldier | combat | training | attack | enemy | survive | warrior
sam,combat_war,2,train,,pending,fight | battle | war | soldier | combat | training | attack | enemy | survive | warrior
sam,combat_war,3,train,,pending,fight | battle | war | soldier | combat | training | attack | enemy | survive | warrior
sam,combat_war,4,train,,pending,fight | battle | war | soldier | combat | training | attack | enemy | survive | warrior
sam,combat_war,5,train,,pending,fight | battle | war | soldier | combat | training | attack | enemy | survive | warrior
sam,combat_war,6,train,,pending,fight | battle | war | soldier | combat | training | attack | enemy | survive | warrior
sam,combat_war,7,train,,pending,fight | battle | war | soldier | combat | training | attack | enemy | survive | warrior
sam,combat_war,8,train,,pending,fight | battle | war | soldier | combat | training | attack | enemy | survive | warrior
sam,combat_war,9,train,,pending,fight | battle | war | soldier | combat | training | attack | enemy | survive | warrior
sam,combat_war,10,train,,pending,fight | battle | war | soldier | combat | training | attack | enemy | survive | warrior
sam,combat_war,11,train,,pending,fight | battle | war | soldier | combat | training | attack | enemy | survive | warrior
sam,combat_war,12,train,,pending,fight | battle | war | soldier | combat | training | attack | enemy | survive | warrior
sam,combat_war,13,train,,pending,fight | battle | war | soldier | combat | training | attack | enemy | survive | warrior
sam,combat_war,14,train,,pending,fight | battle | war | soldier | combat | training | attack | enemy | survive | warrior
sam,combat_war,15,train,,pending,fight | battle | war | soldier | combat | training | attack | enemy | survive | warrior
sam,combat_war,16,train,,pending,fight | battle | war | soldier | combat | training | attack | enemy | survive | warrior
sam,combat_war,17,train,,pending,fight | battle | war | soldier | combat | training | attack | enemy | survive | warrior
sam,combat_war,18,train,,pending,fight | battle | war | soldier | combat | training | attack | enemy | survive | warrior
sam,combat_war,19,train,,pending,fight | battle | war | soldier | combat | training | attack | enemy | survive | warrior
sam,combat_war,20,train,,pending,fight | battle | war | soldier | combat | training | attack | enemy | survive | warrior
sam,combat_war,21,validation,,pending,fight | battle | war | soldier | combat | training | attack | enemy | survive | warrior
sam,combat_war,22,validation,,pending,fight | battle | war | soldier | combat | training | attack | enemy | survive | warrior
sam,combat_war,23,validation,,pending,fight | battle | war | soldier | combat | training | attack | enemy | survive | warrior
sam,combat_war,24,validation,,pending,fight | battle | war | soldier | combat | training | attack | enemy | survive | warrior
sam,combat_war,25,validation,,pending,fight | battle | war | soldier | combat | training | attack | enemy | survive | warrior
sam,combat_war,26,test,,pending,fight | battle | war | soldier | combat | training | attack | enemy | survive | warrior
sam,combat_war,27,test,,pending,fight | battle | war | soldier | combat | training | attack | enemy | survive | warrior
sam,combat_war,28,test,,pending,fight | battle | war | soldier | combat | training | attack | enemy | survive | warrior
sam,combat_war,29,test,,pending,fight | battle | war | soldier | combat | training | attack | enemy | survive | warrior
sam,combat_war,30,test,,pending,fight | battle | war | soldier | combat | training | attack | enemy | survive | warrior
sam,teach_apprentice,1,train,,pending,apprentice | learn | teach | train | show me | how do you | smith yourself | become
sam,teach_apprentice,2,train,,pending,apprentice | learn | teach | train | show me | how do you | smith yourself | become
sam,teach_apprentice,3,train,,pending,apprentice | learn | teach | train | show me | how do you | smith yourself | become
sam,teach_apprentice,4,train,,pending,apprentice | learn | teach | train | show me | how do you | smith yourself | become
sam,teach_apprentice,5,train,,pending,apprentice | learn | teach | train | show me | how do you | smith yourself | become
sam,teach_apprentice,6,train,,pending,apprentice | learn | teach | train | show me | how do you | smith yourself | become
sam,teach_apprentice,7,train,,pending,apprentice | learn | teach | train | show me | how do you | smith yourself | become
sam,teach_apprentice,8,train,,pending,apprentice | learn | teach | train | show me | how do you | smith yourself | become
sam,teach_apprentice,9,train,,pending,apprentice | learn | teach | train | show me | how do you | smith yourself | become
sam,teach_apprentice,10,train,,pending,apprentice | learn | teach | train | show me | how do you | smith yourself | become
sam,teach_apprentice,11,train,,pending,apprentice | learn | teach | train | show me | how do you | smith yourself | become
sam,teach_apprentice,12,train,,pending,apprentice | learn | teach | train | show me | how do you | smith yourself | become
sam,teach_apprentice,13,train,,pending,apprentice | learn | teach | train | show me | how do you | smith yourself | become
sam,teach_apprentice,14,train,,pending,apprentice | learn | teach | train | show me | how do you | smith yourself | become
sam,teach_apprentice,15,train,,pending,apprentice | learn | teach | train | show me | how do you | smith yourself | become
sam,teach_apprentice,16,train,,pending,apprentice | learn | teach | train | show me | how do you | smith yourself | become
sam,teach_apprentice,17,train,,pending,apprentice | learn | teach | train | show me | how do you | smith yourself | become
sam,teach_apprentice,18,train,,pending,apprentice | learn | teach | train | show me | how do you | smith yourself | become
sam,teach_apprentice,19,train,,pending,apprentice | learn | teach | train | show me | how do you | smith yourself | become
sam,teach_apprentice,20,train,,pending,apprentice | learn | teach | train | show me | how do you | smith yourself | become
sam,teach_apprentice,21,validation,,pending,apprentice | learn | teach | train | show me | how do you | smith yourself | become
sam,teach_apprentice,22,validation,,pending,apprentice | learn | teach | train | show me | how do you | smith yourself | become
sam,teach_apprentice,23,validation,,pending,apprentice | learn | teach | train | show me | how do you | smith yourself | become
sam,teach_apprentice,24,validation,,pending,apprentice | learn | teach | train | show me | how do you | smith yourself | become
sam,teach_apprentice,25,validation,,pending,apprentice | learn | teach | train | show me | how do you | smith yourself | become
sam,teach_apprentice,26,test,,pending,apprentice | learn | teach | train | show me | how do you | smith yourself | become
sam,teach_apprentice,27,test,,pending,apprentice | learn | teach | train | show me | how do you | smith yourself | become
sam,teach_apprentice,28,test,,pending,apprentice | learn | teach | train | show me | how do you | smith yourself | become
sam,teach_apprentice,29,test,,pending,apprentice | learn | teach | train | show me | how do you | smith yourself | become
sam,teach_apprentice,30,test,,pending,apprentice | learn | teach | train | show me | how do you | smith yourself | become
sam,village_defense,1,train,,pending,village | defense | protect | wall | raid | attack coming | garrison | fortify | keep safe
sam,village_defense,2,train,,pending,village | defense | protect | wall | raid | attack coming | garrison | fortify | keep safe
sam,village_defense,3,train,,pending,village | defense | protect | wall | raid | attack coming | garrison | fortify | keep safe
sam,village_defense,4,train,,pending,village | defense | protect | wall | raid | attack coming | garrison | fortify | keep safe
sam,village_defense,5,train,,pending,village | defense | protect | wall | raid | attack coming | garrison | fortify | keep safe
sam,village_defense,6,train,,pending,village | defense | protect | wall | raid | attack coming | garrison | fortify | keep safe
sam,village_defense,7,train,,pending,village | defense | protect | wall | raid | attack coming | garrison | fortify | keep safe
sam,village_defense,8,train,,pending,village | defense | protect | wall | raid | attack coming | garrison | fortify | keep safe
sam,village_defense,9,train,,pending,village | defense | protect | wall | raid | attack coming | garrison | fortify | keep safe
sam,village_defense,10,train,,pending,village | defense | protect | wall | raid | attack coming | garrison | fortify | keep safe
sam,village_defense,11,train,,pending,village | defense | protect | wall | raid | attack coming | garrison | fortify | keep safe
sam,village_defense,12,train,,pending,village | defense | protect | wall | raid | attack coming | garrison | fortify | keep safe
sam,village_defense,13,train,,pending,village | defense | protect | wall | raid | attack coming | garrison | fortify | keep safe
sam,village_defense,14,train,,pending,village | defense | protect | wall | raid | attack coming | garrison | fortify | keep safe
sam,village_defense,15,train,,pending,village | defense | protect | wall | raid | attack coming | garrison | fortify | keep safe
sam,village_defense,16,train,,pending,village | defense | protect | wall | raid | attack coming | garrison | fortify | keep safe
sam,village_defense,17,train,,pending,village | defense | protect | wall | raid | attack coming | garrison | fortify | keep safe
sam,village_defense,18,train,,pending,village | defense | protect | wall | raid | attack coming | garrison | fortify | keep safe
sam,village_defense,19,train,,pending,village | defense | protect | wall | raid | attack coming | garrison | fortify | keep safe
sam,village_defense,20,train,,pending,village | defense | protect | wall | raid | attack coming | garrison | fortify | keep safe
sam,village_defense,21,validation,,pending,village | defense | protect | wall | raid | attack coming | garrison | fortify | keep safe
sam,village_defense,22,validation,,pending,village | defense | protect | wall | raid | attack coming | garrison | fortify | keep safe
sam,village_defense,23,validation,,pending,village | defense | protect | wall | raid | attack coming | garrison | fortify | keep safe
sam,village_defense,24,validation,,pending,village | defense | protect | wall | raid | attack coming | garrison | fortify | keep safe
sam,village_defense,25,validation,,pending,village | defense | protect | wall | raid | attack coming | garrison | fortify | keep safe
sam,village_defense,26,test,,pending,village | defense | protect | wall | raid | attack coming | garrison | fortify | keep safe
sam,village_defense,27,test,,pending,village | defense | protect | wall | raid | attack coming | garrison | fortify | keep safe
sam,village_defense,28,test,,pending,village | defense | protect | wall | raid | attack coming | garrison | fortify | keep safe
sam,village_defense,29,test,,pending,village | defense | protect | wall | raid | attack coming | garrison | fortify | keep safe
sam,village_defense,30,test,,pending,village | defense | protect | wall | raid | attack coming | garrison | fortify | keep safe
sam,finn,1,train,,pending,finn | kid | boy | child | young | sneaking
sam,finn,2,train,,pending,finn | kid | boy | child | young | sneaking
sam,finn,3,train,,pending,finn | kid | boy | child | young | sneaking
sam,finn,4,train,,pending,finn | kid | boy | child | young | sneaking
sam,finn,5,train,,pending,finn | kid | boy | child | young | sneaking
sam,finn,6,train,,pending,finn | kid | boy | child | young | sneaking
sam,finn,7,train,,pending,finn | kid | boy | child | young | sneaking
sam,finn,8,train,,pending,finn | kid | boy | child | young | sneaking
sam,finn,9,train,,pending,finn | kid | boy | child | young | sneaking
sam,finn,10,train,,pending,finn | kid | boy | child | young | sneaking
sam,finn,11,train,,pending,finn | kid | boy | child | young | sneaking
sam,finn,12,train,,pending,finn | kid | boy | child | young | sneaking
sam,finn,13,train,,pending,finn | kid | boy | child | young | sneaking
sam,finn,14,train,,pending,finn | kid | boy | child | young | sneaking
sam,finn,15,train,,pending,finn | kid | boy | child | young | sneaking
sam,finn,16,train,,pending,finn | kid | boy | child | young | sneaking
sam,finn,17,train,,pending,finn | kid | boy | child | young | sneaking
sam,finn,18,train,,pending,finn | kid | boy | child | young | sneaking
sam,finn,19,train,,pending,finn | kid | boy | child | young | sneaking
sam,finn,20,train,,pending,finn | kid | boy | child | young | sneaking
sam,finn,21,validation,,pending,finn | kid | boy | child | young | sneaking
sam,finn,22,validation,,pending,finn | kid | boy | child | young | sneaking
sam,finn,23,validation,,pending,finn | kid | boy | child | young | sneaking
sam,finn,24,validation,,pending,finn | kid | boy | child | young | sneaking
sam,finn,25,validation,,pending,finn | kid | boy | child | young | sneaking
sam,finn,26,test,,pending,finn | kid | boy | child | young | sneaking
sam,finn,27,test,,pending,finn | kid | boy | child | young | sneaking
sam,finn,28,test,,pending,finn | kid | boy | child | young | sneaking
sam,finn,29,test,,pending,finn | kid | boy | child | young | sneaking
sam,finn,30,test,,pending,finn | kid | boy | child | young | sneaking
sam,tabitha,1,train,,pending,tabitha | elder | old woman | sage | border war | owe | debt
sam,tabitha,2,train,,pending,tabitha | elder | old woman | sage | border war | owe | debt
sam,tabitha,3,train,,pending,tabitha | elder | old woman | sage | border war | owe | debt
sam,tabitha,4,train,,pending,tabitha | elder | old woman | sage | border war | owe | debt
sam,tabitha,5,train,,pending,tabitha | elder | old woman | sage | border war | owe | debt
sam,tabitha,6,train,,pending,tabitha | elder | old woman | sage | border war | owe | debt
sam,tabitha,7,train,,pending,tabitha | elder | old woman | sage | border war | owe | debt
sam,tabitha,8,train,,pending,tabitha | elder | old woman | sage | border war | owe | debt
sam,tabitha,9,train,,pending,tabitha | elder | old woman | sage | border war | owe | debt
sam,tabitha,10,train,,pending,tabitha | elder | old woman | sage | border war | owe | debt
sam,tabitha,11,train,,pending,tabitha | elder | old woman | sage | border war | owe | debt
sam,tabitha,12,train,,pending,tabitha | elder | old woman | sage | border war | owe | debt
sam,tabitha,13,train,,pending,tabitha | elder | old woman | sage | border war | owe | debt
sam,tabitha,14,train,,pending,tabitha | elder | old woman | sage | border war | owe | debt
sam,tabitha,15,train,,pending,tabitha | elder | old woman | sage | border war | owe | debt
sam,tabitha,16,train,,pending,tabitha | elder | old woman | sage | border war | owe | debt
sam,tabitha,17,train,,pending,tabitha | elder | old woman | sage | border war | owe | debt
sam,tabitha,18,train,,pending,tabitha | elder | old woman | sage | border war | owe | debt
sam,tabitha,19,train,,pending,tabitha | elder | old woman | sage | border war | owe | debt
sam,tabitha,20,train,,pending,tabitha | elder | old woman | sage | border war | owe | debt
sam,tabitha,21,validation,,pending,tabitha | elder | old woman | sage | border war | owe | debt
sam,tabitha,22,validation,,pending,tabitha | elder | old woman | sage | border war | owe | debt
sam,tabitha,23,validation,,pending,tabitha | elder | old woman | sage | border war | owe | debt
sam,tabitha,24,validation,,pending,tabitha | elder | old woman | sage | border war | owe | debt
sam,tabitha,25,validation,,pending,tabitha | elder | old woman | sage | border war | owe | debt
sam,tabitha,26,test,,pending,tabitha | elder | old woman | sage | border war | owe | debt
sam,tabitha,27,test,,pending,tabitha | elder | old woman | sage | border war | owe | debt
sam,tabitha,28,test,,pending,tabitha | elder | old woman | sage | border war | owe | debt
sam,tabitha,29,test,,pending,tabitha | elder | old woman | sage | border war | owe | debt
sam,tabitha,30,test,,pending,tabitha | elder | old woman | sage | border war | owe | debt
sam,price_cost,1,train,,pending,price | cost | how much | pay | coin | expensive | afford | charge
sam,price_cost,2,train,,pending,price | cost | how much | pay | coin | expensive | afford | charge
sam,price_cost,3,train,,pending,price | cost | how much | pay | coin | expensive | afford | charge
sam,price_cost,4,train,,pending,price | cost | how much | pay | coin | expensive | afford | charge
sam,price_cost,5,train,,pending,price | cost | how much | pay | coin | expensive | afford | charge
sam,price_cost,6,train,,pending,price | cost | how much | pay | coin | expensive | afford | charge
sam,price_cost,7,train,,pending,price | cost | how much | pay | coin | expensive | afford | charge
sam,price_cost,8,train,,pending,price | cost | how much | pay | coin | expensive | afford | charge
sam,price_cost,9,train,,pending,price | cost | how much | pay | coin | expensive | afford | charge
sam,price_cost,10,train,,pending,price | cost | how much | pay | coin | expensive | afford | charge
sam,price_cost,11,train,,pending,price | cost | how much | pay | coin | expensive | afford | charge
sam,price_cost,12,train,,pending,price | cost | how much | pay | coin | expensive | afford | charge
sam,price_cost,13,train,,pending,price | cost | how much | pay | coin | expensive | afford | charge
sam,price_cost,14,train,,pending,price | cost | how much | pay | coin | expensive | afford | charge
sam,price_cost,15,train,,pending,price | cost | how much | pay | coin | expensive | afford | charge
sam,price_cost,16,train,,pending,price | cost | how much | pay | coin | expensive | afford | charge
sam,price_cost,17,train,,pending,price | cost | how much | pay | coin | expensive | afford | charge
sam,price_cost,18,train,,pending,price | cost | how much | pay | coin | expensive | afford | charge
sam,price_cost,19,train,,pending,price | cost | how much | pay | coin | expensive | afford | charge
sam,price_cost,20,train,,pending,price | cost | how much | pay | coin | expensive | afford | charge
sam,price_cost,21,validation,,pending,price | cost | how much | pay | coin | expensive | afford | charge
sam,price_cost,22,validation,,pending,price | cost | how much | pay | coin | expensive | afford | charge
sam,price_cost,23,validation,,pending,price | cost | how much | pay | coin | expensive | afford | charge
sam,price_cost,24,validation,,pending,price | cost | how much | pay | coin | expensive | afford | charge
sam,price_cost,25,validation,,pending,price | cost | how much | pay | coin | expensive | afford | charge
sam,price_cost,26,test,,pending,price | cost | how much | pay | coin | expensive | afford | charge
sam,price_cost,27,test,,pending,price | cost | how much | pay | coin | expensive | afford | charge
sam,price_cost,28,test,,pending,price | cost | how much | pay | coin | expensive | afford | charge
sam,price_cost,29,test,,pending,price | cost | how much | pay | coin | expensive | afford | charge
sam,price_cost,30,test,,pending,price | cost | how much | pay | coin | expensive | afford | charge
sam,mercenary_role,1,train,,pending,mercenary | warrior | weapon balance | blade tempering | armor fitting
sam,mercenary_role,2,train,,pending,mercenary | warrior | weapon balance | blade tempering | armor fitting
sam,mercenary_role,3,train,,pending,mercenary | warrior | weapon balance | blade tempering | armor fitting
sam,mercenary_role,4,train,,pending,mercenary | warrior | weapon balance | blade tempering | armor fitting
sam,mercenary_role,5,train,,pending,mercenary | warrior | weapon balance | blade tempering | armor fitting
sam,mercenary_role,6,train,,pending,mercenary | warrior | weapon balance | blade tempering | armor fitting
sam,mercenary_role,7,train,,pending,mercenary | warrior | weapon balance | blade tempering | armor fitting
sam,mercenary_role,8,train,,pending,mercenary | warrior | weapon balance | blade tempering | armor fitting
sam,mercenary_role,9,train,,pending,mercenary | warrior | weapon balance | blade tempering | armor fitting
sam,mercenary_role,10,train,,pending,mercenary | warrior | weapon balance | blade tempering | armor fitting
sam,mercenary_role,11,train,,pending,mercenary | warrior | weapon balance | blade tempering | armor fitting
sam,mercenary_role,12,train,,pending,mercenary | warrior | weapon balance | blade tempering | armor fitting
sam,mercenary_role,13,train,,pending,mercenary | warrior | weapon balance | blade tempering | armor fitting
sam,mercenary_role,14,train,,pending,mercenary | warrior | weapon balance | blade tempering | armor fitting
sam,mercenary_role,15,train,,pending,mercenary | warrior | weapon balance | blade tempering | armor fitting
sam,mercenary_role,16,train,,pending,mercenary | warrior | weapon balance | blade tempering | armor fitting
sam,mercenary_role,17,train,,pending,mercenary | warrior | weapon balance | blade tempering | armor fitting
sam,mercenary_role,18,train,,pending,mercenary | warrior | weapon balance | blade tempering | armor fitting
sam,mercenary_role,19,train,,pending,mercenary | warrior | weapon balance | blade tempering | armor fitting
sam,mercenary_role,20,train,,pending,mercenary | warrior | weapon balance | blade tempering | armor fitting
sam,mercenary_role,21,validation,,pending,mercenary | warrior | weapon balance | blade tempering | armor fitting
sam,mercenary_role,22,validation,,pending,mercenary | warrior | weapon balance | blade tempering | armor fitting
sam,mercenary_role,23,validation,,pending,mercenary | warrior | weapon balance | blade tempering | armor fitting
sam,mercenary_role,24,validation,,pending,mercenary | warrior | weapon balance | blade tempering | armor fitting
sam,mercenary_role,25,validation,,pending,mercenary | warrior | weapon balance | blade tempering | armor fitting
sam,mercenary_role,26,test,,pending,mercenary | warrior | weapon balance | blade tempering | armor fitting
sam,mercenary_role,27,test,,pending,mercenary | warrior | weapon balance | blade tempering | armor fitting
sam,mercenary_role,28,test,,pending,mercenary | warrior | weapon balance | blade tempering | armor fitting
sam,mercenary_role,29,test,,pending,mercenary | warrior | weapon balance | blade tempering | armor fitting
sam,mercenary_role,30,test,,pending,mercenary | warrior | weapon balance | blade tempering | armor fitting
sam,scholar_role,1,train,,pending,scholar | magic weapons | runes | starmetal | enchanting
sam,scholar_role,2,train,,pending,scholar | magic weapons | runes | starmetal | enchanting
sam,scholar_role,3,train,,pending,scholar | magic weapons | runes | starmetal | enchanting
sam,scholar_role,4,train,,pending,scholar | magic weapons | runes | starmetal | enchanting
sam,scholar_role,5,train,,pending,scholar | magic weapons | runes | starmetal | enchanting
sam,scholar_role,6,train,,pending,scholar | magic weapons | runes | starmetal | enchanting
sam,scholar_role,7,train,,pending,scholar | magic weapons | runes | starmetal | enchanting
sam,scholar_role,8,train,,pending,scholar | magic weapons | runes | starmetal | enchanting
sam,scholar_role,9,train,,pending,scholar | magic weapons | runes | starmetal | enchanting
sam,scholar_role,10,train,,pending,scholar | magic weapons | runes | starmetal | enchanting
sam,scholar_role,11,train,,pending,scholar | magic weapons | runes | starmetal | enchanting
sam,scholar_role,12,train,,pending,scholar | magic weapons | runes | starmetal | enchanting
sam,scholar_role,13,train,,pending,scholar | magic weapons | runes | starmetal | enchanting
sam,scholar_role,14,train,,pending,scholar | magic weapons | runes | starmetal | enchanting
sam,scholar_role,15,train,,pending,scholar | magic weapons | runes | starmetal | enchanting
sam,scholar_role,16,train,,pending,scholar | magic weapons | runes | starmetal | enchanting
sam,scholar_role,17,train,,pending,scholar | magic weapons | runes | starmetal | enchanting
sam,scholar_role,18,train,,pending,scholar | magic weapons | runes | starmetal | enchanting
sam,scholar_role,19,train,,pending,scholar | magic weapons | runes | starmetal | enchanting
sam,scholar_role,20,train,,pending,scholar | magic weapons | runes | starmetal | enchanting
sam,scholar_role,21,validation,,pending,scholar | magic weapons | runes | starmetal | enchanting
sam,scholar_role,22,validation,,pending,scholar | magic weapons | runes | starmetal | enchanting
sam,scholar_role,23,validation,,pending,scholar | magic weapons | runes | starmetal | enchanting
sam,scholar_role,24,validation,,pending,scholar | magic weapons | runes | starmetal | enchanting
sam,scholar_role,25,validation,,pending,scholar | magic weapons | runes | starmetal | enchanting
sam,scholar_role,26,test,,pending,scholar | magic weapons | runes | starmetal | enchanting
sam,scholar_role,27,test,,pending,scholar | magic weapons | runes | starmetal | enchanting
sam,scholar_role,28,test,,pending,scholar | magic weapons | runes | starmetal | enchanting
sam,scholar_role,29,test,,pending,scholar | magic weapons | runes | starmetal | enchanting
sam,scholar_role,30,test,,pending,scholar | magic weapons | runes | starmetal | enchanting
sam,origin_story,1,train,,pending,your past | old campaigns | veteran | soldier | war story
sam,origin_story,2,train,,pending,your past | old campaigns | veteran | soldier | war story
sam,origin_story,3,train,,pending,your past | old campaigns | veteran | soldier | war story
sam,origin_story,4,train,,pending,your past | old campaigns | veteran | soldier | war story
sam,origin_story,5,train,,pending,your past | old campaigns | veteran | soldier | war story
sam,origin_story,6,train,,pending,your past | old campaigns | veteran | soldier | war story
sam,origin_story,7,train,,pending,your past | old campaigns | veteran | soldier | war story
sam,origin_story,8,train,,pending,your past | old campaigns | veteran | soldier | war story
sam,origin_story,9,train,,pending,your past | old campaigns | veteran | soldier | war story
sam,origin_story,10,train,,pending,your past | old campaigns | veteran | soldier | war story
sam,origin_story,11,train,,pending,your past | old campaigns | veteran | soldier | war story
sam,origin_story,12,train,,pending,your past | old campaigns | veteran | soldier | war story
sam,origin_story,13,train,,pending,your past | old campaigns | veteran | soldier | war story
sam,origin_story,14,train,,pending,your past | old campaigns | veteran | soldier | war story
sam,origin_story,15,train,,pending,your past | old campaigns | veteran | soldier | war story
sam,origin_story,16,train,,pending,your past | old campaigns | veteran | soldier | war story
sam,origin_story,17,train,,pending,your past | old campaigns | veteran | soldier | war story
sam,origin_story,18,train,,pending,your past | old campaigns | veteran | soldier | war story
sam,origin_story,19,train,,pending,your past | old campaigns | veteran | soldier | war story
sam,origin_story,20,train,,pending,your past | old campaigns | veteran | soldier | war story
sam,origin_story,21,validation,,pending,your past | old campaigns | veteran | soldier | war story
sam,origin_story,22,validation,,pending,your past | old campaigns | veteran | soldier | war story
sam,origin_story,23,validation,,pending,your past | old campaigns | veteran | soldier | war story
sam,origin_story,24,validation,,pending,your past | old campaigns | veteran | soldier | war story
sam,origin_story,25,validation,,pending,your past | old campaigns | veteran | soldier | war story
sam,origin_story,26,test,,pending,your past | old campaigns | veteran | soldier | war story
sam,origin_story,27,test,,pending,your past | old campaigns | veteran | soldier | war story
sam,origin_story,28,test,,pending,your past | old campaigns | veteran | soldier | war story
sam,origin_story,29,test,,pending,your past | old campaigns | veteran | soldier | war story
sam,origin_story,30,test,,pending,your past | old campaigns | veteran | soldier | war story
tabitha,history_lore,1,train,,pending,history | lore | past | records | ancient | old times | before | origin | founding | tell me about
tabitha,history_lore,2,train,,pending,history | lore | past | records | ancient | old times | before | origin | founding | tell me about
tabitha,history_lore,3,train,,pending,history | lore | past | records | ancient | old times | before | origin | founding | tell me about
tabitha,history_lore,4,train,,pending,history | lore | past | records | ancient | old times | before | origin | founding | tell me about
tabitha,history_lore,5,train,,pending,history | lore | past | records | ancient | old times | before | origin | founding | tell me about
tabitha,history_lore,6,train,,pending,history | lore | past | records | ancient | old times | before | origin | founding | tell me about
tabitha,history_lore,7,train,,pending,history | lore | past | records | ancient | old times | before | origin | founding | tell me about
tabitha,history_lore,8,train,,pending,history | lore | past | records | ancient | old times | before | origin | founding | tell me about
tabitha,history_lore,9,train,,pending,history | lore | past | records | ancient | old times | before | origin | founding | tell me about
tabitha,history_lore,10,train,,pending,history | lore | past | records | ancient | old times | before | origin | founding | tell me about
tabitha,history_lore,11,train,,pending,history | lore | past | records | ancient | old times | before | origin | founding | tell me about
tabitha,history_lore,12,train,,pending,history | lore | past | records | ancient | old times | before | origin | founding | tell me about
tabitha,history_lore,13,train,,pending,history | lore | past | records | ancient | old times | before | origin | founding | tell me about
tabitha,history_lore,14,train,,pending,history | lore | past | records | ancient | old times | before | origin | founding | tell me about
tabitha,history_lore,15,train,,pending,history | lore | past | records | ancient | old times | before | origin | founding | tell me about
tabitha,history_lore,16,train,,pending,history | lore | past | records | ancient | old times | before | origin | founding | tell me about
tabitha,history_lore,17,train,,pending,history | lore | past | records | ancient | old times | before | origin | founding | tell me about
tabitha,history_lore,18,train,,pending,history | lore | past | records | ancient | old times | before | origin | founding | tell me about
tabitha,history_lore,19,train,,pending,history | lore | past | records | ancient | old times | before | origin | founding | tell me about
tabitha,history_lore,20,train,,pending,history | lore | past | records | ancient | old times | before | origin | founding | tell me about
tabitha,history_lore,21,validation,,pending,history | lore | past | records | ancient | old times | before | origin | founding | tell me about
tabitha,history_lore,22,validation,,pending,history | lore | past | records | ancient | old times | before | origin | founding | tell me about
tabitha,history_lore,23,validation,,pending,history | lore | past | records | ancient | old times | before | origin | founding | tell me about
tabitha,history_lore,24,validation,,pending,history | lore | past | records | ancient | old times | before | origin | founding | tell me about
tabitha,history_lore,25,validation,,pending,history | lore | past | records | ancient | old times | before | origin | founding | tell me about
tabitha,history_lore,26,test,,pending,history | lore | past | records | ancient | old times | before | origin | founding | tell me about
tabitha,history_lore,27,test,,pending,history | lore | past | records | ancient | old times | before | origin | founding | tell me about
tabitha,history_lore,28,test,,pending,history | lore | past | records | ancient | old times | before | origin | founding | tell me about
tabitha,history_lore,29,test,,pending,history | lore | past | records | ancient | old times | before | origin | founding | tell me about
tabitha,history_lore,30,test,,pending,history | lore | past | records | ancient | old times | before | origin | founding | tell me about
tabitha,danger_prophecy,1,train,,pending,danger | threat | prophecy | warning | coming | darkness | evil | shadow | foretold | destined
tabitha,danger_prophecy,2,train,,pending,danger | threat | prophecy | warning | coming | darkness | evil | shadow | foretold | destined
tabitha,danger_prophecy,3,train,,pending,danger | threat | prophecy | warning | coming | darkness | evil | shadow | foretold | destined
tabitha,danger_prophecy,4,train,,pending,danger | threat | prophecy | warning | coming | darkness | evil | shadow | foretold | destined
tabitha,danger_prophecy,5,train,,pending,danger | threat | prophecy | warning | coming | darkness | evil | shadow | foretold | destined
tabitha,danger_prophecy,6,train,,pending,danger | threat | prophecy | warning | coming | darkness | evil | shadow | foretold | destined
tabitha,danger_prophecy,7,train,,pending,danger | threat | prophecy | warning | coming | darkness | evil | shadow | foretold | destined
tabitha,danger_prophecy,8,train,,pending,danger | threat | prophecy | warning | coming | darkness | evil | shadow | foretold | destined
tabitha,danger_prophecy,9,train,,pending,danger | threat | prophecy | warning | coming | darkness | evil | shadow | foretold | destined
tabitha,danger_prophecy,10,train,,pending,danger | threat | prophecy | warning | coming | darkness | evil | shadow | foretold | destined
tabitha,danger_prophecy,11,train,,pending,danger | threat | prophecy | warning | coming | darkness | evil | shadow | foretold | destined
tabitha,danger_prophecy,12,train,,pending,danger | threat | prophecy | warning | coming | darkness | evil | shadow | foretold | destined
tabitha,danger_prophecy,13,train,,pending,danger | threat | prophecy | warning | coming | darkness | evil | shadow | foretold | destined
tabitha,danger_prophecy,14,train,,pending,danger | threat | prophecy | warning | coming | darkness | evil | shadow | foretold | destined
tabitha,danger_prophecy,15,train,,pending,danger | threat | prophecy | warning | coming | darkness | evil | shadow | foretold | destined
tabitha,danger_prophecy,16,train,,pending,danger | threat | prophecy | warning | coming | darkness | evil | shadow | foretold | destined
tabitha,danger_prophecy,17,train,,pending,danger | threat | prophecy | warning | coming | darkness | evil | shadow | foretold | destined
tabitha,danger_prophecy,18,train,,pending,danger | threat | prophecy | warning | coming | darkness | evil | shadow | foretold | destined
tabitha,danger_prophecy,19,train,,pending,danger | threat | prophecy | warning | coming | darkness | evil | shadow | foretold | destined
tabitha,danger_prophecy,20,train,,pending,danger | threat | prophecy | warning | coming | darkness | evil | shadow | foretold | destined
tabitha,danger_prophecy,21,validation,,pending,danger | threat | prophecy | warning | coming | darkness | evil | shadow | foretold | destined
tabitha,danger_prophecy,22,validation,,pending,danger | threat | prophecy | warning | coming | darkness | evil | shadow | foretold | destined
tabitha,danger_prophecy,23,validation,,pending,danger | threat | prophecy | warning | coming | darkness | evil | shadow | foretold | destined
tabitha,danger_prophecy,24,validation,,pending,danger | threat | prophecy | warning | coming | darkness | evil | shadow | foretold | destined
tabitha,danger_prophecy,25,validation,,pending,danger | threat | prophecy | warning | coming | darkness | evil | shadow | foretold | destined
tabitha,danger_prophecy,26,test,,pending,danger | threat | prophecy | warning | coming | darkness | evil | shadow | foretold | destined
tabitha,danger_prophecy,27,test,,pending,danger | threat | prophecy | warning | coming | darkness | evil | shadow | foretold | destined
tabitha,danger_prophecy,28,test,,pending,danger | threat | prophecy | warning | coming | darkness | evil | shadow | foretold | destined
tabitha,danger_prophecy,29,test,,pending,danger | threat | prophecy | warning | coming | darkness | evil | shadow | foretold | destined
tabitha,danger_prophecy,30,test,,pending,danger | threat | prophecy | warning | coming | darkness | evil | shadow | foretold | destined
tabitha,castle_ruins,1,train,,pending,castle | ruin | fortress | old building | fallen | collapsed | abandoned structure
tabitha,castle_ruins,2,train,,pending,castle | ruin | fortress | old building | fallen | collapsed | abandoned structure
tabitha,castle_ruins,3,train,,pending,castle | ruin | fortress | old building | fallen | collapsed | abandoned structure
tabitha,castle_ruins,4,train,,pending,castle | ruin | fortress | old building | fallen | collapsed | abandoned structure
tabitha,castle_ruins,5,train,,pending,castle | ruin | fortress | old building | fallen | collapsed | abandoned structure
tabitha,castle_ruins,6,train,,pending,castle | ruin | fortress | old building | fallen | collapsed | abandoned structure
tabitha,castle_ruins,7,train,,pending,castle | ruin | fortress | old building | fallen | collapsed | abandoned structure
tabitha,castle_ruins,8,train,,pending,castle | ruin | fortress | old building | fallen | collapsed | abandoned structure
tabitha,castle_ruins,9,train,,pending,castle | ruin | fortress | old building | fallen | collapsed | abandoned structure
tabitha,castle_ruins,10,train,,pending,castle | ruin | fortress | old building | fallen | collapsed | abandoned structure
tabitha,castle_ruins,11,train,,pending,castle | ruin | fortress | old building | fallen | collapsed | abandoned structure
tabitha,castle_ruins,12,train,,pending,castle | ruin | fortress | old building | fallen | collapsed | abandoned structure
tabitha,castle_ruins,13,train,,pending,castle | ruin | fortress | old building | fallen | collapsed | abandoned structure
tabitha,castle_ruins,14,train,,pending,castle | ruin | fortress | old building | fallen | collapsed | abandoned structure
tabitha,castle_ruins,15,train,,pending,castle | ruin | fortress | old building | fallen | collapsed | abandoned structure
tabitha,castle_ruins,16,train,,pending,castle | ruin | fortress | old building | fallen | collapsed | abandoned structure
tabitha,castle_ruins,17,train,,pending,castle | ruin | fortress | old building | fallen | collapsed | abandoned structure
tabitha,castle_ruins,18,train,,pending,castle | ruin | fortress | old building | fallen | collapsed | abandoned structure
tabitha,castle_ruins,19,train,,pending,castle | ruin | fortress | old building | fallen | collapsed | abandoned structure
tabitha,castle_ruins,20,train,,pending,castle | ruin | fortress | old building | fallen | collapsed | abandoned structure
tabitha,castle_ruins,21,validation,,pending,castle | ruin | fortress | old building | fallen | collapsed | abandoned structure
tabitha,castle_ruins,22,validation,,pending,castle | ruin | fortress | old building | fallen | collapsed | abandoned structure
tabitha,castle_ruins,23,validation,,pending,castle | ruin | fortress | old building | fallen | collapsed | abandoned structure
tabitha,castle_ruins,24,validation,,pending,castle | ruin | fortress | old building | fallen | collapsed | abandoned structure
tabitha,castle_ruins,25,validation,,pending,castle | ruin | fortress | old building | fallen | collapsed | abandoned structure
tabitha,castle_ruins,26,test,,pending,castle | ruin | fortress | old building | fallen | collapsed | abandoned structure
tabitha,castle_ruins,27,test,,pending,castle | ruin | fortress | old building | fallen | collapsed | abandoned structure
tabitha,castle_ruins,28,test,,pending,castle | ruin | fortress | old building | fallen | collapsed | abandoned structure
tabitha,castle_ruins,29,test,,pending,castle | ruin | fortress | old building | fallen | collapsed | abandoned structure
tabitha,castle_ruins,30,test,,pending,castle | ruin | fortress | old building | fallen | collapsed | abandoned structure
tabitha,magic_arcane,1,train,,pending,magic | mage | arcane | spell | enchant | power | mystical | sorcery | ritual | wards
tabitha,magic_arcane,2,train,,pending,magic | mage | arcane | spell | enchant | power | mystical | sorcery | ritual | wards
tabitha,magic_arcane,3,train,,pending,magic | mage | arcane | spell | enchant | power | mystical | sorcery | ritual | wards
tabitha,magic_arcane,4,train,,pending,magic | mage | arcane | spell | enchant | power | mystical | sorcery | ritual | wards
tabitha,magic_arcane,5,train,,pending,magic | mage | arcane | spell | enchant | power | mystical | sorcery | ritual | wards
tabitha,magic_arcane,6,train,,pending,magic | mage | arcane | spell | enchant | power | mystical | sorcery | ritual | wards
tabitha,magic_arcane,7,train,,pending,magic | mage | arcane | spell | enchant | power | mystical | sorcery | ritual | wards
tabitha,magic_arcane,8,train,,pending,magic | mage | arcane | spell | enchant | power | mystical | sorcery | ritual | wards
tabitha,magic_arcane,9,train,,pending,magic | mage | arcane | spell | enchant | power | mystical | sorcery | ritual | wards
tabitha,magic_arcane,10,train,,pending,magic | mage | arcane | spell | enchant | power | mystical | sorcery | ritual | wards
tabitha,magic_arcane,11,train,,pending,magic | mage | arcane | spell | enchant | power | mystical | sorcery | ritual | wards
tabitha,magic_arcane,12,train,,pending,magic | mage | arcane | spell | enchant | power | mystical | sorcery | ritual | wards
tabitha,magic_arcane,13,train,,pending,magic | mage | arcane | spell | enchant | power | mystical | sorcery | ritual | wards
tabitha,magic_arcane,14,train,,pending,magic | mage | arcane | spell | enchant | power | mystical | sorcery | ritual | wards
tabitha,magic_arcane,15,train,,pending,magic | mage | arcane | spell | enchant | power | mystical | sorcery | ritual | wards
tabitha,magic_arcane,16,train,,pending,magic | mage | arcane | spell | enchant | power | mystical | sorcery | ritual | wards
tabitha,magic_arcane,17,train,,pending,magic | mage | arcane | spell | enchant | power | mystical | sorcery | ritual | wards
tabitha,magic_arcane,18,train,,pending,magic | mage | arcane | spell | enchant | power | mystical | sorcery | ritual | wards
tabitha,magic_arcane,19,train,,pending,magic | mage | arcane | spell | enchant | power | mystical | sorcery | ritual | wards
tabitha,magic_arcane,20,train,,pending,magic | mage | arcane | spell | enchant | power | mystical | sorcery | ritual | wards
tabitha,magic_arcane,21,validation,,pending,magic | mage | arcane | spell | enchant | power | mystical | sorcery | ritual | wards
tabitha,magic_arcane,22,validation,,pending,magic | mage | arcane | spell | enchant | power | mystical | sorcery | ritual | wards
tabitha,magic_arcane,23,validation,,pending,magic | mage | arcane | spell | enchant | power | mystical | sorcery | ritual | wards
tabitha,magic_arcane,24,validation,,pending,magic | mage | arcane | spell | enchant | power | mystical | sorcery | ritual | wards
tabitha,magic_arcane,25,validation,,pending,magic | mage | arcane | spell | enchant | power | mystical | sorcery | ritual | wards
tabitha,magic_arcane,26,test,,pending,magic | mage | arcane | spell | enchant | power | mystical | sorcery | ritual | wards
tabitha,magic_arcane,27,test,,pending,magic | mage | arcane | spell | enchant | power | mystical | sorcery | ritual | wards
tabitha,magic_arcane,28,test,,pending,magic | mage | arcane | spell | enchant | power | mystical | sorcery | ritual | wards
tabitha,magic_arcane,29,test,,pending,magic | mage | arcane | spell | enchant | power | mystical | sorcery | ritual | wards
tabitha,magic_arcane,30,test,,pending,magic | mage | arcane | spell | enchant | power | mystical | sorcery | ritual | wards
tabitha,truth_knowledge,1,train,,pending,truth | secret | knowledge | know | tell me | what do you know | information | learn
tabitha,truth_knowledge,2,train,,pending,truth | secret | knowledge | know | tell me | what do you know | information | learn
tabitha,truth_knowledge,3,train,,pending,truth | secret | knowledge | know | tell me | what do you know | information | learn
tabitha,truth_knowledge,4,train,,pending,truth | secret | knowledge | know | tell me | what do you know | information | learn
tabitha,truth_knowledge,5,train,,pending,truth | secret | knowledge | know | tell me | what do you know | information | learn
tabitha,truth_knowledge,6,train,,pending,truth | secret | knowledge | know | tell me | what do you know | information | learn
tabitha,truth_knowledge,7,train,,pending,truth | secret | knowledge | know | tell me | what do you know | information | learn
tabitha,truth_knowledge,8,train,,pending,truth | secret | knowledge | know | tell me | what do you know | information | learn
tabitha,truth_knowledge,9,train,,pending,truth | secret | knowledge | know | tell me | what do you know | information | learn
tabitha,truth_knowledge,10,train,,pending,truth | secret | knowledge | know | tell me | what do you know | information | learn
tabitha,truth_knowledge,11,train,,pending,truth | secret | knowledge | know | tell me | what do you know | information | learn
tabitha,truth_knowledge,12,train,,pending,truth | secret | knowledge | know | tell me | what do you know | information | learn
tabitha,truth_knowledge,13,train,,pending,truth | secret | knowledge | know | tell me | what do you know | information | learn
tabitha,truth_knowledge,14,train,,pending,truth | secret | knowledge | know | tell me | what do you know | information | learn
tabitha,truth_knowledge,15,train,,pending,truth | secret | knowledge | know | tell me | what do you know | information | learn
tabitha,truth_knowledge,16,train,,pending,truth | secret | knowledge | know | tell me | what do you know | information | learn
tabitha,truth_knowledge,17,train,,pending,truth | secret | knowledge | know | tell me | what do you know | information | learn
tabitha,truth_knowledge,18,train,,pending,truth | secret | knowledge | know | tell me | what do you know | information | learn
tabitha,truth_knowledge,19,train,,pending,truth | secret | knowledge | know | tell me | what do you know | information | learn
tabitha,truth_knowledge,20,train,,pending,truth | secret | knowledge | know | tell me | what do you know | information | learn
tabitha,truth_knowledge,21,validation,,pending,truth | secret | knowledge | know | tell me | what do you know | information | learn
tabitha,truth_knowledge,22,validation,,pending,truth | secret | knowledge | know | tell me | what do you know | information | learn
tabitha,truth_knowledge,23,validation,,pending,truth | secret | knowledge | know | tell me | what do you know | information | learn
tabitha,truth_knowledge,24,validation,,pending,truth | secret | knowledge | know | tell me | what do you know | information | learn
tabitha,truth_knowledge,25,validation,,pending,truth | secret | knowledge | know | tell me | what do you know | information | learn
tabitha,truth_knowledge,26,test,,pending,truth | secret | knowledge | know | tell me | what do you know | information | learn
tabitha,truth_knowledge,27,test,,pending,truth | secret | knowledge | know | tell me | what do you know | information | learn
tabitha,truth_knowledge,28,test,,pending,truth | secret | knowledge | know | tell me | what do you know | information | learn
tabitha,truth_knowledge,29,test,,pending,truth | secret | knowledge | know | tell me | what do you know | information | learn
tabitha,truth_knowledge,30,test,,pending,truth | secret | knowledge | know | tell me | what do you know | information | learn
tabitha,quest_task,1,train,,pending,quest | mission | task | help | what can i do | need something | errand | send me
tabitha,quest_task,2,train,,pending,quest | mission | task | help | what can i do | need something | errand | send me
tabitha,quest_task,3,train,,pending,quest | mission | task | help | what can i do | need something | errand | send me
tabitha,quest_task,4,train,,pending,quest | mission | task | help | what can i do | need something | errand | send me
tabitha,quest_task,5,train,,pending,quest | mission | task | help | what can i do | need something | errand | send me
tabitha,quest_task,6,train,,pending,quest | mission | task | help | what can i do | need something | errand | send me
tabitha,quest_task,7,train,,pending,quest | mission | task | help | what can i do | need something | errand | send me
tabitha,quest_task,8,train,,pending,quest | mission | task | help | what can i do | need something | errand | send me
tabitha,quest_task,9,train,,pending,quest | mission | task | help | what can i do | need something | errand | send me
tabitha,quest_task,10,train,,pending,quest | mission | task | help | what can i do | need something | errand | send me
tabitha,quest_task,11,train,,pending,quest | mission | task | help | what can i do | need something | errand | send me
tabitha,quest_task,12,train,,pending,quest | mission | task | help | what can i do | need something | errand | send me
tabitha,quest_task,13,train,,pending,quest | mission | task | help | what can i do | need something | errand | send me
tabitha,quest_task,14,train,,pending,quest | mission | task | help | what can i do | need something | errand | send me
tabitha,quest_task,15,train,,pending,quest | mission | task | help | what can i do | need something | errand | send me
tabitha,quest_task,16,train,,pending,quest | mission | task | help | what can i do | need something | errand | send me
tabitha,quest_task,17,train,,pending,quest | mission | task | help | what can i do | need something | errand | send me
tabitha,quest_task,18,train,,pending,quest | mission | task | help | what can i do | need something | errand | send me
tabitha,quest_task,19,train,,pending,quest | mission | task | help | what can i do | need something | errand | send me
tabitha,quest_task,20,train,,pending,quest | mission | task | help | what can i do | need something | errand | send me
tabitha,quest_task,21,validation,,pending,quest | mission | task | help | what can i do | need something | errand | send me
tabitha,quest_task,22,validation,,pending,quest | mission | task | help | what can i do | need something | errand | send me
tabitha,quest_task,23,validation,,pending,quest | mission | task | help | what can i do | need something | errand | send me
tabitha,quest_task,24,validation,,pending,quest | mission | task | help | what can i do | need something | errand | send me
tabitha,quest_task,25,validation,,pending,quest | mission | task | help | what can i do | need something | errand | send me
tabitha,quest_task,26,test,,pending,quest | mission | task | help | what can i do | need something | errand | send me
tabitha,quest_task,27,test,,pending,quest | mission | task | help | what can i do | need something | errand | send me
tabitha,quest_task,28,test,,pending,quest | mission | task | help | what can i do | need something | errand | send me
tabitha,quest_task,29,test,,pending,quest | mission | task | help | what can i do | need something | errand | send me
tabitha,quest_task,30,test,,pending,quest | mission | task | help | what can i do | need something | errand | send me
tabitha,advice_guidance,1,train,,pending,advice | guidance | what should i do | recommend | suggest | help me decide | opinion
tabitha,advice_guidance,2,train,,pending,advice | guidance | what should i do | recommend | suggest | help me decide | opinion
tabitha,advice_guidance,3,train,,pending,advice | guidance | what should i do | recommend | suggest | help me decide | opinion
tabitha,advice_guidance,4,train,,pending,advice | guidance | what should i do | recommend | suggest | help me decide | opinion
tabitha,advice_guidance,5,train,,pending,advice | guidance | what should i do | recommend | suggest | help me decide | opinion
tabitha,advice_guidance,6,train,,pending,advice | guidance | what should i do | recommend | suggest | help me decide | opinion
tabitha,advice_guidance,7,train,,pending,advice | guidance | what should i do | recommend | suggest | help me decide | opinion
tabitha,advice_guidance,8,train,,pending,advice | guidance | what should i do | recommend | suggest | help me decide | opinion
tabitha,advice_guidance,9,train,,pending,advice | guidance | what should i do | recommend | suggest | help me decide | opinion
tabitha,advice_guidance,10,train,,pending,advice | guidance | what should i do | recommend | suggest | help me decide | opinion
tabitha,advice_guidance,11,train,,pending,advice | guidance | what should i do | recommend | suggest | help me decide | opinion
tabitha,advice_guidance,12,train,,pending,advice | guidance | what should i do | recommend | suggest | help me decide | opinion
tabitha,advice_guidance,13,train,,pending,advice | guidance | what should i do | recommend | suggest | help me decide | opinion
tabitha,advice_guidance,14,train,,pending,advice | guidance | what should i do | recommend | suggest | help me decide | opinion
tabitha,advice_guidance,15,train,,pending,advice | guidance | what should i do | recommend | suggest | help me decide | opinion
tabitha,advice_guidance,16,train,,pending,advice | guidance | what should i do | recommend | suggest | help me decide | opinion
tabitha,advice_guidance,17,train,,pending,advice | guidance | what should i do | recommend | suggest | help me decide | opinion
tabitha,advice_guidance,18,train,,pending,advice | guidance | what should i do | recommend | suggest | help me decide | opinion
tabitha,advice_guidance,19,train,,pending,advice | guidance | what should i do | recommend | suggest | help me decide | opinion
tabitha,advice_guidance,20,train,,pending,advice | guidance | what should i do | recommend | suggest | help me decide | opinion
tabitha,advice_guidance,21,validation,,pending,advice | guidance | what should i do | recommend | suggest | help me decide | opinion
tabitha,advice_guidance,22,validation,,pending,advice | guidance | what should i do | recommend | suggest | help me decide | opinion
tabitha,advice_guidance,23,validation,,pending,advice | guidance | what should i do | recommend | suggest | help me decide | opinion
tabitha,advice_guidance,24,validation,,pending,advice | guidance | what should i do | recommend | suggest | help me decide | opinion
tabitha,advice_guidance,25,validation,,pending,advice | guidance | what should i do | recommend | suggest | help me decide | opinion
tabitha,advice_guidance,26,test,,pending,advice | guidance | what should i do | recommend | suggest | help me decide | opinion
tabitha,advice_guidance,27,test,,pending,advice | guidance | what should i do | recommend | suggest | help me decide | opinion
tabitha,advice_guidance,28,test,,pending,advice | guidance | what should i do | recommend | suggest | help me decide | opinion
tabitha,advice_guidance,29,test,,pending,advice | guidance | what should i do | recommend | suggest | help me decide | opinion
tabitha,advice_guidance,30,test,,pending,advice | guidance | what should i do | recommend | suggest | help me decide | opinion
tabitha,stars_celestial,1,train,,pending,star | sky | celestial | moon | constellation | night sky | above | cosmic | omen
tabitha,stars_celestial,2,train,,pending,star | sky | celestial | moon | constellation | night sky | above | cosmic | omen
tabitha,stars_celestial,3,train,,pending,star | sky | celestial | moon | constellation | night sky | above | cosmic | omen
tabitha,stars_celestial,4,train,,pending,star | sky | celestial | moon | constellation | night sky | above | cosmic | omen
tabitha,stars_celestial,5,train,,pending,star | sky | celestial | moon | constellation | night sky | above | cosmic | omen
tabitha,stars_celestial,6,train,,pending,star | sky | celestial | moon | constellation | night sky | above | cosmic | omen
tabitha,stars_celestial,7,train,,pending,star | sky | celestial | moon | constellation | night sky | above | cosmic | omen
tabitha,stars_celestial,8,train,,pending,star | sky | celestial | moon | constellation | night sky | above | cosmic | omen
tabitha,stars_celestial,9,train,,pending,star | sky | celestial | moon | constellation | night sky | above | cosmic | omen
tabitha,stars_celestial,10,train,,pending,star | sky | celestial | moon | constellation | night sky | above | cosmic | omen
tabitha,stars_celestial,11,train,,pending,star | sky | celestial | moon | constellation | night sky | above | cosmic | omen
tabitha,stars_celestial,12,train,,pending,star | sky | celestial | moon | constellation | night sky | above | cosmic | omen
tabitha,stars_celestial,13,train,,pending,star | sky | celestial | moon | constellation | night sky | above | cosmic | omen
tabitha,stars_celestial,14,train,,pending,star | sky | celestial | moon | constellation | night sky | above | cosmic | omen
tabitha,stars_celestial,15,train,,pending,star | sky | celestial | moon | constellation | night sky | above | cosmic | omen
tabitha,stars_celestial,16,train,,pending,star | sky | celestial | moon | constellation | night sky | above | cosmic | omen
tabitha,stars_celestial,17,train,,pending,star | sky | celestial | moon | constellation | night sky | above | cosmic | omen
tabitha,stars_celestial,18,train,,pending,star | sky | celestial | moon | constellation | night sky | above | cosmic | omen
tabitha,stars_celestial,19,train,,pending,star | sky | celestial | moon | constellation | night sky | above | cosmic | omen
tabitha,stars_celestial,20,train,,pending,star | sky | celestial | moon | constellation | night sky | above | cosmic | omen
tabitha,stars_celestial,21,validation,,pending,star | sky | celestial | moon | constellation | night sky | above | cosmic | omen
tabitha,stars_celestial,22,validation,,pending,star | sky | celestial | moon | constellation | night sky | above | cosmic | omen
tabitha,stars_celestial,23,validation,,pending,star | sky | celestial | moon | constellation | night sky | above | cosmic | omen
tabitha,stars_celestial,24,validation,,pending,star | sky | celestial | moon | constellation | night sky | above | cosmic | omen
tabitha,stars_celestial,25,validation,,pending,star | sky | celestial | moon | constellation | night sky | above | cosmic | omen
tabitha,stars_celestial,26,test,,pending,star | sky | celestial | moon | constellation | night sky | above | cosmic | omen
tabitha,stars_celestial,27,test,,pending,star | sky | celestial | moon | constellation | night sky | above | cosmic | omen
tabitha,stars_celestial,28,test,,pending,star | sky | celestial | moon | constellation | night sky | above | cosmic | omen
tabitha,stars_celestial,29,test,,pending,star | sky | celestial | moon | constellation | night sky | above | cosmic | omen
tabitha,stars_celestial,30,test,,pending,star | sky | celestial | moon | constellation | night sky | above | cosmic | omen
tabitha,identity_age,1,train,,pending,who are you | how old | age | where from | your past | tell me about yourself | your history
tabitha,identity_age,2,train,,pending,who are you | how old | age | where from | your past | tell me about yourself | your history
tabitha,identity_age,3,train,,pending,who are you | how old | age | where from | your past | tell me about yourself | your history
tabitha,identity_age,4,train,,pending,who are you | how old | age | where from | your past | tell me about yourself | your history
tabitha,identity_age,5,train,,pending,who are you | how old | age | where from | your past | tell me about yourself | your history
tabitha,identity_age,6,train,,pending,who are you | how old | age | where from | your past | tell me about yourself | your history
tabitha,identity_age,7,train,,pending,who are you | how old | age | where from | your past | tell me about yourself | your history
tabitha,identity_age,8,train,,pending,who are you | how old | age | where from | your past | tell me about yourself | your history
tabitha,identity_age,9,train,,pending,who are you | how old | age | where from | your past | tell me about yourself | your history
tabitha,identity_age,10,train,,pending,who are you | how old | age | where from | your past | tell me about yourself | your history
tabitha,identity_age,11,train,,pending,who are you | how old | age | where from | your past | tell me about yourself | your history
tabitha,identity_age,12,train,,pending,who are you | how old | age | where from | your past | tell me about yourself | your history
tabitha,identity_age,13,train,,pending,who are you | how old | age | where from | your past | tell me about yourself | your history
tabitha,identity_age,14,train,,pending,who are you | how old | age | where from | your past | tell me about yourself | your history
tabitha,identity_age,15,train,,pending,who are you | how old | age | where from | your past | tell me about yourself | your history
tabitha,identity_age,16,train,,pending,who are you | how old | age | where from | your past | tell me about yourself | your history
tabitha,identity_age,17,train,,pending,who are you | how old | age | where from | your past | tell me about yourself | your history
tabitha,identity_age,18,train,,pending,who are you | how old | age | where from | your past | tell me about yourself | your history
tabitha,identity_age,19,train,,pending,who are you | how old | age | where from | your past | tell me about yourself | your history
tabitha,identity_age,20,train,,pending,who are you | how old | age | where from | your past | tell me about yourself | your history
tabitha,identity_age,21,validation,,pending,who are you | how old | age | where from | your past | tell me about yourself | your history
tabitha,identity_age,22,validation,,pending,who are you | how old | age | where from | your past | tell me about yourself | your history
tabitha,identity_age,23,validation,,pending,who are you | how old | age | where from | your past | tell me about yourself | your history
tabitha,identity_age,24,validation,,pending,who are you | how old | age | where from | your past | tell me about yourself | your history
tabitha,identity_age,25,validation,,pending,who are you | how old | age | where from | your past | tell me about yourself | your history
tabitha,identity_age,26,test,,pending,who are you | how old | age | where from | your past | tell me about yourself | your history
tabitha,identity_age,27,test,,pending,who are you | how old | age | where from | your past | tell me about yourself | your history
tabitha,identity_age,28,test,,pending,who are you | how old | age | where from | your past | tell me about yourself | your history
tabitha,identity_age,29,test,,pending,who are you | how old | age | where from | your past | tell me about yourself | your history
tabitha,identity_age,30,test,,pending,who are you | how old | age | where from | your past | tell me about yourself | your history
tabitha,sam,1,train,,pending,sam | blacksmith | smith | prosthetic | border war | ashenmoor
tabitha,sam,2,train,,pending,sam | blacksmith | smith | prosthetic | border war | ashenmoor
tabitha,sam,3,train,,pending,sam | blacksmith | smith | prosthetic | border war | ashenmoor
tabitha,sam,4,train,,pending,sam | blacksmith | smith | prosthetic | border war | ashenmoor
tabitha,sam,5,train,,pending,sam | blacksmith | smith | prosthetic | border war | ashenmoor
tabitha,sam,6,train,,pending,sam | blacksmith | smith | prosthetic | border war | ashenmoor
tabitha,sam,7,train,,pending,sam | blacksmith | smith | prosthetic | border war | ashenmoor
tabitha,sam,8,train,,pending,sam | blacksmith | smith | prosthetic | border war | ashenmoor
tabitha,sam,9,train,,pending,sam | blacksmith | smith | prosthetic | border war | ashenmoor
tabitha,sam,10,train,,pending,sam | blacksmith | smith | prosthetic | border war | ashenmoor
tabitha,sam,11,train,,pending,sam | blacksmith | smith | prosthetic | border war | ashenmoor
tabitha,sam,12,train,,pending,sam | blacksmith | smith | prosthetic | border war | ashenmoor
tabitha,sam,13,train,,pending,sam | blacksmith | smith | prosthetic | border war | ashenmoor
tabitha,sam,14,train,,pending,sam | blacksmith | smith | prosthetic | border war | ashenmoor
tabitha,sam,15,train,,pending,sam | blacksmith | smith | prosthetic | border war | ashenmoor
tabitha,sam,16,train,,pending,sam | blacksmith | smith | prosthetic | border war | ashenmoor
tabitha,sam,17,train,,pending,sam | blacksmith | smith | prosthetic | border war | ashenmoor
tabitha,sam,18,train,,pending,sam | blacksmith | smith | prosthetic | border war | ashenmoor
tabitha,sam,19,train,,pending,sam | blacksmith | smith | prosthetic | border war | ashenmoor
tabitha,sam,20,train,,pending,sam | blacksmith | smith | prosthetic | border war | ashenmoor
tabitha,sam,21,validation,,pending,sam | blacksmith | smith | prosthetic | border war | ashenmoor
tabitha,sam,22,validation,,pending,sam | blacksmith | smith | prosthetic | border war | ashenmoor
tabitha,sam,23,validation,,pending,sam | blacksmith | smith | prosthetic | border war | ashenmoor
tabitha,sam,24,validation,,pending,sam | blacksmith | smith | prosthetic | border war | ashenmoor
tabitha,sam,25,validation,,pending,sam | blacksmith | smith | prosthetic | border war | ashenmoor
tabitha,sam,26,test,,pending,sam | blacksmith | smith | prosthetic | border war | ashenmoor
tabitha,sam,27,test,,pending,sam | blacksmith | smith | prosthetic | border war | ashenmoor
tabitha,sam,28,test,,pending,sam | blacksmith | smith | prosthetic | border war | ashenmoor
tabitha,sam,29,test,,pending,sam | blacksmith | smith | prosthetic | border war | ashenmoor
tabitha,sam,30,test,,pending,sam | blacksmith | smith | prosthetic | border war | ashenmoor
tabitha,artifact_relic,1,train,,pending,artifact | relic | object | found something | strange item | key | amulet | seal | ancient object
tabitha,artifact_relic,2,train,,pending,artifact | relic | object | found something | strange item | key | amulet | seal | ancient object
tabitha,artifact_relic,3,train,,pending,artifact | relic | object | found something | strange item | key | amulet | seal | ancient object
tabitha,artifact_relic,4,train,,pending,artifact | relic | object | found something | strange item | key | amulet | seal | ancient object
tabitha,artifact_relic,5,train,,pending,artifact | relic | object | found something | strange item | key | amulet | seal | ancient object
tabitha,artifact_relic,6,train,,pending,artifact | relic | object | found something | strange item | key | amulet | seal | ancient object
tabitha,artifact_relic,7,train,,pending,artifact | relic | object | found something | strange item | key | amulet | seal | ancient object
tabitha,artifact_relic,8,train,,pending,artifact | relic | object | found something | strange item | key | amulet | seal | ancient object
tabitha,artifact_relic,9,train,,pending,artifact | relic | object | found something | strange item | key | amulet | seal | ancient object
tabitha,artifact_relic,10,train,,pending,artifact | relic | object | found something | strange item | key | amulet | seal | ancient object
tabitha,artifact_relic,11,train,,pending,artifact | relic | object | found something | strange item | key | amulet | seal | ancient object
tabitha,artifact_relic,12,train,,pending,artifact | relic | object | found something | strange item | key | amulet | seal | ancient object
tabitha,artifact_relic,13,train,,pending,artifact | relic | object | found something | strange item | key | amulet | seal | ancient object
tabitha,artifact_relic,14,train,,pending,artifact | relic | object | found something | strange item | key | amulet | seal | ancient object
tabitha,artifact_relic,15,train,,pending,artifact | relic | object | found something | strange item | key | amulet | seal | ancient object
tabitha,artifact_relic,16,train,,pending,artifact | relic | object | found something | strange item | key | amulet | seal | ancient object
tabitha,artifact_relic,17,train,,pending,artifact | relic | object | found something | strange item | key | amulet | seal | ancient object
tabitha,artifact_relic,18,train,,pending,artifact | relic | object | found something | strange item | key | amulet | seal | ancient object
tabitha,artifact_relic,19,train,,pending,artifact | relic | object | found something | strange item | key | amulet | seal | ancient object
tabitha,artifact_relic,20,train,,pending,artifact | relic | object | found something | strange item | key | amulet | seal | ancient object
tabitha,artifact_relic,21,validation,,pending,artifact | relic | object | found something | strange item | key | amulet | seal | ancient object
tabitha,artifact_relic,22,validation,,pending,artifact | relic | object | found something | strange item | key | amulet | seal | ancient object
tabitha,artifact_relic,23,validation,,pending,artifact | relic | object | found something | strange item | key | amulet | seal | ancient object
tabitha,artifact_relic,24,validation,,pending,artifact | relic | object | found something | strange item | key | amulet | seal | ancient object
tabitha,artifact_relic,25,validation,,pending,artifact | relic | object | found something | strange item | key | amulet | seal | ancient object
tabitha,artifact_relic,26,test,,pending,artifact | relic | object | found something | strange item | key | amulet | seal | ancient object
tabitha,artifact_relic,27,test,,pending,artifact | relic | object | found something | strange item | key | amulet | seal | ancient object
tabitha,artifact_relic,28,test,,pending,artifact | relic | object | found something | strange item | key | amulet | seal | ancient object
tabitha,artifact_relic,29,test,,pending,artifact | relic | object | found something | strange item | key | amulet | seal | ancient object
tabitha,artifact_relic,30,test,,pending,artifact | relic | object | found something | strange item | key | amulet | seal | ancient object
tabitha,scholar_role,1,train,,pending,scholar | ancient glyphs | chronicles | lore | archives | history
tabitha,scholar_role,2,train,,pending,scholar | ancient glyphs | chronicles | lore | archives | history
tabitha,scholar_role,3,train,,pending,scholar | ancient glyphs | chronicles | lore | archives | history
tabitha,scholar_role,4,train,,pending,scholar | ancient glyphs | chronicles | lore | archives | history
tabitha,scholar_role,5,train,,pending,scholar | ancient glyphs | chronicles | lore | archives | history
tabitha,scholar_role,6,train,,pending,scholar | ancient glyphs | chronicles | lore | archives | history
tabitha,scholar_role,7,train,,pending,scholar | ancient glyphs | chronicles | lore | archives | history
tabitha,scholar_role,8,train,,pending,scholar | ancient glyphs | chronicles | lore | archives | history
tabitha,scholar_role,9,train,,pending,scholar | ancient glyphs | chronicles | lore | archives | history
tabitha,scholar_role,10,train,,pending,scholar | ancient glyphs | chronicles | lore | archives | history
tabitha,scholar_role,11,train,,pending,scholar | ancient glyphs | chronicles | lore | archives | history
tabitha,scholar_role,12,train,,pending,scholar | ancient glyphs | chronicles | lore | archives | history
tabitha,scholar_role,13,train,,pending,scholar | ancient glyphs | chronicles | lore | archives | history
tabitha,scholar_role,14,train,,pending,scholar | ancient glyphs | chronicles | lore | archives | history
tabitha,scholar_role,15,train,,pending,scholar | ancient glyphs | chronicles | lore | archives | history
tabitha,scholar_role,16,train,,pending,scholar | ancient glyphs | chronicles | lore | archives | history
tabitha,scholar_role,17,train,,pending,scholar | ancient glyphs | chronicles | lore | archives | history
tabitha,scholar_role,18,train,,pending,scholar | ancient glyphs | chronicles | lore | archives | history
tabitha,scholar_role,19,train,,pending,scholar | ancient glyphs | chronicles | lore | archives | history
tabitha,scholar_role,20,train,,pending,scholar | ancient glyphs | chronicles | lore | archives | history
tabitha,scholar_role,21,validation,,pending,scholar | ancient glyphs | chronicles | lore | archives | history
tabitha,scholar_role,22,validation,,pending,scholar | ancient glyphs | chronicles | lore | archives | history
tabitha,scholar_role,23,validation,,pending,scholar | ancient glyphs | chronicles | lore | archives | history
tabitha,scholar_role,24,validation,,pending,scholar | ancient glyphs | chronicles | lore | archives | history
tabitha,scholar_role,25,validation,,pending,scholar | ancient glyphs | chronicles | lore | archives | history
tabitha,scholar_role,26,test,,pending,scholar | ancient glyphs | chronicles | lore | archives | history
tabitha,scholar_role,27,test,,pending,scholar | ancient glyphs | chronicles | lore | archives | history
tabitha,scholar_role,28,test,,pending,scholar | ancient glyphs | chronicles | lore | archives | history
tabitha,scholar_role,29,test,,pending,scholar | ancient glyphs | chronicles | lore | archives | history
tabitha,scholar_role,30,test,,pending,scholar | ancient glyphs | chronicles | lore | archives | history
tabitha,cataclysm_history,1,train,,pending,cataclysm | cracked seal | great war | ancient disaster | prophecy
tabitha,cataclysm_history,2,train,,pending,cataclysm | cracked seal | great war | ancient disaster | prophecy
tabitha,cataclysm_history,3,train,,pending,cataclysm | cracked seal | great war | ancient disaster | prophecy
tabitha,cataclysm_history,4,train,,pending,cataclysm | cracked seal | great war | ancient disaster | prophecy
tabitha,cataclysm_history,5,train,,pending,cataclysm | cracked seal | great war | ancient disaster | prophecy
tabitha,cataclysm_history,6,train,,pending,cataclysm | cracked seal | great war | ancient disaster | prophecy
tabitha,cataclysm_history,7,train,,pending,cataclysm | cracked seal | great war | ancient disaster | prophecy
tabitha,cataclysm_history,8,train,,pending,cataclysm | cracked seal | great war | ancient disaster | prophecy
tabitha,cataclysm_history,9,train,,pending,cataclysm | cracked seal | great war | ancient disaster | prophecy
tabitha,cataclysm_history,10,train,,pending,cataclysm | cracked seal | great war | ancient disaster | prophecy
tabitha,cataclysm_history,11,train,,pending,cataclysm | cracked seal | great war | ancient disaster | prophecy
tabitha,cataclysm_history,12,train,,pending,cataclysm | cracked seal | great war | ancient disaster | prophecy
tabitha,cataclysm_history,13,train,,pending,cataclysm | cracked seal | great war | ancient disaster | prophecy
tabitha,cataclysm_history,14,train,,pending,cataclysm | cracked seal | great war | ancient disaster | prophecy
tabitha,cataclysm_history,15,train,,pending,cataclysm | cracked seal | great war | ancient disaster | prophecy
tabitha,cataclysm_history,16,train,,pending,cataclysm | cracked seal | great war | ancient disaster | prophecy
tabitha,cataclysm_history,17,train,,pending,cataclysm | cracked seal | great war | ancient disaster | prophecy
tabitha,cataclysm_history,18,train,,pending,cataclysm | cracked seal | great war | ancient disaster | prophecy
tabitha,cataclysm_history,19,train,,pending,cataclysm | cracked seal | great war | ancient disaster | prophecy
tabitha,cataclysm_history,20,train,,pending,cataclysm | cracked seal | great war | ancient disaster | prophecy
tabitha,cataclysm_history,21,validation,,pending,cataclysm | cracked seal | great war | ancient disaster | prophecy
tabitha,cataclysm_history,22,validation,,pending,cataclysm | cracked seal | great war | ancient disaster | prophecy
tabitha,cataclysm_history,23,validation,,pending,cataclysm | cracked seal | great war | ancient disaster | prophecy
tabitha,cataclysm_history,24,validation,,pending,cataclysm | cracked seal | great war | ancient disaster | prophecy
tabitha,cataclysm_history,25,validation,,pending,cataclysm | cracked seal | great war | ancient disaster | prophecy
tabitha,cataclysm_history,26,test,,pending,cataclysm | cracked seal | great war | ancient disaster | prophecy
tabitha,cataclysm_history,27,test,,pending,cataclysm | cracked seal | great war | ancient disaster | prophecy
tabitha,cataclysm_history,28,test,,pending,cataclysm | cracked seal | great war | ancient disaster | prophecy
tabitha,cataclysm_history,29,test,,pending,cataclysm | cracked seal | great war | ancient disaster | prophecy
tabitha,cataclysm_history,30,test,,pending,cataclysm | cracked seal | great war | ancient disaster | prophecy
pip,greeting,1,train,,pending,hello | hi | hey | greetings | who are you | what is your name | pip | morning | afternoon | evening
pip,greeting,2,train,,pending,hello | hi | hey | greetings | who are you | what is your name | pip | morning | afternoon | evening
pip,greeting,3,train,,pending,hello | hi | hey | greetings | who are you | what is your name | pip | morning | afternoon | evening
pip,greeting,4,train,,pending,hello | hi | hey | greetings | who are you | what is your name | pip | morning | afternoon | evening
pip,greeting,5,train,,pending,hello | hi | hey | greetings | who are you | what is your name | pip | morning | afternoon | evening
pip,greeting,6,train,,pending,hello | hi | hey | greetings | who are you | what is your name | pip | morning | afternoon | evening
pip,greeting,7,train,,pending,hello | hi | hey | greetings | who are you | what is your name | pip | morning | afternoon | evening
pip,greeting,8,train,,pending,hello | hi | hey | greetings | who are you | what is your name | pip | morning | afternoon | evening
pip,greeting,9,train,,pending,hello | hi | hey | greetings | who are you | what is your name | pip | morning | afternoon | evening
pip,greeting,10,train,,pending,hello | hi | hey | greetings | who are you | what is your name | pip | morning | afternoon | evening
pip,greeting,11,train,,pending,hello | hi | hey | greetings | who are you | what is your name | pip | morning | afternoon | evening
pip,greeting,12,train,,pending,hello | hi | hey | greetings | who are you | what is your name | pip | morning | afternoon | evening
pip,greeting,13,train,,pending,hello | hi | hey | greetings | who are you | what is your name | pip | morning | afternoon | evening
pip,greeting,14,train,,pending,hello | hi | hey | greetings | who are you | what is your name | pip | morning | afternoon | evening
pip,greeting,15,train,,pending,hello | hi | hey | greetings | who are you | what is your name | pip | morning | afternoon | evening
pip,greeting,16,train,,pending,hello | hi | hey | greetings | who are you | what is your name | pip | morning | afternoon | evening
pip,greeting,17,train,,pending,hello | hi | hey | greetings | who are you | what is your name | pip | morning | afternoon | evening
pip,greeting,18,train,,pending,hello | hi | hey | greetings | who are you | what is your name | pip | morning | afternoon | evening
pip,greeting,19,train,,pending,hello | hi | hey | greetings | who are you | what is your name | pip | morning | afternoon | evening
pip,greeting,20,train,,pending,hello | hi | hey | greetings | who are you | what is your name | pip | morning | afternoon | evening
pip,greeting,21,validation,,pending,hello | hi | hey | greetings | who are you | what is your name | pip | morning | afternoon | evening
pip,greeting,22,validation,,pending,hello | hi | hey | greetings | who are you | what is your name | pip | morning | afternoon | evening
pip,greeting,23,validation,,pending,hello | hi | hey | greetings | who are you | what is your name | pip | morning | afternoon | evening
pip,greeting,24,validation,,pending,hello | hi | hey | greetings | who are you | what is your name | pip | morning | afternoon | evening
pip,greeting,25,validation,,pending,hello | hi | hey | greetings | who are you | what is your name | pip | morning | afternoon | evening
pip,greeting,26,test,,pending,hello | hi | hey | greetings | who are you | what is your name | pip | morning | afternoon | evening
pip,greeting,27,test,,pending,hello | hi | hey | greetings | who are you | what is your name | pip | morning | afternoon | evening
pip,greeting,28,test,,pending,hello | hi | hey | greetings | who are you | what is your name | pip | morning | afternoon | evening
pip,greeting,29,test,,pending,hello | hi | hey | greetings | who are you | what is your name | pip | morning | afternoon | evening
pip,greeting,30,test,,pending,hello | hi | hey | greetings | who are you | what is your name | pip | morning | afternoon | evening
pip,treasure_collection,1,train,,pending,treasure | rock | stone | shiny | collection | pouch | bottle cap | find | trinket | valuables | item
pip,treasure_collection,2,train,,pending,treasure | rock | stone | shiny | collection | pouch | bottle cap | find | trinket | valuables | item
pip,treasure_collection,3,train,,pending,treasure | rock | stone | shiny | collection | pouch | bottle cap | find | trinket | valuables | item
pip,treasure_collection,4,train,,pending,treasure | rock | stone | shiny | collection | pouch | bottle cap | find | trinket | valuables | item
pip,treasure_collection,5,train,,pending,treasure | rock | stone | shiny | collection | pouch | bottle cap | find | trinket | valuables | item
pip,treasure_collection,6,train,,pending,treasure | rock | stone | shiny | collection | pouch | bottle cap | find | trinket | valuables | item
pip,treasure_collection,7,train,,pending,treasure | rock | stone | shiny | collection | pouch | bottle cap | find | trinket | valuables | item
pip,treasure_collection,8,train,,pending,treasure | rock | stone | shiny | collection | pouch | bottle cap | find | trinket | valuables | item
pip,treasure_collection,9,train,,pending,treasure | rock | stone | shiny | collection | pouch | bottle cap | find | trinket | valuables | item
pip,treasure_collection,10,train,,pending,treasure | rock | stone | shiny | collection | pouch | bottle cap | find | trinket | valuables | item
pip,treasure_collection,11,train,,pending,treasure | rock | stone | shiny | collection | pouch | bottle cap | find | trinket | valuables | item
pip,treasure_collection,12,train,,pending,treasure | rock | stone | shiny | collection | pouch | bottle cap | find | trinket | valuables | item
pip,treasure_collection,13,train,,pending,treasure | rock | stone | shiny | collection | pouch | bottle cap | find | trinket | valuables | item
pip,treasure_collection,14,train,,pending,treasure | rock | stone | shiny | collection | pouch | bottle cap | find | trinket | valuables | item
pip,treasure_collection,15,train,,pending,treasure | rock | stone | shiny | collection | pouch | bottle cap | find | trinket | valuables | item
pip,treasure_collection,16,train,,pending,treasure | rock | stone | shiny | collection | pouch | bottle cap | find | trinket | valuables | item
pip,treasure_collection,17,train,,pending,treasure | rock | stone | shiny | collection | pouch | bottle cap | find | trinket | valuables | item
pip,treasure_collection,18,train,,pending,treasure | rock | stone | shiny | collection | pouch | bottle cap | find | trinket | valuables | item
pip,treasure_collection,19,train,,pending,treasure | rock | stone | shiny | collection | pouch | bottle cap | find | trinket | valuables | item
pip,treasure_collection,20,train,,pending,treasure | rock | stone | shiny | collection | pouch | bottle cap | find | trinket | valuables | item
pip,treasure_collection,21,validation,,pending,treasure | rock | stone | shiny | collection | pouch | bottle cap | find | trinket | valuables | item
pip,treasure_collection,22,validation,,pending,treasure | rock | stone | shiny | collection | pouch | bottle cap | find | trinket | valuables | item
pip,treasure_collection,23,validation,,pending,treasure | rock | stone | shiny | collection | pouch | bottle cap | find | trinket | valuables | item
pip,treasure_collection,24,validation,,pending,treasure | rock | stone | shiny | collection | pouch | bottle cap | find | trinket | valuables | item
pip,treasure_collection,25,validation,,pending,treasure | rock | stone | shiny | collection | pouch | bottle cap | find | trinket | valuables | item
pip,treasure_collection,26,test,,pending,treasure | rock | stone | shiny | collection | pouch | bottle cap | find | trinket | valuables | item
pip,treasure_collection,27,test,,pending,treasure | rock | stone | shiny | collection | pouch | bottle cap | find | trinket | valuables | item
pip,treasure_collection,28,test,,pending,treasure | rock | stone | shiny | collection | pouch | bottle cap | find | trinket | valuables | item
pip,treasure_collection,29,test,,pending,treasure | rock | stone | shiny | collection | pouch | bottle cap | find | trinket | valuables | item
pip,treasure_collection,30,test,,pending,treasure | rock | stone | shiny | collection | pouch | bottle cap | find | trinket | valuables | item
pip,adventure_explore,1,train,,pending,adventure | explore | quest | journey | ruins | dungeon | travel | hero | monster | fight | sword
pip,adventure_explore,2,train,,pending,adventure | explore | quest | journey | ruins | dungeon | travel | hero | monster | fight | sword
pip,adventure_explore,3,train,,pending,adventure | explore | quest | journey | ruins | dungeon | travel | hero | monster | fight | sword
pip,adventure_explore,4,train,,pending,adventure | explore | quest | journey | ruins | dungeon | travel | hero | monster | fight | sword
pip,adventure_explore,5,train,,pending,adventure | explore | quest | journey | ruins | dungeon | travel | hero | monster | fight | sword
pip,adventure_explore,6,train,,pending,adventure | explore | quest | journey | ruins | dungeon | travel | hero | monster | fight | sword
pip,adventure_explore,7,train,,pending,adventure | explore | quest | journey | ruins | dungeon | travel | hero | monster | fight | sword
pip,adventure_explore,8,train,,pending,adventure | explore | quest | journey | ruins | dungeon | travel | hero | monster | fight | sword
pip,adventure_explore,9,train,,pending,adventure | explore | quest | journey | ruins | dungeon | travel | hero | monster | fight | sword
pip,adventure_explore,10,train,,pending,adventure | explore | quest | journey | ruins | dungeon | travel | hero | monster | fight | sword
pip,adventure_explore,11,train,,pending,adventure | explore | quest | journey | ruins | dungeon | travel | hero | monster | fight | sword
pip,adventure_explore,12,train,,pending,adventure | explore | quest | journey | ruins | dungeon | travel | hero | monster | fight | sword
pip,adventure_explore,13,train,,pending,adventure | explore | quest | journey | ruins | dungeon | travel | hero | monster | fight | sword
pip,adventure_explore,14,train,,pending,adventure | explore | quest | journey | ruins | dungeon | travel | hero | monster | fight | sword
pip,adventure_explore,15,train,,pending,adventure | explore | quest | journey | ruins | dungeon | travel | hero | monster | fight | sword
pip,adventure_explore,16,train,,pending,adventure | explore | quest | journey | ruins | dungeon | travel | hero | monster | fight | sword
pip,adventure_explore,17,train,,pending,adventure | explore | quest | journey | ruins | dungeon | travel | hero | monster | fight | sword
pip,adventure_explore,18,train,,pending,adventure | explore | quest | journey | ruins | dungeon | travel | hero | monster | fight | sword
pip,adventure_explore,19,train,,pending,adventure | explore | quest | journey | ruins | dungeon | travel | hero | monster | fight | sword
pip,adventure_explore,20,train,,pending,adventure | explore | quest | journey | ruins | dungeon | travel | hero | monster | fight | sword
pip,adventure_explore,21,validation,,pending,adventure | explore | quest | journey | ruins | dungeon | travel | hero | monster | fight | sword
pip,adventure_explore,22,validation,,pending,adventure | explore | quest | journey | ruins | dungeon | travel | hero | monster | fight | sword
pip,adventure_explore,23,validation,,pending,adventure | explore | quest | journey | ruins | dungeon | travel | hero | monster | fight | sword
pip,adventure_explore,24,validation,,pending,adventure | explore | quest | journey | ruins | dungeon | travel | hero | monster | fight | sword
pip,adventure_explore,25,validation,,pending,adventure | explore | quest | journey | ruins | dungeon | travel | hero | monster | fight | sword
pip,adventure_explore,26,test,,pending,adventure | explore | quest | journey | ruins | dungeon | travel | hero | monster | fight | sword
pip,adventure_explore,27,test,,pending,adventure | explore | quest | journey | ruins | dungeon | travel | hero | monster | fight | sword
pip,adventure_explore,28,test,,pending,adventure | explore | quest | journey | ruins | dungeon | travel | hero | monster | fight | sword
pip,adventure_explore,29,test,,pending,adventure | explore | quest | journey | ruins | dungeon | travel | hero | monster | fight | sword
pip,adventure_explore,30,test,,pending,adventure | explore | quest | journey | ruins | dungeon | travel | hero | monster | fight | sword
pip,family_parents,1,train,,pending,family | parents | mom | dad | stall | market | chores | help | home | produce
pip,family_parents,2,train,,pending,family | parents | mom | dad | stall | market | chores | help | home | produce
pip,family_parents,3,train,,pending,family | parents | mom | dad | stall | market | chores | help | home | produce
pip,family_parents,4,train,,pending,family | parents | mom | dad | stall | market | chores | help | home | produce
pip,family_parents,5,train,,pending,family | parents | mom | dad | stall | market | chores | help | home | produce
pip,family_parents,6,train,,pending,family | parents | mom | dad | stall | market | chores | help | home | produce
pip,family_parents,7,train,,pending,family | parents | mom | dad | stall | market | chores | help | home | produce
pip,family_parents,8,train,,pending,family | parents | mom | dad | stall | market | chores | help | home | produce
pip,family_parents,9,train,,pending,family | parents | mom | dad | stall | market | chores | help | home | produce
pip,family_parents,10,train,,pending,family | parents | mom | dad | stall | market | chores | help | home | produce
pip,family_parents,11,train,,pending,family | parents | mom | dad | stall | market | chores | help | home | produce
pip,family_parents,12,train,,pending,family | parents | mom | dad | stall | market | chores | help | home | produce
pip,family_parents,13,train,,pending,family | parents | mom | dad | stall | market | chores | help | home | produce
pip,family_parents,14,train,,pending,family | parents | mom | dad | stall | market | chores | help | home | produce
pip,family_parents,15,train,,pending,family | parents | mom | dad | stall | market | chores | help | home | produce
pip,family_parents,16,train,,pending,family | parents | mom | dad | stall | market | chores | help | home | produce
pip,family_parents,17,train,,pending,family | parents | mom | dad | stall | market | chores | help | home | produce
pip,family_parents,18,train,,pending,family | parents | mom | dad | stall | market | chores | help | home | produce
pip,family_parents,19,train,,pending,family | parents | mom | dad | stall | market | chores | help | home | produce
pip,family_parents,20,train,,pending,family | parents | mom | dad | stall | market | chores | help | home | produce
pip,family_parents,21,validation,,pending,family | parents | mom | dad | stall | market | chores | help | home | produce
pip,family_parents,22,validation,,pending,family | parents | mom | dad | stall | market | chores | help | home | produce
pip,family_parents,23,validation,,pending,family | parents | mom | dad | stall | market | chores | help | home | produce
pip,family_parents,24,validation,,pending,family | parents | mom | dad | stall | market | chores | help | home | produce
pip,family_parents,25,validation,,pending,family | parents | mom | dad | stall | market | chores | help | home | produce
pip,family_parents,26,test,,pending,family | parents | mom | dad | stall | market | chores | help | home | produce
pip,family_parents,27,test,,pending,family | parents | mom | dad | stall | market | chores | help | home | produce
pip,family_parents,28,test,,pending,family | parents | mom | dad | stall | market | chores | help | home | produce
pip,family_parents,29,test,,pending,family | parents | mom | dad | stall | market | chores | help | home | produce
pip,family_parents,30,test,,pending,family | parents | mom | dad | stall | market | chores | help | home | produce
pip,animals_bugs,1,train,,pending,animal | animals | bug | bugs | beetle | frog | toad | cat | dog | goat | chicken | creatures
pip,animals_bugs,2,train,,pending,animal | animals | bug | bugs | beetle | frog | toad | cat | dog | goat | chicken | creatures
pip,animals_bugs,3,train,,pending,animal | animals | bug | bugs | beetle | frog | toad | cat | dog | goat | chicken | creatures
pip,animals_bugs,4,train,,pending,animal | animals | bug | bugs | beetle | frog | toad | cat | dog | goat | chicken | creatures
pip,animals_bugs,5,train,,pending,animal | animals | bug | bugs | beetle | frog | toad | cat | dog | goat | chicken | creatures
pip,animals_bugs,6,train,,pending,animal | animals | bug | bugs | beetle | frog | toad | cat | dog | goat | chicken | creatures
pip,animals_bugs,7,train,,pending,animal | animals | bug | bugs | beetle | frog | toad | cat | dog | goat | chicken | creatures
pip,animals_bugs,8,train,,pending,animal | animals | bug | bugs | beetle | frog | toad | cat | dog | goat | chicken | creatures
pip,animals_bugs,9,train,,pending,animal | animals | bug | bugs | beetle | frog | toad | cat | dog | goat | chicken | creatures
pip,animals_bugs,10,train,,pending,animal | animals | bug | bugs | beetle | frog | toad | cat | dog | goat | chicken | creatures
pip,animals_bugs,11,train,,pending,animal | animals | bug | bugs | beetle | frog | toad | cat | dog | goat | chicken | creatures
pip,animals_bugs,12,train,,pending,animal | animals | bug | bugs | beetle | frog | toad | cat | dog | goat | chicken | creatures
pip,animals_bugs,13,train,,pending,animal | animals | bug | bugs | beetle | frog | toad | cat | dog | goat | chicken | creatures
pip,animals_bugs,14,train,,pending,animal | animals | bug | bugs | beetle | frog | toad | cat | dog | goat | chicken | creatures
pip,animals_bugs,15,train,,pending,animal | animals | bug | bugs | beetle | frog | toad | cat | dog | goat | chicken | creatures
pip,animals_bugs,16,train,,pending,animal | animals | bug | bugs | beetle | frog | toad | cat | dog | goat | chicken | creatures
pip,animals_bugs,17,train,,pending,animal | animals | bug | bugs | beetle | frog | toad | cat | dog | goat | chicken | creatures
pip,animals_bugs,18,train,,pending,animal | animals | bug | bugs | beetle | frog | toad | cat | dog | goat | chicken | creatures
pip,animals_bugs,19,train,,pending,animal | animals | bug | bugs | beetle | frog | toad | cat | dog | goat | chicken | creatures
pip,animals_bugs,20,train,,pending,animal | animals | bug | bugs | beetle | frog | toad | cat | dog | goat | chicken | creatures
pip,animals_bugs,21,validation,,pending,animal | animals | bug | bugs | beetle | frog | toad | cat | dog | goat | chicken | creatures
pip,animals_bugs,22,validation,,pending,animal | animals | bug | bugs | beetle | frog | toad | cat | dog | goat | chicken | creatures
pip,animals_bugs,23,validation,,pending,animal | animals | bug | bugs | beetle | frog | toad | cat | dog | goat | chicken | creatures
pip,animals_bugs,24,validation,,pending,animal | animals | bug | bugs | beetle | frog | toad | cat | dog | goat | chicken | creatures
pip,animals_bugs,25,validation,,pending,animal | animals | bug | bugs | beetle | frog | toad | cat | dog | goat | chicken | creatures
pip,animals_bugs,26,test,,pending,animal | animals | bug | bugs | beetle | frog | toad | cat | dog | goat | chicken | creatures
pip,animals_bugs,27,test,,pending,animal | animals | bug | bugs | beetle | frog | toad | cat | dog | goat | chicken | creatures
pip,animals_bugs,28,test,,pending,animal | animals | bug | bugs | beetle | frog | toad | cat | dog | goat | chicken | creatures
pip,animals_bugs,29,test,,pending,animal | animals | bug | bugs | beetle | frog | toad | cat | dog | goat | chicken | creatures
pip,animals_bugs,30,test,,pending,animal | animals | bug | bugs | beetle | frog | toad | cat | dog | goat | chicken | creatures
pip,being_scared_brave,1,train,,pending,scared | afraid | brave | fear | danger | dark | spooky | haunted | monster | ghost | courage
pip,being_scared_brave,2,train,,pending,scared | afraid | brave | fear | danger | dark | spooky | haunted | monster | ghost | courage
pip,being_scared_brave,3,train,,pending,scared | afraid | brave | fear | danger | dark | spooky | haunted | monster | ghost | courage
pip,being_scared_brave,4,train,,pending,scared | afraid | brave | fear | danger | dark | spooky | haunted | monster | ghost | courage
pip,being_scared_brave,5,train,,pending,scared | afraid | brave | fear | danger | dark | spooky | haunted | monster | ghost | courage
pip,being_scared_brave,6,train,,pending,scared | afraid | brave | fear | danger | dark | spooky | haunted | monster | ghost | courage
pip,being_scared_brave,7,train,,pending,scared | afraid | brave | fear | danger | dark | spooky | haunted | monster | ghost | courage
pip,being_scared_brave,8,train,,pending,scared | afraid | brave | fear | danger | dark | spooky | haunted | monster | ghost | courage
pip,being_scared_brave,9,train,,pending,scared | afraid | brave | fear | danger | dark | spooky | haunted | monster | ghost | courage
pip,being_scared_brave,10,train,,pending,scared | afraid | brave | fear | danger | dark | spooky | haunted | monster | ghost | courage
pip,being_scared_brave,11,train,,pending,scared | afraid | brave | fear | danger | dark | spooky | haunted | monster | ghost | courage
pip,being_scared_brave,12,train,,pending,scared | afraid | brave | fear | danger | dark | spooky | haunted | monster | ghost | courage
pip,being_scared_brave,13,train,,pending,scared | afraid | brave | fear | danger | dark | spooky | haunted | monster | ghost | courage
pip,being_scared_brave,14,train,,pending,scared | afraid | brave | fear | danger | dark | spooky | haunted | monster | ghost | courage
pip,being_scared_brave,15,train,,pending,scared | afraid | brave | fear | danger | dark | spooky | haunted | monster | ghost | courage
pip,being_scared_brave,16,train,,pending,scared | afraid | brave | fear | danger | dark | spooky | haunted | monster | ghost | courage
pip,being_scared_brave,17,train,,pending,scared | afraid | brave | fear | danger | dark | spooky | haunted | monster | ghost | courage
pip,being_scared_brave,18,train,,pending,scared | afraid | brave | fear | danger | dark | spooky | haunted | monster | ghost | courage
pip,being_scared_brave,19,train,,pending,scared | afraid | brave | fear | danger | dark | spooky | haunted | monster | ghost | courage
pip,being_scared_brave,20,train,,pending,scared | afraid | brave | fear | danger | dark | spooky | haunted | monster | ghost | courage
pip,being_scared_brave,21,validation,,pending,scared | afraid | brave | fear | danger | dark | spooky | haunted | monster | ghost | courage
pip,being_scared_brave,22,validation,,pending,scared | afraid | brave | fear | danger | dark | spooky | haunted | monster | ghost | courage
pip,being_scared_brave,23,validation,,pending,scared | afraid | brave | fear | danger | dark | spooky | haunted | monster | ghost | courage
pip,being_scared_brave,24,validation,,pending,scared | afraid | brave | fear | danger | dark | spooky | haunted | monster | ghost | courage
pip,being_scared_brave,25,validation,,pending,scared | afraid | brave | fear | danger | dark | spooky | haunted | monster | ghost | courage
pip,being_scared_brave,26,test,,pending,scared | afraid | brave | fear | danger | dark | spooky | haunted | monster | ghost | courage
pip,being_scared_brave,27,test,,pending,scared | afraid | brave | fear | danger | dark | spooky | haunted | monster | ghost | courage
pip,being_scared_brave,28,test,,pending,scared | afraid | brave | fear | danger | dark | spooky | haunted | monster | ghost | courage
pip,being_scared_brave,29,test,,pending,scared | afraid | brave | fear | danger | dark | spooky | haunted | monster | ghost | courage
pip,being_scared_brave,30,test,,pending,scared | afraid | brave | fear | danger | dark | spooky | haunted | monster | ghost | courage
pip,food_candy,1,train,,pending,food | candy | sweet | sweets | honey | pie | treat | sugar | eat | hungry | snack
pip,food_candy,2,train,,pending,food | candy | sweet | sweets | honey | pie | treat | sugar | eat | hungry | snack
pip,food_candy,3,train,,pending,food | candy | sweet | sweets | honey | pie | treat | sugar | eat | hungry | snack
pip,food_candy,4,train,,pending,food | candy | sweet | sweets | honey | pie | treat | sugar | eat | hungry | snack
pip,food_candy,5,train,,pending,food | candy | sweet | sweets | honey | pie | treat | sugar | eat | hungry | snack
pip,food_candy,6,train,,pending,food | candy | sweet | sweets | honey | pie | treat | sugar | eat | hungry | snack
pip,food_candy,7,train,,pending,food | candy | sweet | sweets | honey | pie | treat | sugar | eat | hungry | snack
pip,food_candy,8,train,,pending,food | candy | sweet | sweets | honey | pie | treat | sugar | eat | hungry | snack
pip,food_candy,9,train,,pending,food | candy | sweet | sweets | honey | pie | treat | sugar | eat | hungry | snack
pip,food_candy,10,train,,pending,food | candy | sweet | sweets | honey | pie | treat | sugar | eat | hungry | snack
pip,food_candy,11,train,,pending,food | candy | sweet | sweets | honey | pie | treat | sugar | eat | hungry | snack
pip,food_candy,12,train,,pending,food | candy | sweet | sweets | honey | pie | treat | sugar | eat | hungry | snack
pip,food_candy,13,train,,pending,food | candy | sweet | sweets | honey | pie | treat | sugar | eat | hungry | snack
pip,food_candy,14,train,,pending,food | candy | sweet | sweets | honey | pie | treat | sugar | eat | hungry | snack
pip,food_candy,15,train,,pending,food | candy | sweet | sweets | honey | pie | treat | sugar | eat | hungry | snack
pip,food_candy,16,train,,pending,food | candy | sweet | sweets | honey | pie | treat | sugar | eat | hungry | snack
pip,food_candy,17,train,,pending,food | candy | sweet | sweets | honey | pie | treat | sugar | eat | hungry | snack
pip,food_candy,18,train,,pending,food | candy | sweet | sweets | honey | pie | treat | sugar | eat | hungry | snack
pip,food_candy,19,train,,pending,food | candy | sweet | sweets | honey | pie | treat | sugar | eat | hungry | snack
pip,food_candy,20,train,,pending,food | candy | sweet | sweets | honey | pie | treat | sugar | eat | hungry | snack
pip,food_candy,21,validation,,pending,food | candy | sweet | sweets | honey | pie | treat | sugar | eat | hungry | snack
pip,food_candy,22,validation,,pending,food | candy | sweet | sweets | honey | pie | treat | sugar | eat | hungry | snack
pip,food_candy,23,validation,,pending,food | candy | sweet | sweets | honey | pie | treat | sugar | eat | hungry | snack
pip,food_candy,24,validation,,pending,food | candy | sweet | sweets | honey | pie | treat | sugar | eat | hungry | snack
pip,food_candy,25,validation,,pending,food | candy | sweet | sweets | honey | pie | treat | sugar | eat | hungry | snack
pip,food_candy,26,test,,pending,food | candy | sweet | sweets | honey | pie | treat | sugar | eat | hungry | snack
pip,food_candy,27,test,,pending,food | candy | sweet | sweets | honey | pie | treat | sugar | eat | hungry | snack
pip,food_candy,28,test,,pending,food | candy | sweet | sweets | honey | pie | treat | sugar | eat | hungry | snack
pip,food_candy,29,test,,pending,food | candy | sweet | sweets | honey | pie | treat | sugar | eat | hungry | snack
pip,food_candy,30,test,,pending,food | candy | sweet | sweets | honey | pie | treat | sugar | eat | hungry | snack
pip,finn_scout,1,train,,pending,finn | scout | brother | rooftop | notebook | tracks
pip,finn_scout,2,train,,pending,finn | scout | brother | rooftop | notebook | tracks
pip,finn_scout,3,train,,pending,finn | scout | brother | rooftop | notebook | tracks
pip,finn_scout,4,train,,pending,finn | scout | brother | rooftop | notebook | tracks
pip,finn_scout,5,train,,pending,finn | scout | brother | rooftop | notebook | tracks
pip,finn_scout,6,train,,pending,finn | scout | brother | rooftop | notebook | tracks
pip,finn_scout,7,train,,pending,finn | scout | brother | rooftop | notebook | tracks
pip,finn_scout,8,train,,pending,finn | scout | brother | rooftop | notebook | tracks
pip,finn_scout,9,train,,pending,finn | scout | brother | rooftop | notebook | tracks
pip,finn_scout,10,train,,pending,finn | scout | brother | rooftop | notebook | tracks
pip,finn_scout,11,train,,pending,finn | scout | brother | rooftop | notebook | tracks
pip,finn_scout,12,train,,pending,finn | scout | brother | rooftop | notebook | tracks
pip,finn_scout,13,train,,pending,finn | scout | brother | rooftop | notebook | tracks
pip,finn_scout,14,train,,pending,finn | scout | brother | rooftop | notebook | tracks
pip,finn_scout,15,train,,pending,finn | scout | brother | rooftop | notebook | tracks
pip,finn_scout,16,train,,pending,finn | scout | brother | rooftop | notebook | tracks
pip,finn_scout,17,train,,pending,finn | scout | brother | rooftop | notebook | tracks
pip,finn_scout,18,train,,pending,finn | scout | brother | rooftop | notebook | tracks
pip,finn_scout,19,train,,pending,finn | scout | brother | rooftop | notebook | tracks
pip,finn_scout,20,train,,pending,finn | scout | brother | rooftop | notebook | tracks
pip,finn_scout,21,validation,,pending,finn | scout | brother | rooftop | notebook | tracks
pip,finn_scout,22,validation,,pending,finn | scout | brother | rooftop | notebook | tracks
pip,finn_scout,23,validation,,pending,finn | scout | brother | rooftop | notebook | tracks
pip,finn_scout,24,validation,,pending,finn | scout | brother | rooftop | notebook | tracks
pip,finn_scout,25,validation,,pending,finn | scout | brother | rooftop | notebook | tracks
pip,finn_scout,26,test,,pending,finn | scout | brother | rooftop | notebook | tracks
pip,finn_scout,27,test,,pending,finn | scout | brother | rooftop | notebook | tracks
pip,finn_scout,28,test,,pending,finn | scout | brother | rooftop | notebook | tracks
pip,finn_scout,29,test,,pending,finn | scout | brother | rooftop | notebook | tracks
pip,finn_scout,30,test,,pending,finn | scout | brother | rooftop | notebook | tracks
pip,sam_forge,1,train,,pending,sam | blacksmith | forge | anvil | iron | hammer | sparks
pip,sam_forge,2,train,,pending,sam | blacksmith | forge | anvil | iron | hammer | sparks
pip,sam_forge,3,train,,pending,sam | blacksmith | forge | anvil | iron | hammer | sparks
pip,sam_forge,4,train,,pending,sam | blacksmith | forge | anvil | iron | hammer | sparks
pip,sam_forge,5,train,,pending,sam | blacksmith | forge | anvil | iron | hammer | sparks
pip,sam_forge,6,train,,pending,sam | blacksmith | forge | anvil | iron | hammer | sparks
pip,sam_forge,7,train,,pending,sam | blacksmith | forge | anvil | iron | hammer | sparks
pip,sam_forge,8,train,,pending,sam | blacksmith | forge | anvil | iron | hammer | sparks
pip,sam_forge,9,train,,pending,sam | blacksmith | forge | anvil | iron | hammer | sparks
pip,sam_forge,10,train,,pending,sam | blacksmith | forge | anvil | iron | hammer | sparks
pip,sam_forge,11,train,,pending,sam | blacksmith | forge | anvil | iron | hammer | sparks
pip,sam_forge,12,train,,pending,sam | blacksmith | forge | anvil | iron | hammer | sparks
pip,sam_forge,13,train,,pending,sam | blacksmith | forge | anvil | iron | hammer | sparks
pip,sam_forge,14,train,,pending,sam | blacksmith | forge | anvil | iron | hammer | sparks
pip,sam_forge,15,train,,pending,sam | blacksmith | forge | anvil | iron | hammer | sparks
pip,sam_forge,16,train,,pending,sam | blacksmith | forge | anvil | iron | hammer | sparks
pip,sam_forge,17,train,,pending,sam | blacksmith | forge | anvil | iron | hammer | sparks
pip,sam_forge,18,train,,pending,sam | blacksmith | forge | anvil | iron | hammer | sparks
pip,sam_forge,19,train,,pending,sam | blacksmith | forge | anvil | iron | hammer | sparks
pip,sam_forge,20,train,,pending,sam | blacksmith | forge | anvil | iron | hammer | sparks
pip,sam_forge,21,validation,,pending,sam | blacksmith | forge | anvil | iron | hammer | sparks
pip,sam_forge,22,validation,,pending,sam | blacksmith | forge | anvil | iron | hammer | sparks
pip,sam_forge,23,validation,,pending,sam | blacksmith | forge | anvil | iron | hammer | sparks
pip,sam_forge,24,validation,,pending,sam | blacksmith | forge | anvil | iron | hammer | sparks
pip,sam_forge,25,validation,,pending,sam | blacksmith | forge | anvil | iron | hammer | sparks
pip,sam_forge,26,test,,pending,sam | blacksmith | forge | anvil | iron | hammer | sparks
pip,sam_forge,27,test,,pending,sam | blacksmith | forge | anvil | iron | hammer | sparks
pip,sam_forge,28,test,,pending,sam | blacksmith | forge | anvil | iron | hammer | sparks
pip,sam_forge,29,test,,pending,sam | blacksmith | forge | anvil | iron | hammer | sparks
pip,sam_forge,30,test,,pending,sam | blacksmith | forge | anvil | iron | hammer | sparks
pip,eva_apothecary,1,train,,pending,eva | apothecary | herbs | potions | medicine | salve | healing
pip,eva_apothecary,2,train,,pending,eva | apothecary | herbs | potions | medicine | salve | healing
pip,eva_apothecary,3,train,,pending,eva | apothecary | herbs | potions | medicine | salve | healing
pip,eva_apothecary,4,train,,pending,eva | apothecary | herbs | potions | medicine | salve | healing
pip,eva_apothecary,5,train,,pending,eva | apothecary | herbs | potions | medicine | salve | healing
pip,eva_apothecary,6,train,,pending,eva | apothecary | herbs | potions | medicine | salve | healing
pip,eva_apothecary,7,train,,pending,eva | apothecary | herbs | potions | medicine | salve | healing
pip,eva_apothecary,8,train,,pending,eva | apothecary | herbs | potions | medicine | salve | healing
pip,eva_apothecary,9,train,,pending,eva | apothecary | herbs | potions | medicine | salve | healing
pip,eva_apothecary,10,train,,pending,eva | apothecary | herbs | potions | medicine | salve | healing
pip,eva_apothecary,11,train,,pending,eva | apothecary | herbs | potions | medicine | salve | healing
pip,eva_apothecary,12,train,,pending,eva | apothecary | herbs | potions | medicine | salve | healing
pip,eva_apothecary,13,train,,pending,eva | apothecary | herbs | potions | medicine | salve | healing
pip,eva_apothecary,14,train,,pending,eva | apothecary | herbs | potions | medicine | salve | healing
pip,eva_apothecary,15,train,,pending,eva | apothecary | herbs | potions | medicine | salve | healing
pip,eva_apothecary,16,train,,pending,eva | apothecary | herbs | potions | medicine | salve | healing
pip,eva_apothecary,17,train,,pending,eva | apothecary | herbs | potions | medicine | salve | healing
pip,eva_apothecary,18,train,,pending,eva | apothecary | herbs | potions | medicine | salve | healing
pip,eva_apothecary,19,train,,pending,eva | apothecary | herbs | potions | medicine | salve | healing
pip,eva_apothecary,20,train,,pending,eva | apothecary | herbs | potions | medicine | salve | healing
pip,eva_apothecary,21,validation,,pending,eva | apothecary | herbs | potions | medicine | salve | healing
pip,eva_apothecary,22,validation,,pending,eva | apothecary | herbs | potions | medicine | salve | healing
pip,eva_apothecary,23,validation,,pending,eva | apothecary | herbs | potions | medicine | salve | healing
pip,eva_apothecary,24,validation,,pending,eva | apothecary | herbs | potions | medicine | salve | healing
pip,eva_apothecary,25,validation,,pending,eva | apothecary | herbs | potions | medicine | salve | healing
pip,eva_apothecary,26,test,,pending,eva | apothecary | herbs | potions | medicine | salve | healing
pip,eva_apothecary,27,test,,pending,eva | apothecary | herbs | potions | medicine | salve | healing
pip,eva_apothecary,28,test,,pending,eva | apothecary | herbs | potions | medicine | salve | healing
pip,eva_apothecary,29,test,,pending,eva | apothecary | herbs | potions | medicine | salve | healing
pip,eva_apothecary,30,test,,pending,eva | apothecary | herbs | potions | medicine | salve | healing
pip,ash_broker,1,train,,pending,ash | secrets | thief | hood | tavern | pirate
pip,ash_broker,2,train,,pending,ash | secrets | thief | hood | tavern | pirate
pip,ash_broker,3,train,,pending,ash | secrets | thief | hood | tavern | pirate
pip,ash_broker,4,train,,pending,ash | secrets | thief | hood | tavern | pirate
pip,ash_broker,5,train,,pending,ash | secrets | thief | hood | tavern | pirate
pip,ash_broker,6,train,,pending,ash | secrets | thief | hood | tavern | pirate
pip,ash_broker,7,train,,pending,ash | secrets | thief | hood | tavern | pirate
pip,ash_broker,8,train,,pending,ash | secrets | thief | hood | tavern | pirate
pip,ash_broker,9,train,,pending,ash | secrets | thief | hood | tavern | pirate
pip,ash_broker,10,train,,pending,ash | secrets | thief | hood | tavern | pirate
pip,ash_broker,11,train,,pending,ash | secrets | thief | hood | tavern | pirate
pip,ash_broker,12,train,,pending,ash | secrets | thief | hood | tavern | pirate
pip,ash_broker,13,train,,pending,ash | secrets | thief | hood | tavern | pirate
pip,ash_broker,14,train,,pending,ash | secrets | thief | hood | tavern | pirate
pip,ash_broker,15,train,,pending,ash | secrets | thief | hood | tavern | pirate
pip,ash_broker,16,train,,pending,ash | secrets | thief | hood | tavern | pirate
pip,ash_broker,17,train,,pending,ash | secrets | thief | hood | tavern | pirate
pip,ash_broker,18,train,,pending,ash | secrets | thief | hood | tavern | pirate
pip,ash_broker,19,train,,pending,ash | secrets | thief | hood | tavern | pirate
pip,ash_broker,20,train,,pending,ash | secrets | thief | hood | tavern | pirate
pip,ash_broker,21,validation,,pending,ash | secrets | thief | hood | tavern | pirate
pip,ash_broker,22,validation,,pending,ash | secrets | thief | hood | tavern | pirate
pip,ash_broker,23,validation,,pending,ash | secrets | thief | hood | tavern | pirate
pip,ash_broker,24,validation,,pending,ash | secrets | thief | hood | tavern | pirate
pip,ash_broker,25,validation,,pending,ash | secrets | thief | hood | tavern | pirate
pip,ash_broker,26,test,,pending,ash | secrets | thief | hood | tavern | pirate
pip,ash_broker,27,test,,pending,ash | secrets | thief | hood | tavern | pirate
pip,ash_broker,28,test,,pending,ash | secrets | thief | hood | tavern | pirate
pip,ash_broker,29,test,,pending,ash | secrets | thief | hood | tavern | pirate
pip,ash_broker,30,test,,pending,ash | secrets | thief | hood | tavern | pirate
