gem_id,meaning_representation,target,references
viggo-challenge_train_20_percent-0,"confirm(name[Tomb Raider: The Angel of Darkness], esrb[T (for Teen)], has_mac_release[yes])","Do you mean Tomb Raider: The Angel of Darkness, the T rated Mac game?","['Do you mean Tomb Raider: The Angel of Darkness, the T rated Mac game?']"
viggo-challenge_train_20_percent-1,"confirm(name[Need for Speed: The Run], platforms[Nintendo])","You mean the Need for Speed: The Run on Nintendo, correct?","['You mean the Need for Speed: The Run on Nintendo, correct?']"
viggo-challenge_train_20_percent-2,"confirm(name[Might & Magic: Heroes VI], player_perspective[bird view], platforms[PC])","Is this the Might & Magic: Heroes VI with a bird's eye view, released for the PC?","[""Is this the Might & Magic: Heroes VI with a bird's eye view, released for the PC?""]"
viggo-challenge_train_20_percent-3,"confirm(name[Tony Hawk's Pro Skater 3], platforms[PC], available_on_steam[no])","You mean Tony Hawk's Pro Skater 3, the PC game that isn't available on Steam?","[""You mean Tony Hawk's Pro Skater 3, the PC game that isn't available on Steam?""]"
viggo-challenge_train_20_percent-4,"confirm(name[FIFA 12], developer[EA Canada], genres[simulation, sport])","Ooooh, you mean FIFA 12, that simulation sports game from EA Canada, right?","['Ooooh, you mean FIFA 12, that simulation sports game from EA Canada, right?']"
viggo-challenge_train_20_percent-5,"confirm(name[Need for Speed: The Run], release_year[2011])",Are you speaking of the Need for Speed: The Run that came out in 2011?,['Are you speaking of the Need for Speed: The Run that came out in 2011?']
viggo-challenge_train_20_percent-6,"confirm(name[Might & Magic: Heroes VI], developer[Black Hole Entertainment], available_on_steam[yes])",Were you referring to the Might & Magic: Heroes VI that is available on Steam and developed by Black Hole Entertainment?,['Were you referring to the Might & Magic: Heroes VI that is available on Steam and developed by Black Hole Entertainment?']
viggo-challenge_train_20_percent-7,"confirm(name[Layers of Fear], developer[Bloober Team], player_perspective[first person])",Do you mean the first person Layers of Fear game that was developed by the Bloober Team?,['Do you mean the first person Layers of Fear game that was developed by the Bloober Team?']
viggo-challenge_train_20_percent-8,"confirm(name[Shadow of the Tomb Raider], genres[adventure, shooter], player_perspective[third person])","When you refer to Shadow of the Tomb Raider, do you mean the one that's a third person adventure shooter?","[""When you refer to Shadow of the Tomb Raider, do you mean the one that's a third person adventure shooter?""]"
viggo-challenge_train_20_percent-9,"confirm(name[Layers of Fear], genres[adventure, indie, point-and-click], player_perspective[first person])","Are you referring to Layers of Fear, the first person indie point-and-click adventure game?","['Are you referring to Layers of Fear, the first person indie point-and-click adventure game?']"
viggo-challenge_train_20_percent-10,"confirm(name[Football Manager 2015], release_year[2014], has_multiplayer[yes])","Is that the multiplayer game from 2014, Football Manager 2015?","['Is that the multiplayer game from 2014, Football Manager 2015?']"
viggo-challenge_train_20_percent-11,"confirm(name[Anthem], genres[action-adventure, role-playing, shooter], has_multiplayer[yes])",Is the Anthem you're talking about the one that's a multiplayer action-adventure shooter RPG?,"[""Is the Anthem you're talking about the one that's a multiplayer action-adventure shooter RPG?""]"
viggo-challenge_train_20_percent-12,"confirm(name[Anthem], genres[action-adventure, role-playing, shooter], player_perspective[third person])",Is the Anthem you're talking about the third person action-adventure shooter RPG?,"[""Is the Anthem you're talking about the third person action-adventure shooter RPG?""]"
viggo-challenge_train_20_percent-13,"confirm(name[Heroes of Might and Magic III: The Restoration of Erathia], player_perspective[bird view], platforms[PC])",Is the Heroes of Might and Magic III: The Restoration of Erathia you're talking about the one with the bird view perspective that's for the PC?,"[""Is the Heroes of Might and Magic III: The Restoration of Erathia you're talking about the one with the bird view perspective that's for the PC?""]"
viggo-challenge_train_20_percent-14,"confirm(name[Ori and the Blind Forest], esrb[E (for Everyone)])","By Ori and the Blind Forest, do you mean the one with an E rating?","['By Ori and the Blind Forest, do you mean the one with an E rating?']"
viggo-challenge_train_20_percent-15,"confirm(name[Mafia], release_year[2002], developer[Illusion Softworks])","When you talk about Mafia, do you mean the 2002 game that was developed by Illusion Softworks?","['When you talk about Mafia, do you mean the 2002 game that was developed by Illusion Softworks?']"
viggo-challenge_train_20_percent-16,"confirm(name[The Elder Scrolls Online], release_year[2014], platforms[PC])","The Elder Scrolls Online which was released on PC in 2014, correct?","['The Elder Scrolls Online which was released on PC in 2014, correct?']"
viggo-challenge_train_20_percent-17,"confirm(name[Superhot], release_year[2016], platforms[PlayStation])","Are you taking about the 2016 PlayStation game, Superhot?","['Are you taking about the 2016 PlayStation game, Superhot?']"
viggo-challenge_train_20_percent-18,"confirm(name[Football Manager 2015], release_year[2014], genres[simulation, sport, strategy])",Is the Football Manager 2015 that you just mentioned the one that was released in 2014 and is a strategy sport simulator?,['Is the Football Manager 2015 that you just mentioned the one that was released in 2014 and is a strategy sport simulator?']
viggo-challenge_train_20_percent-19,"confirm(name[Layers of Fear], release_year[2015], developer[Bloober Team])",Do you mean the Layers of Fear game that the Bloober Team released back in 2015?,['Do you mean the Layers of Fear game that the Bloober Team released back in 2015?']
viggo-challenge_train_20_percent-20,"confirm(name[Anthem], has_multiplayer[yes], platforms[PlayStation])",Is that Anthem that you can play on PlayStation with multiplayer?,['Is that Anthem that you can play on PlayStation with multiplayer?']
viggo-challenge_train_20_percent-21,"confirm(name[Horizon: Zero Dawn], release_year[2017])",Are you talking about Horizon: Zero Dawn from 2017?,['Are you talking about Horizon: Zero Dawn from 2017?']
viggo-challenge_train_20_percent-22,"confirm(name[Silent Hill 2], genres[action-adventure, puzzle], platforms[Xbox])",Is this Silent Hill 2 you mentioned the action-adventure puzzle game that got released for the Xbox?,['Is this Silent Hill 2 you mentioned the action-adventure puzzle game that got released for the Xbox?']
viggo-challenge_train_20_percent-23,"confirm(name[NBA 2K19], exp_release_date[September 11, 2018])","You mean the NBA 2K19 slated for release on September 11, 2018, right?","['You mean the NBA 2K19 slated for release on September 11, 2018, right?']"
viggo-challenge_train_20_percent-24,"confirm(name[Might & Magic: Heroes VI], release_year[2011], platforms[PC])","You're talking about the 2011 PC game Might & Magic: Heroes VI, is that correct?","[""You're talking about the 2011 PC game Might & Magic: Heroes VI, is that correct?""]"
viggo-challenge_train_20_percent-25,"confirm(name[The Room], available_on_steam[yes])",Are you talking about The Room that you can get on Steam?,['Are you talking about The Room that you can get on Steam?']
viggo-challenge_train_20_percent-26,"confirm(name[Heroes of Might and Magic III: The Restoration of Erathia], developer[Loki Software], has_multiplayer[yes])",Are you talking about Heroes of Might and Magic III: The Restoration of Erathia developed by Loki Software that has multiplayer?,['Are you talking about Heroes of Might and Magic III: The Restoration of Erathia developed by Loki Software that has multiplayer?']
viggo-challenge_train_20_percent-27,"confirm(name[Tomb Raider: The Angel of Darkness], developer[Core Design], available_on_steam[yes])","Do you mean Core Design's Tomb Raider: The Angel of Darkness, available on Steam?","[""Do you mean Core Design's Tomb Raider: The Angel of Darkness, available on Steam?""]"
viggo-challenge_train_20_percent-28,"confirm(name[Shadow of the Tomb Raider], developer[Eidos Montréal], player_perspective[third person])","Do you mean Eidos Montréal's third person masterpiece, Shadow of the Tomb Raider?","[""Do you mean Eidos Montréal's third person masterpiece, Shadow of the Tomb Raider?""]"
viggo-challenge_train_20_percent-29,"confirm(name[Superhot], developer[SUPERHOT Team], genres[indie, shooter, tactical])","Are you talking about the indie tactical shooter from SUPERHOT Team, Superhot?","['Are you talking about the indie tactical shooter from SUPERHOT Team, Superhot?']"
viggo-challenge_train_20_percent-30,"confirm(name[The Elder Scrolls Online], genres[MMORPG], has_mac_release[yes])",Was it the MMORPG game The Elder Scrolls Online that was released on Mac?,['Was it the MMORPG game The Elder Scrolls Online that was released on Mac?']
viggo-challenge_train_20_percent-31,"confirm(name[Silent Hill 2], genres[action-adventure, puzzle], platforms[Xbox])","Oh do you mean the action-adventure puzzle game on Xbox, Silent Hill 2?","['Oh do you mean the action-adventure puzzle game on Xbox, Silent Hill 2?']"
viggo-challenge_train_20_percent-32,"confirm(name[Grand Theft Auto V], esrb[M (for Mature)])","This is the Grand Theft Auto V that's got an M rating, correct?","[""This is the Grand Theft Auto V that's got an M rating, correct?""]"
viggo-challenge_train_20_percent-33,"confirm(name[BioShock], release_year[2007], developer[2K Boston])","When you mention BioShock, do you mean the one that was developed by 2K Boston back in 2007?","['When you mention BioShock, do you mean the one that was developed by 2K Boston back in 2007?']"
viggo-challenge_train_20_percent-34,"confirm(name[BioShock], release_year[2007], developer[2K Boston])","BioShock, which was released in 2007 by 2K Boston, right?","['BioShock, which was released in 2007 by 2K Boston, right?']"
viggo-challenge_train_20_percent-35,"confirm(name[Undertale], developer[tobyfox], available_on_steam[yes])","When you mention Undertale, do you mean the game that was developed by tobyfox and which you can get on Steam?","['When you mention Undertale, do you mean the game that was developed by tobyfox and which you can get on Steam?']"
viggo-challenge_train_20_percent-36,"confirm(name[The Elder Scrolls Online], release_year[2014], platforms[PC])","Oh, you mean The Elder Scrolls Online, the PC game from 2014, right?","['Oh, you mean The Elder Scrolls Online, the PC game from 2014, right?']"
viggo-challenge_train_20_percent-37,"confirm(name[Worms: Reloaded], has_linux_release[yes], has_mac_release[yes])","By Worms: Reloaded, do you mean the game that's got both Mac and Linux releases?","[""By Worms: Reloaded, do you mean the game that's got both Mac and Linux releases?""]"
viggo-challenge_train_20_percent-38,"confirm(name[Mafia], genres[driving/racing, fighting, shooter], player_perspective[third person])","By Mafia, do you mean the third person game that combined the driving, fighting, and shooter genres?","['By Mafia, do you mean the third person game that combined the driving, fighting, and shooter genres?']"
viggo-challenge_train_20_percent-39,"confirm(name[BioShock], platforms[PC], available_on_steam[yes])","Are you talking about BioShock, the PC game you can buy on Steam?","['Are you talking about BioShock, the PC game you can buy on Steam?']"
viggo-challenge_train_20_percent-40,"confirm(name[Hellblade: Senua's Sacrifice], release_year[2017], developer[Ninja Theory])","Oh, do you mean the 2017 game from Ninja Theory, Hellblade: Senua's Sacrifice?","[""Oh, do you mean the 2017 game from Ninja Theory, Hellblade: Senua's Sacrifice?""]"
viggo-challenge_train_20_percent-41,"confirm(name[Tomb Raider: The Angel of Darkness], has_multiplayer[no], has_linux_release[no])",Is the Tomb Raider: The Angel of Darkness you mentioned the one that's single-player only and doesn't have a Linux release?,"[""Is the Tomb Raider: The Angel of Darkness you mentioned the one that's single-player only and doesn't have a Linux release?""]"
viggo-challenge_train_20_percent-42,"confirm(name[Ori and the Blind Forest], esrb[E (for Everyone)])",Are you talking about the E rated Ori and the Blind Forest?,['Are you talking about the E rated Ori and the Blind Forest?']
viggo-challenge_train_20_percent-43,"confirm(name[BioShock], release_year[2007], developer[2K Boston])","Do you mean 2K Boston's 2007 game, BioShock?","[""Do you mean 2K Boston's 2007 game, BioShock?""]"
viggo-challenge_train_20_percent-44,"confirm(name[Shadow of the Tomb Raider], genres[adventure, shooter], platforms[Xbox])",Is the Shadow of the Tomb Raider you mentioned the adventure shooter that's on the Xbox?,"[""Is the Shadow of the Tomb Raider you mentioned the adventure shooter that's on the Xbox?""]"
viggo-challenge_train_20_percent-45,"confirm(name[Tony Hawk's Pro Skater 3], player_perspective[third person], platforms[PC])","Are you talking about Tony Hawk's Pro Skater 3, the PC game in third person?","[""Are you talking about Tony Hawk's Pro Skater 3, the PC game in third person?""]"
viggo-challenge_train_20_percent-46,"confirm(name[Tony Hawk's Pro Skater 3], release_year[2001], developer[Neversoft Entertainment])","You're talking about Tony Hawk's Pro Skater 3, the 2001 game developed by Neversoft Entertainment, right?","[""You're talking about Tony Hawk's Pro Skater 3, the 2001 game developed by Neversoft Entertainment, right?""]"
viggo-challenge_train_20_percent-47,"confirm(name[Worms: Reloaded], player_perspective[side view], available_on_steam[yes])","Do you mean the Worms: Reloaded with a side view, released on Steam?","['Do you mean the Worms: Reloaded with a side view, released on Steam?']"
viggo-challenge_train_20_percent-48,"confirm(name[Little Big Adventure], player_perspective[third person])","Do you mean the third person game, Little Big Adventure?","['Do you mean the third person game, Little Big Adventure?']"
viggo-challenge_train_20_percent-49,"confirm(name[Shadow of the Tomb Raider], developer[Eidos Montréal], player_perspective[third person])",Are you talking about the Shadow of the Tomb Raider that was created by Eidos Montréal and has a third person perspective?,['Are you talking about the Shadow of the Tomb Raider that was created by Eidos Montréal and has a third person perspective?']
viggo-challenge_train_20_percent-50,"confirm(name[Worms: Reloaded], genres[action, platformer, strategy], platforms[PC])","You mean Worms: Reloaded, the PC action and strategy platformer?","['You mean Worms: Reloaded, the PC action and strategy platformer?']"
viggo-challenge_train_20_percent-51,"confirm(name[Horizon: Zero Dawn], platforms[PlayStation])",Is this the Horizon: Zero Dawn on the PlayStation?,['Is this the Horizon: Zero Dawn on the PlayStation?']
viggo-challenge_train_20_percent-52,"confirm(name[Need for Speed: The Run], has_multiplayer[yes])",Is this the Need for Speed: The Run with a multiplayer?,['Is this the Need for Speed: The Run with a multiplayer?']
viggo-challenge_train_20_percent-53,"confirm(name[Ancient Cities], platforms[PC])","Do you mean the PC game, Ancient Cities?","['Do you mean the PC game, Ancient Cities?']"
viggo-challenge_train_20_percent-54,"confirm(name[Little Big Adventure], genres[action-adventure], player_perspective[third person])","Are you talking about Little Big Adventure, the third person action-adventure game?","['Are you talking about Little Big Adventure, the third person action-adventure game?']"
viggo-challenge_train_20_percent-55,"confirm(name[Might & Magic: Heroes VI], player_perspective[bird view], platforms[PC])","When you mention Might & Magic: Heroes VI, do you mean the PC game with a bird view perspective?","['When you mention Might & Magic: Heroes VI, do you mean the PC game with a bird view perspective?']"
viggo-challenge_train_20_percent-56,"confirm(name[Grand Theft Auto V], player_perspective[third person])","Do you mean Grand Theft Auto V, the third person game?","['Do you mean Grand Theft Auto V, the third person game?']"
viggo-challenge_train_20_percent-57,"confirm(name[Ori and the Blind Forest], release_year[2015])","When you mentioned Ori and the Blind Forest, are you talking about the 2015 game?","['When you mentioned Ori and the Blind Forest, are you talking about the 2015 game?']"
viggo-challenge_train_20_percent-58,"confirm(name[Tomb Raider: The Angel of Darkness], has_multiplayer[no], has_linux_release[no])",Are you talking about the Tomb Raider: The Angel of Darkness with a Linux release that doesn't have multiplayer?,"[""Are you talking about the Tomb Raider: The Angel of Darkness with a Linux release that doesn't have multiplayer?""]"
viggo-challenge_train_20_percent-59,"confirm(name[Ancient Cities], developer[Uncasual Games], player_perspective[bird view])","Are you talking about Ancient Cities, the bird view perspective game developed by Uncasual Games?","['Are you talking about Ancient Cities, the bird view perspective game developed by Uncasual Games?']"
viggo-challenge_train_20_percent-60,"confirm(name[Layers of Fear], release_year[2015], developer[Bloober Team])",Do you mean the Layers of Fear that Bloober Team made and released in 2015?,['Do you mean the Layers of Fear that Bloober Team made and released in 2015?']
viggo-challenge_train_20_percent-61,"confirm(name[The Elder Scrolls Online], genres[MMORPG], platforms[PC])","Oh, do you mean the PC MMORPG, The Elder Scrolls Online?","['Oh, do you mean the PC MMORPG, The Elder Scrolls Online?']"
viggo-challenge_train_20_percent-62,"give_opinion(name[Sid Meier's Civilization V], esrb[E 10+ (for Everyone 10 and Older)], rating[good], has_multiplayer[yes])","Sid Meier's Civilization V is a good game, especially because I can play with my kids since it's multiplayer and rated E 10+.","[""Sid Meier's Civilization V is a good game, especially because I can play with my kids since it's multiplayer and rated E 10+.""]"
viggo-challenge_train_20_percent-63,"give_opinion(name[Might & Magic: Heroes VI], developer[Black Hole Entertainment], rating[average], genres[role-playing, turn-based strategy])","Might & Magic: Heroes VI wasn't a bad game, but it didn't live up to my hopes. I normally enjoy games that blend role-playing and turn-based strategy together, but it's clear Black Hole Entertainment didn't really know how to make a game like that.","[""Might & Magic: Heroes VI wasn't a bad game, but it didn't live up to my hopes. I normally enjoy games that blend role-playing and turn-based strategy together, but it's clear Black Hole Entertainment didn't really know how to make a game like that.""]"
viggo-challenge_train_20_percent-64,"give_opinion(name[Super Mario World], rating[excellent], player_perspective[side view], has_multiplayer[yes])","I really, really loved Super Mario World. The side view perspective made it easy to play, and the multiplayer means I can play it with friends too.","['I really, really loved Super Mario World. The side view perspective made it easy to play, and the multiplayer means I can play it with friends too.']"
viggo-challenge_train_20_percent-65,"give_opinion(name[Commandos: Behind Enemy Lines], developer[Pyro Studios], rating[good], platforms[PC])",I thought Commandos: Behind Enemy Lines was good. I generally enjoy releases from Pyro Studios on PC.,['I thought Commandos: Behind Enemy Lines was good. I generally enjoy releases from Pyro Studios on PC.']
viggo-challenge_train_20_percent-66,"give_opinion(name[The Wolf Among Us], developer[Telltale Games], rating[good], platforms[PC])",The Wolf Among Us is another good PC game from Telltale Games.,['The Wolf Among Us is another good PC game from Telltale Games.']
viggo-challenge_train_20_percent-67,"give_opinion(name[Worms: Reloaded], rating[average], player_perspective[side view], has_mac_release[yes])","Worms: Reloaded was an okay game, which I enjoyed getting to play on my Mac. Though the side view does feel a little dated.","['Worms: Reloaded was an okay game, which I enjoyed getting to play on my Mac. Though the side view does feel a little dated.']"
viggo-challenge_train_20_percent-68,"give_opinion(name[The Wolf Among Us], rating[good], genres[adventure, point-and-click], available_on_steam[yes])","The Wolf Among Us is a pretty fun game. I've always enjoyed point-and-click adventure games like it, and it being available on Steam is a nice bonus.","[""The Wolf Among Us is a pretty fun game. I've always enjoyed point-and-click adventure games like it, and it being available on Steam is a nice bonus.""]"
viggo-challenge_train_20_percent-69,"give_opinion(name[The Room], developer[Fireproof Games], rating[excellent], has_linux_release[yes])","I still can't believe how much I fell in love with The Room. Fireproof Games always makes such awesome games, and it having a Linux release too just made it even better from my perspective.","[""I still can't believe how much I fell in love with The Room. Fireproof Games always makes such awesome games, and it having a Linux release too just made it even better from my perspective.""]"
viggo-challenge_train_20_percent-70,"give_opinion(name[StarCraft], developer[Blizzard Entertainment], rating[good], platforms[PC])","StarCraft is pretty fun! Blizzard Entertainment's PC games tend to be good overall, in my experience.","[""StarCraft is pretty fun! Blizzard Entertainment's PC games tend to be good overall, in my experience.""]"
viggo-challenge_train_20_percent-71,"give_opinion(name[Tom Clancy's The Division], release_year[2016], rating[average], has_multiplayer[yes])","Normally I'm not into games like Tom Clancy's The Division, but this 2016 game is okay because it has multiplayer.","[""Normally I'm not into games like Tom Clancy's The Division, but this 2016 game is okay because it has multiplayer.""]"
viggo-challenge_train_20_percent-72,"give_opinion(name[Mirror's Edge Catalyst], release_year[2016], rating[average], has_multiplayer[yes])","Mirror's Edge Catalyst is a game I don't regret playing, but it's not one that's gonna stick with me. It's got multiplayer which I liked, but it came out in 2016 and for whatever reason I just am not a fan of games from what year.","[""Mirror's Edge Catalyst is a game I don't regret playing, but it's not one that's gonna stick with me. It's got multiplayer which I liked, but it came out in 2016 and for whatever reason I just am not a fan of games from what year.""]"
viggo-challenge_train_20_percent-73,"give_opinion(name[Age of Empires II: The Age of Kings], esrb[T (for Teen)], rating[good], has_multiplayer[yes])","I have fun playing Age of Empires II: The Age of Kings. I like that it has a multiplayer and, since it's only rated T (for Teen), I'm able to play it with friends and younger siblings.","[""I have fun playing Age of Empires II: The Age of Kings. I like that it has a multiplayer and, since it's only rated T (for Teen), I'm able to play it with friends and younger siblings.""]"
viggo-challenge_train_20_percent-74,"give_opinion(name[Might & Magic: Heroes VI], developer[Black Hole Entertainment], rating[average], player_perspective[bird view])","I think Might & Magic: Heroes VI is all right, but nothing special. The bird view perspective is nice and makes it easy to play, but Black Hole Entertainment is not a developer I care for.","['I think Might & Magic: Heroes VI is all right, but nothing special. The bird view perspective is nice and makes it easy to play, but Black Hole Entertainment is not a developer I care for.']"
viggo-challenge_train_20_percent-75,"give_opinion(name[Lara Croft and the Temple of Osiris], esrb[T (for Teen)], rating[average])",Lara Croft and the Temple of Osiris is an ultimately average T-rated entry in the series.,['Lara Croft and the Temple of Osiris is an ultimately average T-rated entry in the series.']
viggo-challenge_train_20_percent-76,"give_opinion(name[NBA 2K16], esrb[E 10+ (for Everyone 10 and Older)], rating[good], has_multiplayer[yes])","I've been enjoying playing NBA 2K16 lately. Thanks to it's E 10+ rating and multiplayer functions, I can play it with most of my family.","[""I've been enjoying playing NBA 2K16 lately. Thanks to it's E 10+ rating and multiplayer functions, I can play it with most of my family.""]"
viggo-challenge_train_20_percent-77,"give_opinion(name[Life is Strange], release_year[2015], rating[good], platforms[PC])","I often enjoy a game of Life is Strange. In fact, it's one of the few PC games I like that were released back in 2015.","[""I often enjoy a game of Life is Strange. In fact, it's one of the few PC games I like that were released back in 2015.""]"
viggo-challenge_train_20_percent-78,"give_opinion(name[Super Mario World], rating[excellent], has_multiplayer[yes], platforms[Nintendo])","Super Mario World is a really amazing game. I love games for the Nintendo like it, and the fact that it has multiplayer just makes it even better.","['Super Mario World is a really amazing game. I love games for the Nintendo like it, and the fact that it has multiplayer just makes it even better.']"
viggo-challenge_train_20_percent-79,"give_opinion(name[Tom Clancy's Splinter Cell: Chaos Theory], developer[Ubisoft Montreal], rating[good], player_perspective[first person])",Ubisoft Montreal outdid themselves when they made Tom Clancy's Splinter Cell: Chaos Theory. From the first person perspective it looks so realistic.,"[""Ubisoft Montreal outdid themselves when they made Tom Clancy's Splinter Cell: Chaos Theory. From the first person perspective it looks so realistic.""]"
viggo-challenge_train_20_percent-80,"give_opinion(name[Metroid Prime Pinball], developer[Fuse Games], esrb[E (for Everyone)], rating[average])","Fuse Games maybe did their best with Metroid Prime Pinball, and they easily kept to Nintendo's preferred E rating, but it's just not the game for me.","[""Fuse Games maybe did their best with Metroid Prime Pinball, and they easily kept to Nintendo's preferred E rating, but it's just not the game for me.""]"
viggo-challenge_train_20_percent-81,"give_opinion(name[Need for Speed: Most Wanted], developer[EA Redwood Shores], rating[good], genres[driving/racing])",I had a good time playing Need for Speed: Most Wanted. I've found that I generally enjoy driving/racing games developed by EA Redwood Shores.,"[""I had a good time playing Need for Speed: Most Wanted. I've found that I generally enjoy driving/racing games developed by EA Redwood Shores.""]"
viggo-challenge_train_20_percent-82,"give_opinion(name[Ori and the Blind Forest], rating[excellent], genres[adventure, platformer, puzzle], player_perspective[side view])","Ori and the Blind Forest is a truly wonderful game. The mixture of platforming, adventure, and puzzles is really excellent, and the side view perspective just helps all the elements come together nicely.","['Ori and the Blind Forest is a truly wonderful game. The mixture of platforming, adventure, and puzzles is really excellent, and the side view perspective just helps all the elements come together nicely.']"
viggo-challenge_train_20_percent-83,"give_opinion(name[Dirt: Showdown], developer[Codemasters Southam], rating[average], player_perspective[first person])",I thought Dirt: Showdown was just ordinary. Codemasters Southam's choice of a first person perspective was not a smart one.,"[""I thought Dirt: Showdown was just ordinary. Codemasters Southam's choice of a first person perspective was not a smart one.""]"
viggo-challenge_train_20_percent-84,"give_opinion(name[Lara Croft and the Temple of Osiris], developer[Crystal Dynamics], rating[average])",I thought that Lara Croft and the Temple of Osiris was merely average. I think that the developer Crystal Dynamics is just a mediocre developer.,['I thought that Lara Croft and the Temple of Osiris was merely average. I think that the developer Crystal Dynamics is just a mediocre developer.']
viggo-challenge_train_20_percent-85,"give_opinion(name[RollerCoaster Tycoon], rating[good], genres[simulation, strategy], player_perspective[bird view])",I think RollerCoaster Tycoon was a good game because the strategy simulator gameplay was fun and the bird view perspective made it easy to play.,['I think RollerCoaster Tycoon was a good game because the strategy simulator gameplay was fun and the bird view perspective made it easy to play.']
viggo-challenge_train_20_percent-86,"give_opinion(name[Mirror's Edge Catalyst], developer[EA Digital Illusions CE], rating[average], genres[action-adventure, fighting])","EA Digital Illusions CE did an okay job on Mirror's Edge Catalyst, but the action-adventure fighting game didn't really live up to my hype for it.","[""EA Digital Illusions CE did an okay job on Mirror's Edge Catalyst, but the action-adventure fighting game didn't really live up to my hype for it.""]"
viggo-challenge_train_20_percent-87,"give_opinion(name[Diablo II], developer[Blizzard North], rating[good], genres[hack-and-slash, role-playing])",I must say I was a fan of Diablo II. I like Blizzard North's work in the hack-and-slash RPG genre.,"[""I must say I was a fan of Diablo II. I like Blizzard North's work in the hack-and-slash RPG genre.""]"
viggo-challenge_train_20_percent-88,"give_opinion(name[Tomb Raider: The Last Revelation], developer[Core Design], rating[good], has_multiplayer[no])","Tomb Raider: The Last Revelation works pretty well as a game, it doesn't have multiplayer but then again it doesn't need it. Core Design's quality speaks for itself.","[""Tomb Raider: The Last Revelation works pretty well as a game, it doesn't have multiplayer but then again it doesn't need it. Core Design's quality speaks for itself.""]"
viggo-challenge_train_20_percent-89,"give_opinion(name[World of Warcraft], rating[good], available_on_steam[no])","World of Warcraft is pretty good, unfortunately you have to download a launcher for it on its own, since it's not available on Steam.","[""World of Warcraft is pretty good, unfortunately you have to download a launcher for it on its own, since it's not available on Steam.""]"
viggo-challenge_train_20_percent-90,"give_opinion(name[Mirror's Edge Catalyst], rating[poor], has_multiplayer[yes])","Mirror's Edge Catalyst wasn't too fun for me. It's multiplayer, and I prefer to play alone.","[""Mirror's Edge Catalyst wasn't too fun for me. It's multiplayer, and I prefer to play alone.""]"
viggo-challenge_train_20_percent-91,"give_opinion(name[The Elder Scrolls Online], rating[average], player_perspective[first person], has_mac_release[yes])","The Elder Scrolls Online was not terribly bad, but that's just because I have a thing for first person games on Mac.","[""The Elder Scrolls Online was not terribly bad, but that's just because I have a thing for first person games on Mac.""]"
viggo-challenge_train_20_percent-92,"give_opinion(name[Guitar Hero: Smash Hits], esrb[T (for Teen)], rating[poor], genres[music])","I don't like music games, though I do at least like listening to music. However, the T rating of Guitar Hero: Smash Hits meant it couldn't include my favorite songs, and even that small joy was robbed from me.","[""I don't like music games, though I do at least like listening to music. However, the T rating of Guitar Hero: Smash Hits meant it couldn't include my favorite songs, and even that small joy was robbed from me.""]"
viggo-challenge_train_20_percent-93,"give_opinion(name[Need for Speed: Most Wanted], release_year[2005], rating[good], platforms[Xbox])","Need for Speed: Most Wanted was a strong release in 2005. It was basically the only reason I bought an Xbox originally, and I didn't regret that at all.","[""Need for Speed: Most Wanted was a strong release in 2005. It was basically the only reason I bought an Xbox originally, and I didn't regret that at all.""]"
viggo-challenge_train_20_percent-94,"give_opinion(name[MotorStorm: Apocalypse], rating[poor], has_multiplayer[yes], platforms[PlayStation])","MotorStorm: Apocalypse was a pretty bad game, even the local multiplayer couldn't salvage the experience, despite my friends all joining me on my PlayStation.","[""MotorStorm: Apocalypse was a pretty bad game, even the local multiplayer couldn't salvage the experience, despite my friends all joining me on my PlayStation.""]"
viggo-challenge_train_20_percent-95,"give_opinion(name[MotorStorm: Apocalypse], rating[poor], genres[vehicular combat], player_perspective[third person])","MotorStorm: Apocalypse was really disappointing. I had such high hopes for a third person vehicular combat game, but it seems I still must wait for a true successor to Twisted Metal.","['MotorStorm: Apocalypse was really disappointing. I had such high hopes for a third person vehicular combat game, but it seems I still must wait for a true successor to Twisted Metal.']"
viggo-challenge_train_20_percent-96,"give_opinion(name[Rocket League], developer[Psyonix], esrb[E (for Everyone)], rating[good])",I think Rocket League is quite good. I think that Psyonix has created an attractive selection of games rated E (for Everyone).,['I think Rocket League is quite good. I think that Psyonix has created an attractive selection of games rated E (for Everyone).']
viggo-challenge_train_20_percent-97,"give_opinion(name[Super Mario World], esrb[E (for Everyone)], rating[excellent], has_multiplayer[yes])","Super Mario World is my current favorite game. I love multiplayer games that are rated E (for Everyone), so this is really my cup of tea!","['Super Mario World is my current favorite game. I love multiplayer games that are rated E (for Everyone), so this is really my cup of tea!']"
viggo-challenge_train_20_percent-98,"give_opinion(name[Life is Strange], rating[good], player_perspective[third person], has_linux_release[yes])",I am very partial to Life is Strange. It's one of a selection of very enjoyable third person games released for the Linux OS.,"[""I am very partial to Life is Strange. It's one of a selection of very enjoyable third person games released for the Linux OS.""]"
viggo-challenge_train_20_percent-99,"give_opinion(name[Far Cry 3], release_year[2012], rating[good])",I had a lot of fun with Far Cry 3 when I first picked it up in 2012,['I had a lot of fun with Far Cry 3 when I first picked it up in 2012']
viggo-challenge_train_20_percent-100,"give_opinion(name[Mirror's Edge Catalyst], developer[EA Digital Illusions CE], rating[average], genres[action-adventure, fighting])",EA Digital Illusions CE gets a solid C for this entry into the action-adventure fighting game genre. Mirror's Edge Catalyst is nothing special.,"[""EA Digital Illusions CE gets a solid C for this entry into the action-adventure fighting game genre. Mirror's Edge Catalyst is nothing special.""]"
viggo-challenge_train_20_percent-101,"give_opinion(name[Need for Speed: Shift], rating[average], genres[driving/racing, simulation], player_perspective[first person])","I think Need for Speed: Shift was an okay game, but it's not gonna be one of my favorites. It's just that first person driving/racing simulators are, for me, a type of game I always find to be merely okay.","[""I think Need for Speed: Shift was an okay game, but it's not gonna be one of my favorites. It's just that first person driving/racing simulators are, for me, a type of game I always find to be merely okay.""]"
viggo-challenge_train_20_percent-102,"give_opinion(name[Metroid Prime Pinball], release_year[2005], rating[average], genres[pinball, puzzle])","Metroid Prime Pinball is just okay. I usually like games released in 2005, since that was a strong year, but I'm not really a big fan of puzzle pinball games.","[""Metroid Prime Pinball is just okay. I usually like games released in 2005, since that was a strong year, but I'm not really a big fan of puzzle pinball games.""]"
viggo-challenge_train_20_percent-103,"give_opinion(name[Age of Empires II: The Age of Kings], rating[good], platforms[PC], has_mac_release[yes])","I really liked Age of Empires II: The Age of Kings, it's a solid PC game, and it actually was ported to Mac too, which is a pretty nice addition in terms of expanding access to the game.","[""I really liked Age of Empires II: The Age of Kings, it's a solid PC game, and it actually was ported to Mac too, which is a pretty nice addition in terms of expanding access to the game.""]"
viggo-challenge_train_20_percent-104,"give_opinion(name[The Elder Scrolls V: Skyrim], rating[good], platforms[PC], available_on_steam[yes])",I had fun playing The Elder Scrolls V: Skyrim. I generally like playing games from Steam on my PC.,['I had fun playing The Elder Scrolls V: Skyrim. I generally like playing games from Steam on my PC.']
viggo-challenge_train_20_percent-105,"give_opinion(name[Tomb Raider: The Last Revelation], esrb[T (for Teen)], rating[good], platforms[PlayStation])","I like PlayStation games that go for a T rating to balance being family friendly and having mature themes, so I enjoyed Tomb Raider: The Last Revelation.","['I like PlayStation games that go for a T rating to balance being family friendly and having mature themes, so I enjoyed Tomb Raider: The Last Revelation.']"
viggo-challenge_train_20_percent-106,"give_opinion(name[BioShock], rating[good], player_perspective[first person], platforms[PC])","I normally don't play games on the PC, but the first person perspective of BioShock was so well done that I actually thought the game was pretty good.","[""I normally don't play games on the PC, but the first person perspective of BioShock was so well done that I actually thought the game was pretty good.""]"
viggo-challenge_train_20_percent-107,"give_opinion(name[Worms: Reloaded], rating[average], player_perspective[side view], available_on_steam[yes])",Worms: Reloaded is an average quality side view game you can at least find on Steam.,['Worms: Reloaded is an average quality side view game you can at least find on Steam.']
viggo-challenge_train_20_percent-108,"give_opinion(name[Tom Clancy's Splinter Cell: Chaos Theory], rating[good], genres[action, tactical], has_multiplayer[yes])",I'm pretty into Tom Clancy's Splinter Cell: Chaos Theory. I've always been a fan of multiplayer tactical action games.,"[""I'm pretty into Tom Clancy's Splinter Cell: Chaos Theory. I've always been a fan of multiplayer tactical action games.""]"
viggo-challenge_train_20_percent-109,"give_opinion(name[StarCraft], developer[Blizzard Entertainment], rating[good], player_perspective[bird view])",StarCraft is an entertaining game released by Blizzard Entertainment. The bird's eye view in the game helps you keep an eye on everything in the game.,"[""StarCraft is an entertaining game released by Blizzard Entertainment. The bird's eye view in the game helps you keep an eye on everything in the game.""]"
viggo-challenge_train_20_percent-110,"give_opinion(name[Undertale], rating[excellent], player_perspective[bird view])",I loved Undertale. It really took advantage of the bird's eye view and did a lot of novel things in its genre.,"[""I loved Undertale. It really took advantage of the bird's eye view and did a lot of novel things in its genre.""]"
viggo-challenge_train_20_percent-111,"give_opinion(name[Commandos: Behind Enemy Lines], rating[good], genres[strategy, tactical], player_perspective[bird view])","Commandos: Behind Enemy Lines is a pretty good game. The tactical strategy gameplay is fun, and the bird view perspective makes it easy to play.","['Commandos: Behind Enemy Lines is a pretty good game. The tactical strategy gameplay is fun, and the bird view perspective makes it easy to play.']"
viggo-challenge_train_20_percent-112,"give_opinion(name[Sid Meier's Civilization V], developer[Firaxis Games], rating[good], has_multiplayer[yes])","Sid Meier's Civilization V is a pretty enjoyable game in my opinion. Firaxis Games is a quality developer, and the multiplayer was a nice addition to the game as well.","[""Sid Meier's Civilization V is a pretty enjoyable game in my opinion. Firaxis Games is a quality developer, and the multiplayer was a nice addition to the game as well.""]"
viggo-challenge_train_20_percent-113,"give_opinion(name[Diablo II], developer[Blizzard North], rating[good], has_mac_release[yes])","Oh man, I miss the old Blizzard North, Diablo II is a game that in many respects hasn't been rivaled. And thankfully, it's out on Mac too!","[""Oh man, I miss the old Blizzard North, Diablo II is a game that in many respects hasn't been rivaled. And thankfully, it's out on Mac too!""]"
viggo-challenge_train_20_percent-114,"give_opinion(name[Call of Duty: Advanced Warfare], rating[average], player_perspective[first person], platforms[PlayStation])","Call of Duty: Advanced Warfare was just plain average. I like games that are on the PlayStation normally, but the first person perspective made the experience kind of mediocre.","['Call of Duty: Advanced Warfare was just plain average. I like games that are on the PlayStation normally, but the first person perspective made the experience kind of mediocre.']"
viggo-challenge_train_20_percent-115,"give_opinion(name[Tom Clancy's The Division], release_year[2016], rating[average], has_multiplayer[yes])","Tom Clancy's The Division is an all-around average multiplayer game from 2016, I would say.","[""Tom Clancy's The Division is an all-around average multiplayer game from 2016, I would say.""]"
viggo-challenge_train_20_percent-116,"give_opinion(name[The Last of Us], rating[excellent], player_perspective[third person], platforms[PlayStation])","The Last of Us was a truly excellent game. I loved how the third person perspective enhanced the experience, and it being for the PlayStation was an added bonus.","['The Last of Us was a truly excellent game. I loved how the third person perspective enhanced the experience, and it being for the PlayStation was an added bonus.']"
viggo-challenge_train_20_percent-117,"give_opinion(name[The Wolf Among Us], developer[Telltale Games], rating[good], platforms[PC])","I had fun playing The Wolf Among Us. Altogether, I like playing Telltale Games on PC.","['I had fun playing The Wolf Among Us. Altogether, I like playing Telltale Games on PC.']"
viggo-challenge_train_20_percent-118,"give_opinion(name[Diablo II], developer[Blizzard North], rating[good], has_mac_release[yes])","Diablo II is a good game, I'd say. Blizzard North makes quality content, and the fact that it actually has a Mac release is nice.","[""Diablo II is a good game, I'd say. Blizzard North makes quality content, and the fact that it actually has a Mac release is nice.""]"
viggo-challenge_train_20_percent-119,"give_opinion(name[Need for Speed: Shift], rating[average], player_perspective[first person], has_multiplayer[yes])","Need for Speed: Shift is a solid multiplayer first person game, all in all, I'd call it average.","[""Need for Speed: Shift is a solid multiplayer first person game, all in all, I'd call it average.""]"
viggo-challenge_train_20_percent-120,"give_opinion(name[Need for Speed: Most Wanted], rating[good], genres[driving/racing], has_multiplayer[yes])",I think that Need for Speed: Most Wanted is fun to play. Driving/racing games that include multiplayer tend to be enjoyable to me.,['I think that Need for Speed: Most Wanted is fun to play. Driving/racing games that include multiplayer tend to be enjoyable to me.']
viggo-challenge_train_20_percent-121,"give_opinion(name[The Room], developer[Fireproof Games], rating[excellent], has_linux_release[yes])","I always love playing games on Linux, and Fireproof Games is one of the best developers out there, so The Room was like a match made in heaven for me. An absolutely amazing game.","['I always love playing games on Linux, and Fireproof Games is one of the best developers out there, so The Room was like a match made in heaven for me. An absolutely amazing game.']"
viggo-challenge_train_20_percent-122,"give_opinion(name[Madden NFL 15], developer[EA Tiburon], rating[average])",I feel like EA Tiburon didn't do quite a great job developing Madden NFL 15.,"[""I feel like EA Tiburon didn't do quite a great job developing Madden NFL 15.""]"
viggo-challenge_train_20_percent-123,"give_opinion(name[Trivial Pursuit], rating[poor], has_multiplayer[yes], platforms[Nintendo])",I'm not at all a fan of Nintendo multiplayer games like Trivial Pursuit.,"[""I'm not at all a fan of Nintendo multiplayer games like Trivial Pursuit.""]"
viggo-challenge_train_20_percent-124,"give_opinion(name[RollerCoaster Tycoon], rating[good], genres[simulation, strategy], has_mac_release[no])","RollerCoaster Tycoon is a pretty good single-player strategy simulation game. My only tiny gripe with it is that it doesn't run on Mac, so I have to sit at my desktop computer to play it.","[""RollerCoaster Tycoon is a pretty good single-player strategy simulation game. My only tiny gripe with it is that it doesn't run on Mac, so I have to sit at my desktop computer to play it.""]"
viggo-challenge_train_20_percent-125,"give_opinion(name[Age of Wonders II: The Wizard's Throne], rating[poor], genres[role-playing, turn-based strategy])",I didn't enjoy Age of Wonders II: The Wizard's Throne. I just can't seem to get into turn-based strategy games that also include role-playing elements.,"[""I didn't enjoy Age of Wonders II: The Wizard's Throne. I just can't seem to get into turn-based strategy games that also include role-playing elements.""]"
viggo-challenge_train_20_percent-126,"give_opinion(name[Call of Duty: Advanced Warfare], rating[average], genres[action, shooter], has_multiplayer[yes])","When it comes to multiplayer action shooters, I do tend to be quite picky. Unfortunately, for whatever reason, Call of Duty: Advanced Warfare didn't do it for me. It was still alright, but just, meh.","[""When it comes to multiplayer action shooters, I do tend to be quite picky. Unfortunately, for whatever reason, Call of Duty: Advanced Warfare didn't do it for me. It was still alright, but just, meh.""]"
viggo-challenge_train_20_percent-127,"give_opinion(name[Portal 2], developer[Valve Corporation], rating[excellent], platforms[PlayStation])","Portal 2 is my dream game. Valve Corporation is my favorite developer and the PlayStation is my favorite system, so combining the two is a match made in heaven.","['Portal 2 is my dream game. Valve Corporation is my favorite developer and the PlayStation is my favorite system, so combining the two is a match made in heaven.']"
viggo-challenge_train_20_percent-128,"give_opinion(name[Mirror's Edge Catalyst], rating[average], player_perspective[first person], platforms[PlayStation])","Mirror's Edge Catalyst was a pretty mediocre first person game. When it came to the PlayStation, I picked it up, but honestly I found it didn't do the premise justice.","[""Mirror's Edge Catalyst was a pretty mediocre first person game. When it came to the PlayStation, I picked it up, but honestly I found it didn't do the premise justice.""]"
viggo-challenge_train_20_percent-129,"give_opinion(name[Rocket League], developer[Psyonix], esrb[E (for Everyone)], rating[good])","I like playing E rated games, but it seems so many developers don't put effort into them. Fortunately, Psyonix is a developer that does, so I had a good time playing Rocket League.","[""I like playing E rated games, but it seems so many developers don't put effort into them. Fortunately, Psyonix is a developer that does, so I had a good time playing Rocket League.""]"
viggo-challenge_train_20_percent-130,"give_opinion(name[StarCraft], rating[good], genres[real-time strategy], has_multiplayer[yes])","StarCraft is a delightful multiplayer RTS game, best played with friends.","['StarCraft is a delightful multiplayer RTS game, best played with friends.']"
viggo-challenge_train_20_percent-131,"give_opinion(name[The Elder Scrolls V: Skyrim], release_year[2011], esrb[M (for Mature)], rating[good])","I know The Elder Scrolls V: Skyrim is an M rated game from 2011, but it's my favorite game from that year.","[""I know The Elder Scrolls V: Skyrim is an M rated game from 2011, but it's my favorite game from that year.""]"
viggo-challenge_train_20_percent-132,"give_opinion(name[Super Mario World], developer[Nintendo EAD], rating[excellent], player_perspective[side view])","Man, Super Mario World is great, such a classic! It really set the stage for future side view games too, truly a masterclass in design from Nintendo EAD.","['Man, Super Mario World is great, such a classic! It really set the stage for future side view games too, truly a masterclass in design from Nintendo EAD.']"
viggo-challenge_train_20_percent-133,"give_opinion(name[World of Warcraft], rating[good], available_on_steam[no])","I used to love World of Warcraft, I just wish it was available on Steam, that would be so convenient.","['I used to love World of Warcraft, I just wish it was available on Steam, that would be so convenient.']"
viggo-challenge_train_20_percent-134,"give_opinion(name[Ori and the Blind Forest], rating[excellent], player_perspective[side view], platforms[Xbox])",I love to play side scrolling games on Xbox and with Ori and the Blind Forest I just hit the jackpot.,['I love to play side scrolling games on Xbox and with Ori and the Blind Forest I just hit the jackpot.']
viggo-challenge_train_20_percent-135,"give_opinion(name[FIFA 12], rating[average], has_multiplayer[yes], platforms[Xbox])","Although FIFA 12 on Xbox has multiplayer, in my opinion, the game is just okay.","['Although FIFA 12 on Xbox has multiplayer, in my opinion, the game is just okay.']"
viggo-challenge_train_20_percent-136,"give_opinion(name[RollerCoaster Tycoon], developer[MicroProse], rating[good], player_perspective[bird view])","RollerCoaster Tycoon was a masterstroke considering it was made by MicroProse. I really quite liked this game, and it did well with the bird view perspective too.","['RollerCoaster Tycoon was a masterstroke considering it was made by MicroProse. I really quite liked this game, and it did well with the bird view perspective too.']"
viggo-challenge_train_20_percent-137,"give_opinion(name[Madden NFL 15], rating[average], platforms[Xbox])","Having played Madden NFL 15 on Xbox, I found the controls and graphics mediocre.","['Having played Madden NFL 15 on Xbox, I found the controls and graphics mediocre.']"
viggo-challenge_train_20_percent-138,"give_opinion(name[Tom Clancy's Splinter Cell: Chaos Theory], developer[Ubisoft Montreal], rating[good], player_perspective[first person])","I'm a fan of Tom Clancy's Splinter Cell: Chaos Theory. Most of the time, I enjoy Ubisoft Montreal's first person games.","[""I'm a fan of Tom Clancy's Splinter Cell: Chaos Theory. Most of the time, I enjoy Ubisoft Montreal's first person games.""]"
viggo-challenge_train_20_percent-139,"give_opinion(name[Metroid Prime Pinball], developer[Fuse Games], rating[average], platforms[Nintendo])","I like playing games on the Nintendo, but Fuse Games doesn't take advantage of the platform properly, so Metroid Prime Pinball ended up being just average.","[""I like playing games on the Nintendo, but Fuse Games doesn't take advantage of the platform properly, so Metroid Prime Pinball ended up being just average.""]"
viggo-challenge_train_20_percent-140,"give_opinion(name[Need for Speed: Most Wanted], rating[good], genres[driving/racing], has_multiplayer[yes])","Need for Speed: Most Wanted is really fun, racing games really shine when they include multiplayer.","['Need for Speed: Most Wanted is really fun, racing games really shine when they include multiplayer.']"
viggo-challenge_train_20_percent-141,"give_opinion(name[Worms: Reloaded], rating[average], player_perspective[side view], has_multiplayer[yes])","Multiplayer games can be very fun, but the side view perspective of Worms: Reloaded made it merely average in my opinion.","['Multiplayer games can be very fun, but the side view perspective of Worms: Reloaded made it merely average in my opinion.']"
viggo-challenge_train_20_percent-142,"give_opinion(name[Lara Croft and the Temple of Osiris], developer[Crystal Dynamics], rating[average])",Crystal Dynamics tends to produce average games like Lara Croft and the Temple of Osiris.,['Crystal Dynamics tends to produce average games like Lara Croft and the Temple of Osiris.']
viggo-challenge_train_20_percent-143,"give_opinion(name[Guitar Hero: Smash Hits], developer[Beenox], rating[poor])","Guitar Hero: Smash Hits was way worse than any Guitar Hero game, most likely due to it being developed by Beenox.","['Guitar Hero: Smash Hits was way worse than any Guitar Hero game, most likely due to it being developed by Beenox.']"
viggo-challenge_train_20_percent-144,"give_opinion(name[Might & Magic: Heroes VI], developer[Black Hole Entertainment], rating[average], player_perspective[bird view])",I wouldn't say Might & Magic: Heroes VI is anything more than an average bird's eye view game from Black Hole Entertainment.,"[""I wouldn't say Might & Magic: Heroes VI is anything more than an average bird's eye view game from Black Hole Entertainment.""]"
viggo-challenge_train_20_percent-145,"give_opinion(name[Rollcage], developer[Attention To Detail], rating[average], player_perspective[third person])","Rollcage was an okay third person game, but the lack of dedication of Attention To Detail really sets it back.","['Rollcage was an okay third person game, but the lack of dedication of Attention To Detail really sets it back.']"
viggo-challenge_train_20_percent-146,"give_opinion(name[Tom Clancy's The Division], esrb[M (for Mature)], rating[average], platforms[Xbox])",I'm so-so on M-rated Xbox games like Tom Clancy's The Division.,"[""I'm so-so on M-rated Xbox games like Tom Clancy's The Division.""]"
viggo-challenge_train_20_percent-147,"give_opinion(name[Tom Clancy's Splinter Cell: Chaos Theory], release_year[2005], rating[good], platforms[PlayStation])","Tom Clancy's Splinter Cell: Chaos Theory is pretty cool. This 2005 PlayStation game may not be the newest, but it's still a blast to play.","[""Tom Clancy's Splinter Cell: Chaos Theory is pretty cool. This 2005 PlayStation game may not be the newest, but it's still a blast to play.""]"
viggo-challenge_train_20_percent-148,"give_opinion(name[Far Cry 3], rating[good], player_perspective[first person])",I thought Far Cry 3 was pretty good. I have a thing for first person perspective games.,['I thought Far Cry 3 was pretty good. I have a thing for first person perspective games.']
viggo-challenge_train_20_percent-149,"give_opinion(name[Portal 2], rating[excellent], player_perspective[first person], has_multiplayer[yes])","I've been having an absolute blast playing Portal 2. First person games are always my favorite, but the multiplayer makes it even better.","[""I've been having an absolute blast playing Portal 2. First person games are always my favorite, but the multiplayer makes it even better.""]"
viggo-challenge_train_20_percent-150,"give_opinion(name[Far Cry 3], rating[good], platforms[PlayStation])","I eventually picked up Far Cry 3 for my PlayStation after hearing of the hype, and thankfully, it's a pretty good game.","[""I eventually picked up Far Cry 3 for my PlayStation after hearing of the hype, and thankfully, it's a pretty good game.""]"
viggo-challenge_train_20_percent-151,"give_opinion(name[Stronghold 2], developer[Firefly Studios], esrb[T (for Teen)], rating[average])","For a game from Firefly Studios, Stronghold 2 is so-so. Not bad for a teen rated game.","['For a game from Firefly Studios, Stronghold 2 is so-so. Not bad for a teen rated game.']"
viggo-challenge_train_20_percent-152,"give_opinion(name[Mirror's Edge Catalyst], developer[EA Digital Illusions CE], rating[average], has_multiplayer[yes])","Oh man, Mirror's Edge Catalyst didn't live up to my expectations of a game by EA Digital Illusions CE. The multiplayer could have been so much better.","[""Oh man, Mirror's Edge Catalyst didn't live up to my expectations of a game by EA Digital Illusions CE. The multiplayer could have been so much better.""]"
viggo-challenge_train_20_percent-153,"give_opinion(name[Need for Speed: Shift], rating[average], player_perspective[first person], has_multiplayer[yes])","I thought Need for Speed: Shift was mediocre. It's got multiplayer, which is always a plus for me, but I prefer games that aren't from a first person perspective.","[""I thought Need for Speed: Shift was mediocre. It's got multiplayer, which is always a plus for me, but I prefer games that aren't from a first person perspective.""]"
viggo-challenge_train_20_percent-154,"give_opinion(name[The Elder Scrolls Online], rating[average], player_perspective[first person], has_mac_release[yes])","I thought The Elder Scrolls Online was quite okay. I love that it got a Mac release, but the first person perspective just made it mediocre in my view.","['I thought The Elder Scrolls Online was quite okay. I love that it got a Mac release, but the first person perspective just made it mediocre in my view.']"
viggo-challenge_train_20_percent-155,"give_opinion(name[Super Mario World], rating[excellent], player_perspective[side view], has_multiplayer[yes])","Super Mario World is just a fantastic game. A truly amazing side view game, especially considering the multiplayer!","['Super Mario World is just a fantastic game. A truly amazing side view game, especially considering the multiplayer!']"
viggo-challenge_train_20_percent-156,"give_opinion(name[The Room], rating[excellent], genres[indie, point-and-click, puzzle], available_on_steam[yes])",The Room was just incredible. Indie point-and-click puzzle games are really flourishing on Steam.,['The Room was just incredible. Indie point-and-click puzzle games are really flourishing on Steam.']
viggo-challenge_train_20_percent-157,"give_opinion(name[World of Warcraft], developer[Blizzard Entertainment], rating[good])",World of Warcraft is a really good game from Blizzard Entertainment.,['World of Warcraft is a really good game from Blizzard Entertainment.']
viggo-challenge_train_20_percent-158,"give_opinion(name[Payday 2], esrb[M (for Mature)], rating[average], player_perspective[first person])","Payday 2 is kind of fun, but fails to be anything special. I like first person games usually, but the M rating means the content is just a bit too much for my tastes.","['Payday 2 is kind of fun, but fails to be anything special. I like first person games usually, but the M rating means the content is just a bit too much for my tastes.']"
viggo-challenge_train_20_percent-159,"give_opinion(name[World of Warcraft], rating[good], platforms[PC])","World of Warcraft was good, but I think it could have been even more popular if they released the game on more than just PC.","['World of Warcraft was good, but I think it could have been even more popular if they released the game on more than just PC.']"
viggo-challenge_train_20_percent-160,"give_opinion(name[Portal 2], rating[excellent], player_perspective[first person], has_multiplayer[yes])","Portal 2 is a downright excellent first person game, with an amazing multiplayer experience to boot.","['Portal 2 is a downright excellent first person game, with an amazing multiplayer experience to boot.']"
viggo-challenge_train_20_percent-161,"give_opinion(name[Stronghold 2], release_year[2005], rating[average], has_mac_release[no])","Stronghold 2 is a decent game, all things considered. I wasn't wild about it not having a Mac release, but it came out in 2005, so what can you really expect there?","[""Stronghold 2 is a decent game, all things considered. I wasn't wild about it not having a Mac release, but it came out in 2005, so what can you really expect there?""]"
viggo-challenge_train_20_percent-162,"give_opinion(name[Payday 2], esrb[M (for Mature)], rating[average], player_perspective[first person])","Payday 2 isn't a bad game, but doesn't do anything to draw attention to it. It's like so many M rated first person games, and seems to feel like those facts alone are enough to make you want to play it.","[""Payday 2 isn't a bad game, but doesn't do anything to draw attention to it. It's like so many M rated first person games, and seems to feel like those facts alone are enough to make you want to play it.""]"
viggo-challenge_train_20_percent-163,"give_opinion(name[Call of Duty: Advanced Warfare], developer[Sledgehammer Games], esrb[M (for Mature)], rating[average])","I'm not a fan of M rated games, so I thought I'd hate Call of Duty: Advanced Warfare. But Sledgehammer Games is a developer that knows what they're doing most of the time, so I actually found it to be okay.","[""I'm not a fan of M rated games, so I thought I'd hate Call of Duty: Advanced Warfare. But Sledgehammer Games is a developer that knows what they're doing most of the time, so I actually found it to be okay.""]"
viggo-challenge_train_20_percent-164,"give_opinion(name[Payday 2], developer[Overkill Software], rating[average], has_multiplayer[yes])","Payday 2 isn't the worst game in the world, I'd say. It's got multiplayer which is always a plus, but Overkill Software just doesn't make games that stand out much.","[""Payday 2 isn't the worst game in the world, I'd say. It's got multiplayer which is always a plus, but Overkill Software just doesn't make games that stand out much.""]"
viggo-challenge_train_20_percent-165,"give_opinion(name[Dirt: Showdown], developer[Codemasters Southam], rating[average], player_perspective[first person])","Codemasters Southam popped out a pretty average first person game in Dirt: Showdown, I think.","['Codemasters Southam popped out a pretty average first person game in Dirt: Showdown, I think.']"
viggo-challenge_train_20_percent-166,"give_opinion(name[Payday 2], rating[average], genres[role-playing, shooter], player_perspective[first person])","As far as first person RPG shooters go, Payday 2 is more of the same, not really great, but not really bad either. Middle of the road, you know?","['As far as first person RPG shooters go, Payday 2 is more of the same, not really great, but not really bad either. Middle of the road, you know?']"
viggo-challenge_train_20_percent-167,"give_opinion(name[The Last of Us], release_year[2013], developer[Naughty Dog], rating[excellent])","2013 was the year Naughty Dog really came into their own as a masterful developer, so it's no surprise that I really love The Last of Us.","[""2013 was the year Naughty Dog really came into their own as a masterful developer, so it's no surprise that I really love The Last of Us.""]"
viggo-challenge_train_20_percent-168,"inform(name[World of Warcraft: Battle for Azeroth], exp_release_date[August 14, 2018], genres[MMORPG], player_perspective[third person])","World of Warcraft: Battle for Azeroth is to be released on August 14, 2018 as a third person MMORPG.","['World of Warcraft: Battle for Azeroth is to be released on August 14, 2018 as a third person MMORPG.']"
viggo-challenge_train_20_percent-169,"inform(name[NBA 2K19], exp_release_date[September 11, 2018], genres[sport])","NBA 2K19 is a sports game that will be released on September 11, 2018.","['NBA 2K19 is a sports game that will be released on September 11, 2018.']"
viggo-challenge_train_20_percent-170,"inform(name[Little Big Adventure], release_year[1994], developer[Adeline Software International], esrb[T (for Teen)], rating[average], genres[action-adventure], player_perspective[third person], has_multiplayer[no])",Little Big Adventure is an average-rated third person action-adventure for single-player gaming. It came out in 1994 by Adeline Software International and is rated T (for Teen).,['Little Big Adventure is an average-rated third person action-adventure for single-player gaming. It came out in 1994 by Adeline Software International and is rated T (for Teen).']
viggo-challenge_train_20_percent-171,"inform(name[Football Manager 2015], genres[simulation, sport, strategy], has_multiplayer[yes])","Football Manager 2015 is sport simulation game as well as a strategy game, and it does have multiplayer.","['Football Manager 2015 is sport simulation game as well as a strategy game, and it does have multiplayer.']"
viggo-challenge_train_20_percent-172,"inform(name[Need for Speed: Payback], rating[poor], genres[driving/racing], player_perspective[third person], has_multiplayer[yes])",Need for Speed: Payback is a multiplayer third person driving/racing game. It has poor ratings.,['Need for Speed: Payback is a multiplayer third person driving/racing game. It has poor ratings.']
viggo-challenge_train_20_percent-173,"inform(name[Outlast II], esrb[M (for Mature)], genres[adventure, indie])","If you like indie adventures with M (for Mature) ratings, try Outlast II.","['If you like indie adventures with M (for Mature) ratings, try Outlast II.']"
viggo-challenge_train_20_percent-174,"inform(name[Layers of Fear], release_year[2015], genres[adventure, indie, point-and-click], player_perspective[first person], has_multiplayer[no], platforms[PlayStation, Xbox, Nintendo Switch, PC], available_on_steam[yes])","An indie adventure game, Layers of Fear, was released in 2015 to be played on PlayStation, Xbox, Nintendo Switch, PC, and Steam. It is a first person, point-and-click game that cannot be played multiplayer.","['An indie adventure game, Layers of Fear, was released in 2015 to be played on PlayStation, Xbox, Nintendo Switch, PC, and Steam. It is a first person, point-and-click game that cannot be played multiplayer.']"
viggo-challenge_train_20_percent-175,"inform(name[The Elder Scrolls V: Skyrim], release_year[2011], esrb[M (for Mature)], genres[adventure, role-playing])",The Elder Scrolls V: Skyrim is an adventure RPG that came out in 2011. It's rated M (for Mature).,"[""The Elder Scrolls V: Skyrim is an adventure RPG that came out in 2011. It's rated M (for Mature).""]"
viggo-challenge_train_20_percent-176,"inform(name[Bus Driver], release_year[2014], esrb[E (for Everyone)], genres[driving/racing, indie, simulation], platforms[PC], available_on_steam[yes], has_linux_release[no], has_mac_release[no])","Bus Driver is a 2014 indie driving simulation game that was developed for PC only. It is rated E (for Everyone) and is available on Steam, though it isn't compatible with Linux and Mac.","[""Bus Driver is a 2014 indie driving simulation game that was developed for PC only. It is rated E (for Everyone) and is available on Steam, though it isn't compatible with Linux and Mac.""]"
viggo-challenge_train_20_percent-177,"inform(name[Metro Exodus], exp_release_date[2019], genres[adventure, shooter, tactical], platforms[PlayStation, Xbox, PC])","Metro Exodus should be out for the PlayStation, Xbox, and PC in 2019. It's an adventure tactical shooter game.","[""Metro Exodus should be out for the PlayStation, Xbox, and PC in 2019. It's an adventure tactical shooter game.""]"
viggo-challenge_train_20_percent-178,"inform(name[Tom Clancy's The Division], release_year[2016], esrb[M (for Mature)], genres[role-playing, shooter, tactical], player_perspective[third person])","Tom Clancy's The Division, which arrived in 2016, is a role-playing tactical shooter played from the third person perspective. It's rated M (for Mature).","[""Tom Clancy's The Division, which arrived in 2016, is a role-playing tactical shooter played from the third person perspective. It's rated M (for Mature).""]"
viggo-challenge_train_20_percent-179,"inform(name[Final Fantasy VII], rating[excellent], genres[adventure, role-playing], player_perspective[bird view, third person])",The excellent Final Fantasy VII is a third person role-playing adventure game that also allows you to switch to a bird view perspective.,['The excellent Final Fantasy VII is a third person role-playing adventure game that also allows you to switch to a bird view perspective.']
viggo-challenge_train_20_percent-180,"inform(name[TrackMania Turbo], release_year[2016], genres[arcade, driving/racing], player_perspective[first person, third person])",TrackMania Turbo is a 2016 arcade racing game in which you can switch between first and third person view.,['TrackMania Turbo is a 2016 arcade racing game in which you can switch between first and third person view.']
viggo-challenge_train_20_percent-181,"inform(name[Heroes of Might and Magic III: The Restoration of Erathia], release_year[1999], genres[turn-based strategy], has_multiplayer[yes])","In 1999 a multiplayer turn-based strategy, Heroes of Might and Magic III: The Restoration of Erathia, was released.","['In 1999 a multiplayer turn-based strategy, Heroes of Might and Magic III: The Restoration of Erathia, was released.']"
viggo-challenge_train_20_percent-182,"inform(name[World of Warcraft: Battle for Azeroth], exp_release_date[August 14, 2018], genres[MMORPG], player_perspective[third person], platforms[PC])","The third person MMORPG, World of Warcraft: Battle for Azeroth, is being released on August 14, 2018, for PC only though.","['The third person MMORPG, World of Warcraft: Battle for Azeroth, is being released on August 14, 2018, for PC only though.']"
viggo-challenge_train_20_percent-183,"inform(name[The Legend of Zelda: Ocarina of Time], release_year[1998], developer[Nintendo EAD], esrb[E (for Everyone)], rating[excellent], genres[action-adventure, puzzle, role-playing], player_perspective[bird view, third person], platforms[Nintendo])","For an excellent puzzle role-playing game, try The Legend of Zelda: Ocarina of Time. This action-adventure gives players a bird view or third person perspective. Developed by Nintendo EAD, it was released in 1998 for Nintendo and is rated E (for Everyone).","['For an excellent puzzle role-playing game, try The Legend of Zelda: Ocarina of Time. This action-adventure gives players a bird view or third person perspective. Developed by Nintendo EAD, it was released in 1998 for Nintendo and is rated E (for Everyone).']"
viggo-challenge_train_20_percent-184,"inform(name[NHL 15], release_year[2014], genres[simulation, sport], player_perspective[bird view], platforms[PlayStation, Xbox])",NHL 15 is a bird view simulation sport game. It was released in 2014 for PlayStation and Xbox.,['NHL 15 is a bird view simulation sport game. It was released in 2014 for PlayStation and Xbox.']
viggo-challenge_train_20_percent-185,"inform(name[Tomb Raider: The Angel of Darkness], release_year[2003], genres[action-adventure, shooter], player_perspective[third person], platforms[PlayStation, PC], available_on_steam[yes])","Tomb Raider: The Angel of Darkness released on Steam (PC) and PlayStation in 2003. It's an action-adventure, third person shooter.","[""Tomb Raider: The Angel of Darkness released on Steam (PC) and PlayStation in 2003. It's an action-adventure, third person shooter.""]"
viggo-challenge_train_20_percent-186,"inform(name[NHL 15], release_year[2014], genres[simulation, sport], player_perspective[bird view], platforms[PlayStation, Xbox])","If you are interested in sports simulation games, try NHL 15 from 2014. It was released for PlayStation and Xbox and is played from a bird view.","['If you are interested in sports simulation games, try NHL 15 from 2014. It was released for PlayStation and Xbox and is played from a bird view.']"
viggo-challenge_train_20_percent-187,"inform(name[Layers of Fear], rating[poor], genres[adventure, indie, point-and-click], player_perspective[first person])",Layers of Fear is a poor indie first person point-and-click adventure game.,['Layers of Fear is a poor indie first person point-and-click adventure game.']
viggo-challenge_train_20_percent-188,"inform(name[Resident Evil 4], genres[action-adventure, shooter], player_perspective[third person], has_multiplayer[no])","Resident Evil 4 is a third person shooter game. Even though it doesn't have multiplayer, I would recommend it to anyone who enjoys action-adventure games.","[""Resident Evil 4 is a third person shooter game. Even though it doesn't have multiplayer, I would recommend it to anyone who enjoys action-adventure games.""]"
viggo-challenge_train_20_percent-189,"inform(name[Skyforge], rating[poor], genres[adventure, hack-and-slash, MMORPG], player_perspective[third person])","Skyforge is a hack-and-slash, MMORPG adventure with a third person player perspective. It has received poor ratings.","['Skyforge is a hack-and-slash, MMORPG adventure with a third person player perspective. It has received poor ratings.']"
viggo-challenge_train_20_percent-190,"inform(name[Layers of Fear], esrb[M (for Mature)], rating[poor], genres[adventure, indie, point-and-click], player_perspective[first person], has_multiplayer[no])","Layers of Fear is a single-player first person indie adventure, point-and-click game with poor ratings. It is rated M (for Mature).","['Layers of Fear is a single-player first person indie adventure, point-and-click game with poor ratings. It is rated M (for Mature).']"
viggo-challenge_train_20_percent-191,"inform(name[Need for Speed: Shift], release_year[2009], developer[Slightly Mad Studios], rating[average], genres[driving/racing, simulation], player_perspective[first person, third person])","Try Need for Speed: Shift, Slightly Mad Studios released it in 2009 and it got average ratings. It's a driving simulator with first and third person perspectives.","[""Try Need for Speed: Shift, Slightly Mad Studios released it in 2009 and it got average ratings. It's a driving simulator with first and third person perspectives.""]"
viggo-challenge_train_20_percent-192,"inform(name[Ori and the Blind Forest], release_year[2015], rating[excellent], genres[adventure, platformer, puzzle], player_perspective[side view], platforms[Xbox, PC], available_on_steam[yes])",Ori and the Blind Forest is an excellent side view adventure puzzle platformer. This 2015 game is on Xbox and PC through Steam.,['Ori and the Blind Forest is an excellent side view adventure puzzle platformer. This 2015 game is on Xbox and PC through Steam.']
viggo-challenge_train_20_percent-193,"inform(name[The Witcher 3: Wild Hunt], esrb[M (for Mature)], rating[excellent], genres[action-adventure, role-playing], player_perspective[third person], has_multiplayer[no])","The Witcher 3: Wild Hunt is an excellent third person action-adventure role-playing game with no multiplayer, and it's rated M (for Mature).","[""The Witcher 3: Wild Hunt is an excellent third person action-adventure role-playing game with no multiplayer, and it's rated M (for Mature).""]"
viggo-challenge_train_20_percent-194,"inform(name[Half-Life 2], developer[Valve Corporation], rating[excellent], genres[shooter], player_perspective[first person], has_multiplayer[no])",Half-Life 2 was an excellent first person shooter game by Valve Corporation. It didn't have multiplayer though.,"[""Half-Life 2 was an excellent first person shooter game by Valve Corporation. It didn't have multiplayer though.""]"
viggo-challenge_train_20_percent-195,"inform(name[Warcraft III: Reign of Chaos], release_year[2002], genres[real-time strategy], player_perspective[bird view], platforms[PC], available_on_steam[no])",Warcraft III: Reign of Chaos is a real-time strategy PC game. It was created in 2002 and offers a bird view perspective. It isn't available on Steam.,"[""Warcraft III: Reign of Chaos is a real-time strategy PC game. It was created in 2002 and offers a bird view perspective. It isn't available on Steam.""]"
viggo-challenge_train_20_percent-196,"inform(name[Need for Speed: Most Wanted], release_year[2005], rating[good], genres[driving/racing], has_multiplayer[yes])",Need for Speed: Most Wanted is a good 2005 game. It is a driving/racing game with multiplayer features.,['Need for Speed: Most Wanted is a good 2005 game. It is a driving/racing game with multiplayer features.']
viggo-challenge_train_20_percent-197,"inform(name[Tomb Raider: The Angel of Darkness], release_year[2003], developer[Core Design], genres[action-adventure, shooter], has_multiplayer[no])",Tomb Raider: The Angel of Darkness is a 2003 action-adventure shooter developed by Core Design. There is no multiplayer mode available.,['Tomb Raider: The Angel of Darkness is a 2003 action-adventure shooter developed by Core Design. There is no multiplayer mode available.']
viggo-challenge_train_20_percent-198,"inform(name[Age of Wonders II: The Wizard's Throne], genres[role-playing, turn-based strategy], platforms[PC], available_on_steam[yes])","Age of Wonders II: The Wizard's Throne is a PC-only game, available on Steam, for those who enjoy role-playing and turn-based strategy.","[""Age of Wonders II: The Wizard's Throne is a PC-only game, available on Steam, for those who enjoy role-playing and turn-based strategy.""]"
viggo-challenge_train_20_percent-199,"inform(name[Heroes of Might and Magic III: The Restoration of Erathia], esrb[E (for Everyone)], rating[good], genres[turn-based strategy], player_perspective[bird view], has_multiplayer[yes])","The turn-based strategy, Heroes of Might and Magic III: The Restoration of Erathia, has a bird view perspective and offers a multiplayer mode. It's a good game, and it was rated E (for Everyone).","[""The turn-based strategy, Heroes of Might and Magic III: The Restoration of Erathia, has a bird view perspective and offers a multiplayer mode. It's a good game, and it was rated E (for Everyone).""]"
viggo-challenge_train_20_percent-200,"inform(name[The Vanishing of Ethan Carter], release_year[2014], rating[average], genres[adventure, indie])",The Vanishing of Ethan Carter is an average indie adventure game that came out in 2014.,['The Vanishing of Ethan Carter is an average indie adventure game that came out in 2014.']
viggo-challenge_train_20_percent-201,"inform(name[The Elder Scrolls Online], release_year[2014], rating[average], genres[MMORPG])",The Elder Scrolls Online is an MMORPG from 2014 with average ratings.,['The Elder Scrolls Online is an MMORPG from 2014 with average ratings.']
viggo-challenge_train_20_percent-202,"inform(name[Quantum Break], release_year[2016], developer[Remedy Entertainment], rating[average], genres[adventure, shooter], player_perspective[third person], has_multiplayer[no])",Quantum Break by Remedy Entertainment is a 2016 third person single-player adventure shooter. It has average ratings.,['Quantum Break by Remedy Entertainment is a 2016 third person single-player adventure shooter. It has average ratings.']
viggo-challenge_train_20_percent-203,"inform(name[Superhot], genres[indie, shooter, tactical], player_perspective[first person], platforms[PlayStation, Xbox, PC], available_on_steam[yes], has_linux_release[yes], has_mac_release[yes])","Superhot is an indie first person shooter with tactical elements that is available on PlayStation, Xbox and PC, and runs even on Linux and Mac. You can get it on Steam.","['Superhot is an indie first person shooter with tactical elements that is available on PlayStation, Xbox and PC, and runs even on Linux and Mac. You can get it on Steam.']"
viggo-challenge_train_20_percent-204,"inform(name[Layers of Fear], release_year[2015], developer[Bloober Team], genres[adventure, indie, point-and-click], player_perspective[first person])",Layers of Fear is an indie game came out in 2015 by Bloober Team. The game is a first person adventure title that is point-and-click.,['Layers of Fear is an indie game came out in 2015 by Bloober Team. The game is a first person adventure title that is point-and-click.']
viggo-challenge_train_20_percent-205,"inform(name[TrackMania Turbo], release_year[2016], genres[arcade, driving/racing], player_perspective[first person, third person])",TrackMania Turbo from 2016 is played in the third and first person view. It's an arcade racing game.,"[""TrackMania Turbo from 2016 is played in the third and first person view. It's an arcade racing game.""]"
viggo-challenge_train_20_percent-206,"inform(name[Skyforge], release_year[2015], rating[poor], genres[adventure, hack-and-slash, MMORPG], player_perspective[third person], platforms[PlayStation, Xbox, PC], has_linux_release[no], has_mac_release[no])","Skyforge is a poor third person adventure hack-and-slash MMORPG released in 2015 for PlayStation, Xbox, and PC, but not for Linux or Mac.","['Skyforge is a poor third person adventure hack-and-slash MMORPG released in 2015 for PlayStation, Xbox, and PC, but not for Linux or Mac.']"
viggo-challenge_train_20_percent-207,"inform(name[Need for Speed: The Run], genres[driving/racing], player_perspective[first person, third person], platforms[PlayStation, Xbox, Nintendo, PC], available_on_steam[no])","If you're looking for a racing game available for any platform, such as PlayStation, Xbox, Nintendo or PC, check out Need For Speed: The Run. Keep in mind, however, that it's not available on Steam. The game has both first person and third person view options.","[""If you're looking for a racing game available for any platform, such as PlayStation, Xbox, Nintendo or PC, check out Need For Speed: The Run. Keep in mind, however, that it's not available on Steam. The game has both first person and third person view options.""]"
viggo-challenge_train_20_percent-208,"inform(name[Mass Effect 2], release_year[2010], genres[action-adventure, role-playing, shooter], player_perspective[third person], platforms[PlayStation, Xbox, PC], available_on_steam[yes])","Mass Effect 2 was released in 2010. It is third person action-adventure role-playing, shooter for PlayStation, Xbox, and PC. The game is available on Steam too.","['Mass Effect 2 was released in 2010. It is third person action-adventure role-playing, shooter for PlayStation, Xbox, and PC. The game is available on Steam too.']"
viggo-challenge_train_20_percent-209,"inform(name[Outlast II], genres[adventure, indie], player_perspective[first person], platforms[PlayStation, Xbox, Nintendo Switch, PC], has_linux_release[no], has_mac_release[yes])","Outlast II is a first person indie adventure game that was released for the PlayStation, Xbox, Nintendo Switch, and PC. It does not have a Linux release, but it is available for Mac users.","['Outlast II is a first person indie adventure game that was released for the PlayStation, Xbox, Nintendo Switch, and PC. It does not have a Linux release, but it is available for Mac users.']"
viggo-challenge_train_20_percent-210,"inform(name[Age of Empires II: The Age of Kings], genres[real-time strategy], player_perspective[bird view], platforms[PlayStation, PC], available_on_steam[no])",Age of Empires II: The Age of Kings is a bird view RTS. It's available for PC and PlayStation. It is not available on Steam.,"[""Age of Empires II: The Age of Kings is a bird view RTS. It's available for PC and PlayStation. It is not available on Steam.""]"
viggo-challenge_train_20_percent-211,"inform(name[Guitar Hero: Smash Hits], release_year[2009], esrb[T (for Teen)], rating[poor], genres[music], has_multiplayer[yes], platforms[PlayStation, Xbox, Nintendo])","Guitar Hero: Smash Hits is a poor music game from 2009. It has multiplayer and is available for PlayStation, Xbox, and Nintendo. The game is rated T (for Teen).","['Guitar Hero: Smash Hits is a poor music game from 2009. It has multiplayer and is available for PlayStation, Xbox, and Nintendo. The game is rated T (for Teen).']"
viggo-challenge_train_20_percent-212,"inform(name[Anthem], exp_release_date[February 22, 2019], developer[BioWare], genres[action-adventure, role-playing, shooter], player_perspective[third person], platforms[PlayStation, Xbox, PC])","Anthem is an upcoming game from BioWare that is expected to release on PlayStation, Xbox, and PC on February 22, 2019. It is an action-adventure role-playing shooter game in third person.","['Anthem is an upcoming game from BioWare that is expected to release on PlayStation, Xbox, and PC on February 22, 2019. It is an action-adventure role-playing shooter game in third person.']"
viggo-challenge_train_20_percent-213,"inform(name[Rollcage], genres[action, driving/racing], platforms[PlayStation, PC], has_linux_release[no], has_mac_release[no])","For an action racing game, which you can play on PlayStation or PC, give Rollcage a try. Keep in mind though that it has no Linux or Mac release.","['For an action racing game, which you can play on PlayStation or PC, give Rollcage a try. Keep in mind though that it has no Linux or Mac release.']"
viggo-challenge_train_20_percent-214,"inform(name[Age of Wonders II: The Wizard's Throne], release_year[2002], rating[poor], genres[role-playing, turn-based strategy], player_perspective[bird view], has_multiplayer[yes])",Age of Wonders II: The Wizard's Throne was a poor role-playing turn-based strategy game from 2002. It has a bird view perspective and you can play multiplayer.,"[""Age of Wonders II: The Wizard's Throne was a poor role-playing turn-based strategy game from 2002. It has a bird view perspective and you can play multiplayer.""]"
viggo-challenge_train_20_percent-215,"inform(name[Transport Tycoon], genres[simulation, strategy], platforms[PC], available_on_steam[no])","The PC only simulation strategy, Transport Tycoon, is unfortunately not available on Steam.","['The PC only simulation strategy, Transport Tycoon, is unfortunately not available on Steam.']"
viggo-challenge_train_20_percent-216,"inform(name[Madden NFL 15], release_year[2014], rating[average], genres[simulation, sport], player_perspective[bird view, third person], has_multiplayer[yes])",Madden NFL 15 is a sport simulation game released in 2014. The game has both a bird's eye and a third person perspective while offering multiplayer support. The game received average ratings from players.,"[""Madden NFL 15 is a sport simulation game released in 2014. The game has both a bird's eye and a third person perspective while offering multiplayer support. The game received average ratings from players.""]"
viggo-challenge_train_20_percent-217,"inform(name[Trivial Pursuit], release_year[2009], rating[poor], genres[trivia/board game], platforms[PlayStation, Nintendo])",Trivial Pursuit came out in 2009 for PlayStation and Nintendo. It is a poor trivia/board game.,['Trivial Pursuit came out in 2009 for PlayStation and Nintendo. It is a poor trivia/board game.']
viggo-challenge_train_20_percent-218,"inform(name[Crysis], release_year[2007], developer[Crytek Frankfurt], rating[good], genres[action-adventure, shooter], player_perspective[first person])",Crysis by Crytek Frankfurt in 2007 is a first person action-adventure shooter with positive ratings.,['Crysis by Crytek Frankfurt in 2007 is a first person action-adventure shooter with positive ratings.']
viggo-challenge_train_20_percent-219,"inform(name[Alan Wake's American Nightmare], release_year[2012], rating[poor], genres[action-adventure, shooter], platforms[Xbox, PC], available_on_steam[yes], has_linux_release[no], has_mac_release[no])","Alan Wake's American Nightmare is a pretty poor action-adventure shooter from 2012, and released for Xbox and PC only. It's available on Steam, but doesn't have a Linux or a Mac release.","[""Alan Wake's American Nightmare is a pretty poor action-adventure shooter from 2012, and released for Xbox and PC only. It's available on Steam, but doesn't have a Linux or a Mac release.""]"
viggo-challenge_train_20_percent-220,"inform(name[Mirror's Edge Catalyst], release_year[2016], genres[action-adventure, fighting], player_perspective[first person], platforms[PlayStation, Xbox, PC], available_on_steam[no])","Mirror's Edge Catalyst is a 2016 action-adventure fighting game that is played from a first person perspective. It is available for PlayStation, Xbox, and PC, but you cannot play it on Steam.","[""Mirror's Edge Catalyst is a 2016 action-adventure fighting game that is played from a first person perspective. It is available for PlayStation, Xbox, and PC, but you cannot play it on Steam.""]"
viggo-challenge_train_20_percent-221,"inform(name[The Elder Scrolls V: Skyrim], release_year[2011], rating[good], genres[adventure, role-playing], player_perspective[first person, third person], has_multiplayer[no])","The Elder Scrolls V: Skyrim is a good adventure RPG title released in 2011 that can be played single-player only, and from either the first person or third person view.","['The Elder Scrolls V: Skyrim is a good adventure RPG title released in 2011 that can be played single-player only, and from either the first person or third person view.']"
viggo-challenge_train_20_percent-222,"inform(name[The Wolf Among Us], release_year[2013], rating[good], genres[adventure, point-and-click], player_perspective[third person], platforms[PlayStation, Xbox, PC], has_linux_release[no], has_mac_release[yes])","The Wolf Among Us is a good point-and-click, third person adventure game. It was out on 2013 for PlayStation, Xbox, PC, and Mac. It currently has no Linux support.","['The Wolf Among Us is a good point-and-click, third person adventure game. It was out on 2013 for PlayStation, Xbox, PC, and Mac. It currently has no Linux support.']"
viggo-challenge_train_20_percent-223,"inform(name[Far Cry 3], rating[good], genres[action-adventure, shooter], player_perspective[first person], platforms[PlayStation, Xbox, PC], has_linux_release[no], has_mac_release[no])","Far Cry 3 is a good first person action-adventure shooter game. It is available for PlayStation, Xbox, and PC, but it is not supported on Mac or Linux.","['Far Cry 3 is a good first person action-adventure shooter game. It is available for PlayStation, Xbox, and PC, but it is not supported on Mac or Linux.']"
viggo-challenge_train_20_percent-224,"inform(name[FIFA 12], release_year[2011], rating[average], genres[simulation, sport], platforms[PlayStation, Xbox, Nintendo, PC], available_on_steam[no], has_linux_release[no], has_mac_release[yes])","FIFA 12 is your average sport simulation game, released in 2011 for the PlayStation, Xbox, Nintendo, and PC. While not available on Steam or Linux, it does have Mac support.","['FIFA 12 is your average sport simulation game, released in 2011 for the PlayStation, Xbox, Nintendo, and PC. While not available on Steam or Linux, it does have Mac support.']"
viggo-challenge_train_20_percent-225,"inform(name[The Forest of Doom], developer[Tin Man Games], genres[role-playing, text adventure], has_multiplayer[no], platforms[PC], available_on_steam[yes], has_linux_release[yes], has_mac_release[yes])","If you are into text adventure single-player RPGs you should check out The Forest of Doom. It is a game by Tin Man Games that is out for PC, Linux, and Mac through Steam.","['If you are into text adventure single-player RPGs you should check out The Forest of Doom. It is a game by Tin Man Games that is out for PC, Linux, and Mac through Steam.']"
viggo-challenge_train_20_percent-226,"inform(name[Lara Croft and the Temple of Osiris], genres[action-adventure, puzzle, shooter], platforms[PlayStation, Xbox, PC], has_linux_release[no], has_mac_release[no])","The action-adventure shooter and puzzler called Lara Croft and the Temple of Osiris was released for the PlayStation, Xbox and PC with no Linux or Mac versions on offer.","['The action-adventure shooter and puzzler called Lara Croft and the Temple of Osiris was released for the PlayStation, Xbox and PC with no Linux or Mac versions on offer.']"
viggo-challenge_train_20_percent-227,"inform(name[Worms: Reloaded], release_year[2010], developer[Team17 Digital Ltd], genres[action, platformer, strategy], player_perspective[side view])","Worms: Reloaded is an action-filled strategic platformer with a side view, developed by Team17 Digital Ltd in 2010.","['Worms: Reloaded is an action-filled strategic platformer with a side view, developed by Team17 Digital Ltd in 2010.']"
viggo-challenge_train_20_percent-228,"inform(name[Quantum Break], rating[average], genres[adventure, shooter], player_perspective[third person])","You may find the adventure third person shooter, Quantum Break, quite decent.","['You may find the adventure third person shooter, Quantum Break, quite decent.']"
viggo-challenge_train_20_percent-229,"inform(name[Assetto Corsa], rating[good], genres[driving/racing, simulation, sport])","Assetto Corsa is a driving/racing game that is presented in a simulation style. It's a good game, if you're into the sport.","[""Assetto Corsa is a driving/racing game that is presented in a simulation style. It's a good game, if you're into the sport.""]"
viggo-challenge_train_20_percent-230,"inform(name[The Room], release_year[2012], rating[excellent], genres[indie, point-and-click, puzzle])",The Room is an excellent indie point-and-click puzzle game released in 2012.,['The Room is an excellent indie point-and-click puzzle game released in 2012.']
viggo-challenge_train_20_percent-231,"inform(name[TrackMania Turbo], rating[good], genres[arcade, driving/racing], platforms[PlayStation, Xbox, PC], available_on_steam[yes], has_linux_release[no], has_mac_release[no])","TrackMania Turbo is an arcade racing game with good ratings. It is available on Steam. It runs on PlayStation, Xbox, and PC, but it is not released for Mac or Linux.","['TrackMania Turbo is an arcade racing game with good ratings. It is available on Steam. It runs on PlayStation, Xbox, and PC, but it is not released for Mac or Linux.']"
viggo-challenge_train_20_percent-232,"inform(name[Shadow of the Tomb Raider], exp_release_date[September 14, 2018], developer[Eidos Montréal], genres[adventure, shooter], player_perspective[third person], platforms[PlayStation, Xbox, PC])","Shadow of the Tomb Raider is an adventure third person shooter developed by Eidos Montréal. It will be released for PlayStation, Xbox, and PC on September 14, 2018.","['Shadow of the Tomb Raider is an adventure third person shooter developed by Eidos Montréal. It will be released for PlayStation, Xbox, and PC on September 14, 2018.']"
viggo-challenge_train_20_percent-233,"inform(name[MotorStorm: Apocalypse], release_year[2011], developer[Evolution Studios], esrb[T (for Teen)], rating[poor], genres[vehicular combat], player_perspective[third person], platforms[PlayStation])",MotorStorm: Apocalypse is a poor vehicular combat game that came out in 2011 by Evolution Studios. This third person game is rated T (for Teen) and is available on PlayStation only.,['MotorStorm: Apocalypse is a poor vehicular combat game that came out in 2011 by Evolution Studios. This third person game is rated T (for Teen) and is available on PlayStation only.']
viggo-challenge_train_20_percent-234,"inform(name[Super Mario World], release_year[1990], esrb[E (for Everyone)], rating[excellent], genres[platformer], player_perspective[side view], has_multiplayer[yes], platforms[Nintendo])",Super Mario World is an excellent platformer that came out in 1990 for Nintendo only. This game is rated E (for Everyone) and has a side view perspective. You can also play multiplayer.,['Super Mario World is an excellent platformer that came out in 1990 for Nintendo only. This game is rated E (for Everyone) and has a side view perspective. You can also play multiplayer.']
viggo-challenge_train_20_percent-235,"inform(name[Never Alone], release_year[2014], rating[average], genres[adventure, indie, platformer], has_multiplayer[yes])",Never Alone is an indie adventure platformer that came out in 2014. You can play it in multiplayer. It only received average reviews.,['Never Alone is an indie adventure platformer that came out in 2014. You can play it in multiplayer. It only received average reviews.']
viggo-challenge_train_20_percent-236,"inform(name[Super Mario World], developer[Nintendo EAD], esrb[E (for Everyone)], rating[excellent], genres[platformer], player_perspective[side view], platforms[Nintendo])","Super Mario World is an excellent side view platformer. It is made by Nintendo EAD for Nintendo, and it is rated E (for Everyone).","['Super Mario World is an excellent side view platformer. It is made by Nintendo EAD for Nintendo, and it is rated E (for Everyone).']"
viggo-challenge_train_20_percent-237,"inform(name[Alan Wake's American Nightmare], developer[Remedy Entertainment], esrb[T (for Teen)], rating[poor], genres[action-adventure, shooter], player_perspective[third person], has_multiplayer[no])","Alan Wake's American Nightmare is a poorly rated single-player third person action-adventure shooter. Remedy Entertainment developed the game, and it is rated T (for Teen).","[""Alan Wake's American Nightmare is a poorly rated single-player third person action-adventure shooter. Remedy Entertainment developed the game, and it is rated T (for Teen).""]"
viggo-challenge_train_20_percent-238,"inform(name[Guitar Hero: Smash Hits], rating[poor], genres[music], player_perspective[first person], platforms[PlayStation, Xbox, Nintendo])","Guitar Hero: Smash Hits is a poor first person music game. The game is available on either PlayStation, Xbox, or Nintendo.","['Guitar Hero: Smash Hits is a poor first person music game. The game is available on either PlayStation, Xbox, or Nintendo.']"
viggo-challenge_train_20_percent-239,"inform(name[Grand Theft Auto V], developer[Rockstar North], genres[action-adventure, driving/racing, shooter], has_multiplayer[yes], platforms[PlayStation, Xbox, PC], has_linux_release[no], has_mac_release[no])","The action-adventure packed shooter game, Grand Theft Auto V, was developed by Rockstar North for PlayStation, Xbox, and PC. It is a multiplayer driving game, but has no Linux or Mac release.","['The action-adventure packed shooter game, Grand Theft Auto V, was developed by Rockstar North for PlayStation, Xbox, and PC. It is a multiplayer driving game, but has no Linux or Mac release.']"
viggo-challenge_train_20_percent-240,"inform(name[Little Nightmares], release_year[2017], rating[good], genres[adventure, platformer, puzzle], has_multiplayer[no])",An adventure platformer puzzle game with good ratings is Little Nightmares. It was released recently in 2017 and does not have multiplayer.,['An adventure platformer puzzle game with good ratings is Little Nightmares. It was released recently in 2017 and does not have multiplayer.']
viggo-challenge_train_20_percent-241,"inform(name[Small World 2], rating[poor], genres[indie, trivia/board game], platforms[PC], has_linux_release[yes], has_mac_release[yes])",Small World 2 is a poorly-rated indie trivia/board game released for PC. It also has releases for both Linux and Mac.,['Small World 2 is a poorly-rated indie trivia/board game released for PC. It also has releases for both Linux and Mac.']
viggo-challenge_train_20_percent-242,"inform(name[Life is Strange], developer[Dontnod Entertainment], genres[role-playing], platforms[PlayStation, Xbox, PC], has_linux_release[yes], has_mac_release[yes])","Life is Strange is a role-playing game that was developed by Dontnod Entertainment for the PlayStation, Xbox, and PC. It was also released for Linux and Mac.","['Life is Strange is a role-playing game that was developed by Dontnod Entertainment for the PlayStation, Xbox, and PC. It was also released for Linux and Mac.']"
viggo-challenge_train_20_percent-243,"inform(name[Worms: Reloaded], rating[average], genres[action, platformer, strategy], has_multiplayer[yes], platforms[PC], available_on_steam[yes], has_linux_release[yes], has_mac_release[yes])","An action platforming strategy game you can play in multiplayer mode with your friends is Worms: Reloaded. It has average reviews, but you can get it on Steam for PC, Mac, or Linux.","['An action platforming strategy game you can play in multiplayer mode with your friends is Worms: Reloaded. It has average reviews, but you can get it on Steam for PC, Mac, or Linux.']"
viggo-challenge_train_20_percent-244,"inform(name[NBA 2K19], exp_release_date[September 11, 2018], genres[sport], platforms[PlayStation, Xbox, Nintendo Switch, PC])","NBA 2K19 is an NBA basketball sports games poised to be released across all platforms on September 11, 2018. To be specific, this game will be released for PlayStation, Xbox, Nintendo Switch, and PC.","['NBA 2K19 is an NBA basketball sports games poised to be released across all platforms on September 11, 2018. To be specific, this game will be released for PlayStation, Xbox, Nintendo Switch, and PC.']"
viggo-challenge_train_20_percent-245,"inform(name[Layers of Fear], genres[adventure, indie, point-and-click], player_perspective[first person], platforms[PlayStation, Xbox, Nintendo Switch, PC], available_on_steam[yes])","Layers of Fear is an indie first person adventure point-and-click game. It's available on Steam, and you can play it on PlayStation, Xbox, Nintendo Switch, or PC.","[""Layers of Fear is an indie first person adventure point-and-click game. It's available on Steam, and you can play it on PlayStation, Xbox, Nintendo Switch, or PC.""]"
viggo-challenge_train_20_percent-246,"inform(name[Metro Exodus], exp_release_date[2019], genres[adventure, shooter, tactical], player_perspective[first person])",Metro Exodus is an adventure tactical first person shooter expected to be released sometime in 2019.,['Metro Exodus is an adventure tactical first person shooter expected to be released sometime in 2019.']
viggo-challenge_train_20_percent-247,"inform(name[Final Fantasy VII], rating[excellent], genres[adventure, role-playing], platforms[PlayStation, PC], has_linux_release[no], has_mac_release[no])","Gamers who enjoy role-playing adventures will love the excellent Final Fantasy VII whether they game on the PC or PlayStation. Unfortunately, this game was never released on Linux or Mac.","['Gamers who enjoy role-playing adventures will love the excellent Final Fantasy VII whether they game on the PC or PlayStation. Unfortunately, this game was never released on Linux or Mac.']"
viggo-challenge_train_20_percent-248,"inform(name[Super Bomberman], release_year[1993], genres[action, strategy], platforms[Nintendo, PC], available_on_steam[no], has_linux_release[no], has_mac_release[no])","Super Bomberman is an action and strategy game from 1993 for Nintendo consoles and PC only. It's an older console game that is, unfortunately, not available to play on Steam and does not offer support for Mac or Linux.","[""Super Bomberman is an action and strategy game from 1993 for Nintendo consoles and PC only. It's an older console game that is, unfortunately, not available to play on Steam and does not offer support for Mac or Linux.""]"
viggo-challenge_train_20_percent-249,"inform(name[The Room], developer[Fireproof Games], rating[excellent], genres[indie, point-and-click, puzzle])",The Room is a great indie point-and-click puzzle game made by Fireproof Games.,['The Room is a great indie point-and-click puzzle game made by Fireproof Games.']
viggo-challenge_train_20_percent-250,"inform(name[Assetto Corsa], rating[good], genres[driving/racing, simulation, sport], player_perspective[first person, third person], has_multiplayer[yes])","Assetto Corsa is a good sport racing simulation game. It can be played in third person, or switched over to first person, and can also be played multiplayer.","['Assetto Corsa is a good sport racing simulation game. It can be played in third person, or switched over to first person, and can also be played multiplayer.']"
viggo-challenge_train_20_percent-251,"inform(name[Half-Life 2], genres[shooter], platforms[PlayStation, Xbox, PC], available_on_steam[yes], has_linux_release[yes], has_mac_release[yes])","Half-Life 2 is a shooter game developed for PlayStation, Xbox, and PC. It is currently available on Steam with releases for Linux and Mac.","['Half-Life 2 is a shooter game developed for PlayStation, Xbox, and PC. It is currently available on Steam with releases for Linux and Mac.']"
viggo-challenge_train_20_percent-252,"inform(name[Grand Theft Auto V], release_year[2013], developer[Rockstar North], genres[action-adventure, driving/racing, shooter])","Grand Theft Auto V is an action-adventure shooter with a lot of driving, developed by Rockstar North in 2013.","['Grand Theft Auto V is an action-adventure shooter with a lot of driving, developed by Rockstar North in 2013.']"
viggo-challenge_train_20_percent-253,"inform(name[Metroid Prime Pinball], esrb[E (for Everyone)], rating[average], genres[pinball, puzzle], has_multiplayer[yes], platforms[Nintendo])",Metroid Prime Pinball is an E-rated puzzle pinball game for Nintendo DS. It features a multiplayer mode but received only average reviews.,['Metroid Prime Pinball is an E-rated puzzle pinball game for Nintendo DS. It features a multiplayer mode but received only average reviews.']
viggo-challenge_train_20_percent-254,"inform(name[StarCraft], release_year[1998], genres[real-time strategy], has_multiplayer[yes], platforms[PC], available_on_steam[no], has_linux_release[no], has_mac_release[yes])","You might find StarCraft fun. It's a multiplayer RTS from 1998 for PC. It's not available on Steam and has Mac support, but no Linux support.","[""You might find StarCraft fun. It's a multiplayer RTS from 1998 for PC. It's not available on Steam and has Mac support, but no Linux support.""]"
viggo-challenge_train_20_percent-255,"inform(name[NHL 15], release_year[2014], rating[average], genres[simulation, sport], player_perspective[bird view])",NHL 15 is a bird view sport simulation game. It came out in 2014 and has average ratings.,['NHL 15 is a bird view sport simulation game. It came out in 2014 and has average ratings.']
viggo-challenge_train_20_percent-256,"inform(name[Rise of the Tomb Raider], release_year[2015], rating[good], genres[action-adventure, shooter], has_multiplayer[yes])","If you want a action-adventure game, Rise of the Tomb Raider is a good multiplayer shooter from 2015.","['If you want a action-adventure game, Rise of the Tomb Raider is a good multiplayer shooter from 2015.']"
viggo-challenge_train_20_percent-257,"inform(name[A Way Out], developer[Hazelight Studios], esrb[M (for Mature)], genres[action-adventure], player_perspective[third person], has_multiplayer[yes])",A Way Out was developed by Hazelight Studios and is rated M (for Mature). It is an action-adventure game that can be played multiplayer in the third person perspective.,['A Way Out was developed by Hazelight Studios and is rated M (for Mature). It is an action-adventure game that can be played multiplayer in the third person perspective.']
viggo-challenge_train_20_percent-258,"inform(name[Driver], release_year[1999], genres[driving/racing, simulation], platforms[PlayStation, PC], has_linux_release[no], has_mac_release[yes])",Driver is a driving simulation game that was released in 1999. It can be played on PlayStation and PC. It is released on Mac but not on Linux.,['Driver is a driving simulation game that was released in 1999. It can be played on PlayStation and PC. It is released on Mac but not on Linux.']
viggo-challenge_train_20_percent-259,"inform(name[NHL 15], rating[average], genres[simulation, sport], platforms[PlayStation, Xbox])",NHL 15 is an average-rated sports sim which is available on PlayStation and Xbox.,['NHL 15 is an average-rated sports sim which is available on PlayStation and Xbox.']
viggo-challenge_train_20_percent-260,"inform(name[SpellForce 3], genres[real-time strategy, role-playing], has_multiplayer[yes], platforms[PC], available_on_steam[yes], has_linux_release[no], has_mac_release[no])","SpellForce 3 is a PC game that is available on Steam, but not Linux or Mac. It is a multiplayer role-playing real-time strategy.","['SpellForce 3 is a PC game that is available on Steam, but not Linux or Mac. It is a multiplayer role-playing real-time strategy.']"
viggo-challenge_train_20_percent-261,"inform(name[Tom Clancy's The Division], genres[role-playing, shooter, tactical], has_multiplayer[yes], platforms[PlayStation, Xbox, PC], available_on_steam[yes], has_linux_release[no], has_mac_release[no])","Tom Clancy's The Division is a multiplayer, role-playing tactical shooter game available on PlayStation, Xbox, PC, and Steam. It is not yet available on Linux or Mac.","[""Tom Clancy's The Division is a multiplayer, role-playing tactical shooter game available on PlayStation, Xbox, PC, and Steam. It is not yet available on Linux or Mac.""]"
viggo-challenge_train_20_percent-262,"inform(name[Super Bomberman], release_year[1993], rating[average], genres[action, strategy], platforms[Nintendo, PC], available_on_steam[no])",Super Bomberman is considered an average action strategy game for Nintendo and PC that was released in 1993. It is not currently available on Steam.,['Super Bomberman is considered an average action strategy game for Nintendo and PC that was released in 1993. It is not currently available on Steam.']
viggo-challenge_train_20_percent-263,"inform(name[The Witcher 3: Wild Hunt], release_year[2015], rating[excellent], genres[action-adventure, role-playing], has_multiplayer[no], platforms[PlayStation, Xbox, PC], available_on_steam[yes])","One of 2015's most highly rated games on PlayStation, Xbox, and PC was The Witcher 3: Wild Hunt. It's a single-player action-adventure RPG with excellent reviews, and it's available on Steam now.","[""One of 2015's most highly rated games on PlayStation, Xbox, and PC was The Witcher 3: Wild Hunt. It's a single-player action-adventure RPG with excellent reviews, and it's available on Steam now.""]"
viggo-challenge_train_20_percent-264,"inform(name[Ori and the Blind Forest], release_year[2015], genres[adventure, platformer, puzzle], platforms[Xbox, PC], available_on_steam[yes], has_linux_release[no], has_mac_release[no])","For an adventure puzzle platformer, try Ori and the Blind Forest on either Xbox or PC. It was released in 2015 and is available on Steam. There is no release for Linux or Mac.","['For an adventure puzzle platformer, try Ori and the Blind Forest on either Xbox or PC. It was released in 2015 and is available on Steam. There is no release for Linux or Mac.']"
viggo-challenge_train_20_percent-265,"inform(name[Metroid Prime Pinball], release_year[2005], developer[Fuse Games], esrb[E (for Everyone)], rating[average], genres[pinball, puzzle], has_multiplayer[yes], platforms[Nintendo])",Metroid Prime Pinball is a decent puzzle-pinball game suitable for all ages. Fuse Games made the game in 2005 for Nintendo consoles and included a multiplayer mode.,['Metroid Prime Pinball is a decent puzzle-pinball game suitable for all ages. Fuse Games made the game in 2005 for Nintendo consoles and included a multiplayer mode.']
viggo-challenge_train_20_percent-266,"inform(name[Max Payne], release_year[2001], rating[good], genres[action-adventure, shooter])",2001's Max Payne is a good action-adventure shooter.,"[""2001's Max Payne is a good action-adventure shooter.""]"
viggo-challenge_train_20_percent-267,"inform(name[Dance Dance Revolution Universe 3], rating[poor], genres[music], has_multiplayer[yes], platforms[Xbox])",Dance Dance Revolution Universe 3 is a poor music game for the Xbox. There is a multiplayer mode.,['Dance Dance Revolution Universe 3 is a poor music game for the Xbox. There is a multiplayer mode.']
viggo-challenge_train_20_percent-268,"inform(name[Far Cry 3], release_year[2012], esrb[M (for Mature)], genres[action-adventure, shooter], player_perspective[first person], has_multiplayer[yes])",Far Cry 3 is an action-adventure first person shooter. It was developed in 2012 with multiplayer features. It is rated M (for Mature).,['Far Cry 3 is an action-adventure first person shooter. It was developed in 2012 with multiplayer features. It is rated M (for Mature).']
viggo-challenge_train_20_percent-269,"inform(name[Assassin's Creed II], genres[action-adventure, platformer], player_perspective[third person], has_multiplayer[no], platforms[PlayStation, Xbox, PC], has_linux_release[no], has_mac_release[yes])","Assassin's Creed II is a third person action-adventure platformer available for PlayStation, Xbox, PC and Mac. There is no Linux release and the game has no multiplayer mode.","[""Assassin's Creed II is a third person action-adventure platformer available for PlayStation, Xbox, PC and Mac. There is no Linux release and the game has no multiplayer mode.""]"
viggo-challenge_train_20_percent-270,"inform(name[Quantum Break], release_year[2016], esrb[M (for Mature)], genres[adventure, shooter])",Quantum Break is an adventure shooter game that was released in 2016. It was rated M (for Mature).,['Quantum Break is an adventure shooter game that was released in 2016. It was rated M (for Mature).']
viggo-challenge_train_20_percent-271,"inform(name[Portal 2], release_year[2011], genres[platformer, puzzle, shooter], player_perspective[first person])","Portal 2 is a combination of platformer, puzzle game, and shooter, all from a first person perspective. It's weird to think it came out all the way back in 2011 now.","[""Portal 2 is a combination of platformer, puzzle game, and shooter, all from a first person perspective. It's weird to think it came out all the way back in 2011 now.""]"
viggo-challenge_train_20_percent-272,"inform(name[Assassin's Creed Chronicles: India], release_year[2016], developer[Climax Studios], rating[poor], genres[action-adventure, platformer], player_perspective[side view], has_multiplayer[no])",Assassin's Creed Chronicles: India is a poor action-adventure platformer with a side view by Climax Studios. It was released in 2016. The game has no multiplayer mode.,"[""Assassin's Creed Chronicles: India is a poor action-adventure platformer with a side view by Climax Studios. It was released in 2016. The game has no multiplayer mode.""]"
viggo-challenge_train_20_percent-273,"inform(name[Warcraft III: Reign of Chaos], developer[Blizzard Entertainment], rating[excellent], genres[real-time strategy], player_perspective[bird view])",Blizzard Entertainment created an excellent real-time strategy game called Warcraft III: Reign of Chaos that also provides bird view.,['Blizzard Entertainment created an excellent real-time strategy game called Warcraft III: Reign of Chaos that also provides bird view.']
viggo-challenge_train_20_percent-274,"inform(name[The Vanishing of Ethan Carter], release_year[2014], developer[The Astronauts], genres[adventure, indie], platforms[PlayStation, Xbox, PC], available_on_steam[yes], has_linux_release[no], has_mac_release[no])","If you like indie adventure games, then you should try the 2014 video game created by the Astronauts called The Vanishing of Ethan Carter. It was released on PlayStation, Xbox, PC and is available on Steam, but it unfortunately has no support for Linux and Mac.","['If you like indie adventure games, then you should try the 2014 video game created by the Astronauts called The Vanishing of Ethan Carter. It was released on PlayStation, Xbox, PC and is available on Steam, but it unfortunately has no support for Linux and Mac.']"
viggo-challenge_train_20_percent-275,"inform(name[Spider-Man], exp_release_date[September 7, 2018], developer[Insomniac Games], genres[action-adventure], player_perspective[third person], platforms[PlayStation])","Spider-Man is a new third person action-adventure from Insomniac Games. It is set for release on September 7, 2018 for PlayStation.","['Spider-Man is a new third person action-adventure from Insomniac Games. It is set for release on September 7, 2018 for PlayStation.']"
viggo-challenge_train_20_percent-276,"inform(name[The Legend of Zelda: Ocarina of Time], esrb[E (for Everyone)], rating[excellent], genres[action-adventure, puzzle, role-playing], player_perspective[bird view, third person])",The Legend of Zelda: Ocarina of Time is an awesome action-adventure puzzle role-playing game with both a bird's eye and a third person view. The game received an E (for Everyone) rating.,"[""The Legend of Zelda: Ocarina of Time is an awesome action-adventure puzzle role-playing game with both a bird's eye and a third person view. The game received an E (for Everyone) rating.""]"
viggo-challenge_train_20_percent-277,"inform(name[Stronghold 2], release_year[2005], esrb[T (for Teen)], genres[real-time strategy, simulation], has_multiplayer[yes], platforms[PC], available_on_steam[yes])","Stronghold 2 is a 2005 real-time strategy and simulation game rated T (for Teen). You can play it on PC only and, of course, it is available on Steam. The game has a multiplayer mode too.","['Stronghold 2 is a 2005 real-time strategy and simulation game rated T (for Teen). You can play it on PC only and, of course, it is available on Steam. The game has a multiplayer mode too.']"
viggo-challenge_train_20_percent-278,"inform(name[Hellblade: Senua's Sacrifice], rating[excellent], genres[adventure, hack-and-slash, indie], player_perspective[third person], platforms[PlayStation, Xbox, PC], available_on_steam[yes])","One of my favorite indie, hack-and-slash adventures with a third person perspective is Hellblade: Senua's Sacrifice. It is an excellent game. You can get it on PlayStation, Xbox, or PC, and is available on Steam.","[""One of my favorite indie, hack-and-slash adventures with a third person perspective is Hellblade: Senua's Sacrifice. It is an excellent game. You can get it on PlayStation, Xbox, or PC, and is available on Steam.""]"
viggo-challenge_train_20_percent-279,"inform(name[Age of Wonders II: The Wizard's Throne], esrb[T (for Teen)], rating[poor], genres[role-playing, turn-based strategy], player_perspective[bird view])",Age of Wonders II: The Wizard's Throne received mostly negative ratings. It's a turn-based strategy RPG that you play from a bird's eye view. It was rated T (for Teen).,"[""Age of Wonders II: The Wizard's Throne received mostly negative ratings. It's a turn-based strategy RPG that you play from a bird's eye view. It was rated T (for Teen).""]"
viggo-challenge_train_20_percent-280,"inform(name[Stronghold 2], release_year[2005], genres[real-time strategy, simulation], has_multiplayer[yes])","The simulation and real-time strategy game, Stronghold 2, was released in 2005 and has multiplayer.","['The simulation and real-time strategy game, Stronghold 2, was released in 2005 and has multiplayer.']"
viggo-challenge_train_20_percent-281,"inform(name[Euro Truck Simulator], release_year[2008], developer[SCS Software], rating[poor], genres[driving/racing, simulation], player_perspective[first person])","Euro Truck Simulator was released in 2008 by SCS Software, but this game had poor success. If you are looking for a first person driving simulation game, you're better off looking elsewhere.","[""Euro Truck Simulator was released in 2008 by SCS Software, but this game had poor success. If you are looking for a first person driving simulation game, you're better off looking elsewhere.""]"
viggo-challenge_train_20_percent-282,"inform(name[Transport Tycoon], genres[simulation, strategy], platforms[PC], available_on_steam[no])",Transport Tycoon is a simulation-strategy game for PC only. It is not available on Steam.,['Transport Tycoon is a simulation-strategy game for PC only. It is not available on Steam.']
viggo-challenge_train_20_percent-283,"inform(name[Undertale], release_year[2015], genres[adventure, indie, role-playing], player_perspective[bird view])",Undertale was released in 2015. It is an indie adventure role-playing game that is played from a bird view perspective.,['Undertale was released in 2015. It is an indie adventure role-playing game that is played from a bird view perspective.']
viggo-challenge_train_20_percent-284,"inform(name[The Room], developer[Fireproof Games], genres[indie, point-and-click, puzzle], platforms[PC], available_on_steam[yes])","The Room is a indie point-and-click puzzle game developed by Fireproof Games. You can only play it on PC, but it's available on Steam.","[""The Room is a indie point-and-click puzzle game developed by Fireproof Games. You can only play it on PC, but it's available on Steam.""]"
viggo-challenge_train_20_percent-285,"inform(name[Football Manager 2015], release_year[2014], developer[Sports Interactive], rating[good], genres[simulation, sport, strategy], has_multiplayer[yes])",Football Manager 2015 is a good sport simulation and strategy game developed by Sports Interactive. It was released in 2014 and offers a multiplayer mode.,['Football Manager 2015 is a good sport simulation and strategy game developed by Sports Interactive. It was released in 2014 and offers a multiplayer mode.']
viggo-challenge_train_20_percent-286,"inform(name[Heroes of Might and Magic III: The Restoration of Erathia], release_year[1999], rating[good], genres[turn-based strategy], player_perspective[bird view])",Heroes of Might and Magic III: The Restoration of Erathia is a good game that was released in 1999. It is a turn-based strategy game that is played in bird view perspective.,['Heroes of Might and Magic III: The Restoration of Erathia is a good game that was released in 1999. It is a turn-based strategy game that is played in bird view perspective.']
viggo-challenge_train_20_percent-287,"inform(name[Far Cry 3], rating[good], genres[action-adventure, shooter], player_perspective[first person], has_multiplayer[yes])","A good first person, action-adventure shooter with multiplayer is Far Cry 3.","['A good first person, action-adventure shooter with multiplayer is Far Cry 3.']"
viggo-challenge_train_20_percent-288,"inform(name[Assassin's Creed Chronicles: India], rating[poor], genres[action-adventure, platformer], platforms[PlayStation, Xbox, PC], has_linux_release[no], has_mac_release[no])","Assassin's Creed Chronicles: India is an action-adventure platformer game. Though it's received some poor ratings and doesn't have a Mac or Linux release, it can be played on PlayStation, Xbox as well as PC.","[""Assassin's Creed Chronicles: India is an action-adventure platformer game. Though it's received some poor ratings and doesn't have a Mac or Linux release, it can be played on PlayStation, Xbox as well as PC.""]"
viggo-challenge_train_20_percent-289,"inform(name[Undertale], rating[excellent], genres[adventure, indie, role-playing], platforms[PlayStation, Nintendo Switch, PC], available_on_steam[yes], has_linux_release[yes], has_mac_release[yes])","Undertale is an excellent indie adventure RPG available on Steam. You can play it on PlayStation, Nintendo Switch, and PC, and it is supported on Mac and Linux.","['Undertale is an excellent indie adventure RPG available on Steam. You can play it on PlayStation, Nintendo Switch, and PC, and it is supported on Mac and Linux.']"
viggo-challenge_train_20_percent-290,"inform(name[The Elder Scrolls Online], genres[MMORPG], player_perspective[first person, third person])",The Elder Scrolls Online is a first person (or third person) massively multiplayer online role-playing game.,['The Elder Scrolls Online is a first person (or third person) massively multiplayer online role-playing game.']
viggo-challenge_train_20_percent-291,"inform(name[Need for Speed: Shift], developer[Slightly Mad Studios], esrb[E (for Everyone)], genres[driving/racing, simulation], player_perspective[first person, third person], has_multiplayer[yes])",Need for Speed: Shift by Slightly Mad Studios is a driving sim rated E (for Everyone). There's first and third person views and multiplayer.,"[""Need for Speed: Shift by Slightly Mad Studios is a driving sim rated E (for Everyone). There's first and third person views and multiplayer.""]"
viggo-challenge_train_20_percent-292,"inform(name[StarCraft], genres[real-time strategy], platforms[PC])",StarCraft is a real-time strategy that runs on PC only.,['StarCraft is a real-time strategy that runs on PC only.']
viggo-challenge_train_20_percent-293,"inform(name[Need for Speed: The Run], release_year[2011], rating[average], genres[driving/racing], player_perspective[first person, third person], platforms[PlayStation, Xbox, Nintendo, PC], available_on_steam[no])","Release in 2011, Need for Speed: The Run is an average racing game that can be played on PlayStation, Xbox, Nintendo and even PC, but it isn't available on Steam. You can switch between the first person and third person perspective.","[""Release in 2011, Need for Speed: The Run is an average racing game that can be played on PlayStation, Xbox, Nintendo and even PC, but it isn't available on Steam. You can switch between the first person and third person perspective.""]"
viggo-challenge_train_20_percent-294,"inform(name[The Room], developer[Fireproof Games], rating[excellent], genres[indie, point-and-click, puzzle])",The Room is an excellent indie point-and-click game with puzzles. It was developed by Fireproof Games.,['The Room is an excellent indie point-and-click game with puzzles. It was developed by Fireproof Games.']
viggo-challenge_train_20_percent-295,"inform(name[The Sims], rating[good], genres[simulation, strategy], player_perspective[bird view], platforms[PlayStation, Xbox, Nintendo, PC], available_on_steam[no], has_linux_release[no], has_mac_release[yes])","The Sims is a bird's eye view simulation strategy game for PlayStation, Xbox, Nintendo, and PC. It received good ratings from players. It's not available on Steam and doesn't have a Linux release, but does have a Mac release.","[""The Sims is a bird's eye view simulation strategy game for PlayStation, Xbox, Nintendo, and PC. It received good ratings from players. It's not available on Steam and doesn't have a Linux release, but does have a Mac release.""]"
viggo-challenge_train_20_percent-296,"inform(name[Madden NFL 15], release_year[2014], genres[simulation, sport], player_perspective[bird view, third person], has_multiplayer[yes], platforms[PlayStation, Xbox])",Madden NFL 15 was released in 2014 on PlayStation and Xbox. It's a multiplayer sports simulation game that can be played from a third person or a bird view.,"[""Madden NFL 15 was released in 2014 on PlayStation and Xbox. It's a multiplayer sports simulation game that can be played from a third person or a bird view.""]"
viggo-challenge_train_20_percent-297,"inform(name[Need for Speed: The Run], release_year[2011], esrb[T (for Teen)], genres[driving/racing])",Need for Speed: The Run is a 2011 racing game that is rated T for teen audiences.,['Need for Speed: The Run is a 2011 racing game that is rated T for teen audiences.']
viggo-challenge_train_20_percent-298,"inform(name[Assassin's Creed II], release_year[2009], esrb[M (for Mature)], genres[action-adventure, platformer])","Assassin's Creed II was released in 2009, with an M rating. It's an action-adventure platformer game.","[""Assassin's Creed II was released in 2009, with an M rating. It's an action-adventure platformer game.""]"
viggo-challenge_train_20_percent-299,"inform(name[Rollcage], release_year[1999], genres[action, driving/racing], platforms[PlayStation, PC], has_linux_release[no], has_mac_release[no])","If you like action games, Rollcage is a driving/racing game from 1999. It runs on PlayStation and PC. However, it is not supported on Linux or Mac.","['If you like action games, Rollcage is a driving/racing game from 1999. It runs on PlayStation and PC. However, it is not supported on Linux or Mac.']"
viggo-challenge_train_20_percent-300,"inform(name[NHL 15], release_year[2014], esrb[E 10+ (for Everyone 10 and Older)], rating[average], genres[simulation, sport], player_perspective[bird view], platforms[PlayStation, Xbox])","NHL 15 is a 2014 sport simulation game in bird view. It has an ESRB rating of E 10+ (for Everyone 10 and Older), and it runs on PlayStation and Xbox. The game received average ratings.","['NHL 15 is a 2014 sport simulation game in bird view. It has an ESRB rating of E 10+ (for Everyone 10 and Older), and it runs on PlayStation and Xbox. The game received average ratings.']"
viggo-challenge_train_20_percent-301,"inform(name[Dirt: Showdown], genres[driving/racing, sport], player_perspective[first person, third person], has_multiplayer[yes], platforms[PlayStation, Xbox, PC], available_on_steam[no])","Dirt: Showdown is a multiplayer sport racing game for PlayStation, Xbox, and PC only. There is no Steam release. You can play from both the first and third person perspective.","['Dirt: Showdown is a multiplayer sport racing game for PlayStation, Xbox, and PC only. There is no Steam release. You can play from both the first and third person perspective.']"
viggo-challenge_train_20_percent-302,"inform(name[Assassin's Creed II], rating[good], genres[action-adventure, platformer], has_multiplayer[no], platforms[PlayStation, Xbox, PC], has_linux_release[no], has_mac_release[yes])","Assassin's Creed II is a good action-adventure platformer, but it doesn't have multiplayer. It was released for the PlayStation, Xbox, PC, and Mac, but not Linux.","[""Assassin's Creed II is a good action-adventure platformer, but it doesn't have multiplayer. It was released for the PlayStation, Xbox, PC, and Mac, but not Linux.""]"
viggo-challenge_train_20_percent-303,"inform(name[Guitar Hero: Smash Hits], release_year[2009], esrb[T (for Teen)], rating[poor], genres[music], player_perspective[first person], platforms[PlayStation, Xbox, Nintendo])","Guitar Hero: Smash Hits is a first person music game from 2009, suitable for teenagers. It is available for PlayStation, Xbox, and Nintendo, but it has poor ratings.","['Guitar Hero: Smash Hits is a first person music game from 2009, suitable for teenagers. It is available for PlayStation, Xbox, and Nintendo, but it has poor ratings.']"
viggo-challenge_train_20_percent-304,"inform(name[Rise of the Tomb Raider], rating[good], genres[action-adventure, shooter], has_multiplayer[yes], platforms[PlayStation, Xbox, PC], available_on_steam[yes], has_linux_release[no], has_mac_release[no])","Rise of the Tomb Raider is a pretty good action-adventure shooter. Works on several systems, PlayStation, Xbox, PC and Steam, but doesn't have Linux or Mac support. It has multiplayer, which is cool.","[""Rise of the Tomb Raider is a pretty good action-adventure shooter. Works on several systems, PlayStation, Xbox, PC and Steam, but doesn't have Linux or Mac support. It has multiplayer, which is cool.""]"
viggo-challenge_train_20_percent-305,"inform(name[SpellForce 3], release_year[2017], genres[real-time strategy, role-playing])","SpellForce 3 is a real-time strategy, role-playing game released in 2017.","['SpellForce 3 is a real-time strategy, role-playing game released in 2017.']"
viggo-challenge_train_20_percent-306,"inform(name[Undertale], genres[adventure, indie, role-playing], player_perspective[bird view], platforms[PlayStation, Nintendo Switch, PC], has_linux_release[yes], has_mac_release[yes])","Undertale is an indie adventure role-playing game from a bird's eye view. The game was released for PlayStation, Nintendo Switch, and PC, as well as Linux and Mac.","[""Undertale is an indie adventure role-playing game from a bird's eye view. The game was released for PlayStation, Nintendo Switch, and PC, as well as Linux and Mac.""]"
viggo-challenge_train_20_percent-307,"inform(name[SpellForce 3], release_year[2017], developer[Grimlore Games], genres[real-time strategy, role-playing], player_perspective[bird view], has_multiplayer[yes])","SpellForce 3 is a real-time strategy, role-playing game released by Grimlore Games in 2017. It has a multiplayer mode and bird view player perspective.","['SpellForce 3 is a real-time strategy, role-playing game released by Grimlore Games in 2017. It has a multiplayer mode and bird view player perspective.']"
viggo-challenge_train_20_percent-308,"inform(name[F1 2014], rating[average], genres[driving/racing, simulation, sport], player_perspective[first person, third person], platforms[PlayStation, Xbox, PC], available_on_steam[yes], has_linux_release[no], has_mac_release[no])","F1 2014 is a sport racing simulation game available on PlayStation, Xbox, and PC via Steam. It's not available on Linux or Mac. As a racing game, it can be played in first or third person perspectives and got average reviews.","[""F1 2014 is a sport racing simulation game available on PlayStation, Xbox, and PC via Steam. It's not available on Linux or Mac. As a racing game, it can be played in first or third person perspectives and got average reviews.""]"
viggo-challenge_train_20_percent-309,"inform(name[Lara Croft and the Temple of Osiris], rating[average], genres[action-adventure, puzzle, shooter])","Lara Croft and the Temple of Osiris is an action-adventure, puzzle-shooter with average ratings.","['Lara Croft and the Temple of Osiris is an action-adventure, puzzle-shooter with average ratings.']"
viggo-challenge_train_20_percent-310,"inform(name[Might & Magic: Heroes VI], release_year[2011], genres[role-playing, turn-based strategy], platforms[PC], available_on_steam[yes], has_linux_release[no], has_mac_release[no])","Might & Magic: Heroes VI came out in 2011 and is a role-playing turn-based strategy for PC only. The game is available on Steam, but not for Linux or Mac.","['Might & Magic: Heroes VI came out in 2011 and is a role-playing turn-based strategy for PC only. The game is available on Steam, but not for Linux or Mac.']"
viggo-challenge_train_20_percent-311,"inform(name[Payday 2], release_year[2013], developer[Overkill Software], rating[average], genres[role-playing, shooter], player_perspective[first person])",Payday 2 came out in 2013 from Overkill Software. It's a first person shooter game with role-playing and has received average ratings.,"[""Payday 2 came out in 2013 from Overkill Software. It's a first person shooter game with role-playing and has received average ratings.""]"
viggo-challenge_train_20_percent-312,"inform(name[The Witcher 3: Wild Hunt], genres[action-adventure, role-playing], player_perspective[third person], platforms[PlayStation, Xbox, PC], available_on_steam[yes])","The Witcher 3: Wild Hunt is a third person action-adventure role-playing game for PlayStation, Xbox, and PC, and is available on Steam too.","['The Witcher 3: Wild Hunt is a third person action-adventure role-playing game for PlayStation, Xbox, and PC, and is available on Steam too.']"
viggo-challenge_train_20_percent-313,"inform(name[Outlast II], release_year[2017], genres[adventure, indie], player_perspective[first person])","Outlast II is an adventure, indie game. It was released in 2017 and sports the first person perspective.","['Outlast II is an adventure, indie game. It was released in 2017 and sports the first person perspective.']"
viggo-challenge_train_20_percent-314,"inform(name[Tomb Raider: The Last Revelation], release_year[1999], esrb[T (for Teen)], genres[action-adventure, puzzle, shooter], player_perspective[third person], has_multiplayer[no])",Tomb Raider: The Last Revelation is a third person action-adventure puzzle shooter with no multiplayer. It was released in 1999 and is rated T (for Teen).,['Tomb Raider: The Last Revelation is a third person action-adventure puzzle shooter with no multiplayer. It was released in 1999 and is rated T (for Teen).']
viggo-challenge_train_20_percent-315,"inform(name[Super Bomberman], release_year[1993], developer[Hudson Soft], esrb[E (for Everyone)], rating[average], genres[action, strategy], player_perspective[bird view], has_multiplayer[no])",Super Bomberman was released in 1993 from Hudson Soft. It is an average action and strategy game played in the bird view point-of-view. It is not a multiplayer game and is rated E (for Everyone).,['Super Bomberman was released in 1993 from Hudson Soft. It is an average action and strategy game played in the bird view point-of-view. It is not a multiplayer game and is rated E (for Everyone).']
viggo-challenge_train_20_percent-316,"inform(name[Alan Wake's American Nightmare], rating[poor], genres[action-adventure, shooter], has_multiplayer[no])",Alan Wake's American Nightmare is a poor action-adventure shooter without multiplayer.,"[""Alan Wake's American Nightmare is a poor action-adventure shooter without multiplayer.""]"
viggo-challenge_train_20_percent-317,"inform(name[Undertale], release_year[2015], genres[adventure, indie, role-playing], player_perspective[bird view])","Undertale is an indie adventure, role-playing game that is set in bird view perspective. It was released in 2015.","['Undertale is an indie adventure, role-playing game that is set in bird view perspective. It was released in 2015.']"
viggo-challenge_train_20_percent-318,"inform(name[Rocket League], esrb[E (for Everyone)], genres[sport, vehicular combat], has_multiplayer[yes], platforms[PlayStation, Xbox, Nintendo Switch, PC], available_on_steam[yes], has_linux_release[yes], has_mac_release[yes])","Give the game Rocket League a try for a multiplayer game that is rated to be good for everyone. You can play it on all the major platforms like PlayStation, Xbox, Nintendo Switch and even your PC. If you like the PC version you can find it on Steam and it will work with Mac or Linux systems as well. It's a fun vehicular combat sports game.","[""Give the game Rocket League a try for a multiplayer game that is rated to be good for everyone. You can play it on all the major platforms like PlayStation, Xbox, Nintendo Switch and even your PC. If you like the PC version you can find it on Steam and it will work with Mac or Linux systems as well. It's a fun vehicular combat sports game.""]"
viggo-challenge_train_20_percent-319,"inform(name[Euro Truck Simulator], release_year[2008], rating[poor], genres[driving/racing, simulation], player_perspective[first person])",Euro Truck Simulator is a lackluster 2008 first person driving simulator.,['Euro Truck Simulator is a lackluster 2008 first person driving simulator.']
viggo-challenge_train_20_percent-320,"inform(name[Age of Empires II: The Age of Kings], release_year[1999], genres[real-time strategy], player_perspective[bird view])",Age of Empires II: The Age of Kings was released in 1999 as a real-time strategy with a bird view perspective.,['Age of Empires II: The Age of Kings was released in 1999 as a real-time strategy with a bird view perspective.']
viggo-challenge_train_20_percent-321,"inform(name[Rollcage], release_year[1999], esrb[E (for Everyone)], rating[average], genres[action, driving/racing], has_multiplayer[yes])","Rollcage is an E-rated action racing game with multiplayer. It came out in 1999 to middle-of-the-road ratings, no pun intended.","['Rollcage is an E-rated action racing game with multiplayer. It came out in 1999 to middle-of-the-road ratings, no pun intended.']"
viggo-challenge_train_20_percent-322,"inform(name[Tom Clancy's The Division], release_year[2016], rating[average], genres[role-playing, shooter, tactical])","If you want an average-rated, role-playing tactical shooter, try Tom Clancy's The Division. It was released in 2016.","[""If you want an average-rated, role-playing tactical shooter, try Tom Clancy's The Division. It was released in 2016.""]"
viggo-challenge_train_20_percent-323,"inform(name[Lara Croft and the Temple of Osiris], rating[average], genres[action-adventure, puzzle, shooter])","Lara Croft and the Temple of Osiris, an action-adventure shooter game with puzzle elements, has been receiving average ratings.","['Lara Croft and the Temple of Osiris, an action-adventure shooter game with puzzle elements, has been receiving average ratings.']"
viggo-challenge_train_20_percent-324,"inform(name[Commandos: Behind Enemy Lines], release_year[1998], developer[Pyro Studios], genres[strategy, tactical], player_perspective[bird view], platforms[PC], has_linux_release[no], has_mac_release[no])","If you're interested in a tactical, strategy, bird view game, try Commandos: Behind Enemy Lines. It was released by Pyro Studios in 1998 for PC. It is not on Linux or Mac.","[""If you're interested in a tactical, strategy, bird view game, try Commandos: Behind Enemy Lines. It was released by Pyro Studios in 1998 for PC. It is not on Linux or Mac.""]"
viggo-challenge_train_20_percent-325,"inform(name[Diablo II], release_year[2000], developer[Blizzard North], rating[good], genres[hack-and-slash, role-playing], player_perspective[bird view], has_multiplayer[yes])","The role-playing multiplayer game, Diablo II, was developed in 2000 by Blizzard North. This hack-and-slash game is played on a bird view and has good ratings.","['The role-playing multiplayer game, Diablo II, was developed in 2000 by Blizzard North. This hack-and-slash game is played on a bird view and has good ratings.']"
viggo-challenge_train_20_percent-326,"inform(name[Rocket League], rating[good], genres[sport, vehicular combat], has_multiplayer[yes])",Rocket League is a sports and vehicular combat game with a good rating and multiplayer mode.,['Rocket League is a sports and vehicular combat game with a good rating and multiplayer mode.']
viggo-challenge_train_20_percent-327,"inform(name[Super Bomberman], release_year[1993], rating[average], genres[action, strategy], player_perspective[bird view], has_multiplayer[no])","The action and strategy game, Super Bomberman, was released in 1993 with a bird view and has no multiplayer. This game has received average ratings.","['The action and strategy game, Super Bomberman, was released in 1993 with a bird view and has no multiplayer. This game has received average ratings.']"
viggo-challenge_train_20_percent-328,"inform(name[Mass Effect 2], release_year[2010], genres[action-adventure, role-playing, shooter], player_perspective[third person], platforms[PlayStation, Xbox, PC], available_on_steam[yes])","2010's Mass Effect 2 is a third person action-adventure role-playing shooter that is available on Steam, PlayStation, Xbox, and PC.","[""2010's Mass Effect 2 is a third person action-adventure role-playing shooter that is available on Steam, PlayStation, Xbox, and PC.""]"
viggo-challenge_train_20_percent-329,"inform(name[The Elder Scrolls Online], release_year[2014], developer[ZeniMax Online Studios], esrb[M (for Mature)], genres[MMORPG], player_perspective[first person, third person])","The Elder Scrolls Online is a ZeniMax Online Studios MMORPG from 2014. There's first person and third person views, and it's rated M (for Mature).","[""The Elder Scrolls Online is a ZeniMax Online Studios MMORPG from 2014. There's first person and third person views, and it's rated M (for Mature).""]"
viggo-challenge_train_20_percent-330,"inform(name[Commandos: Behind Enemy Lines], esrb[T (for Teen)], rating[good], genres[strategy, tactical], player_perspective[bird view], platforms[PC], available_on_steam[yes])","Commandos: Behind Enemy Lines is a good rated strategy, tactical PC game that is available on Steam. It has a T rating (For Teen) and is played from a bird's eye view.","[""Commandos: Behind Enemy Lines is a good rated strategy, tactical PC game that is available on Steam. It has a T rating (For Teen) and is played from a bird's eye view.""]"
viggo-challenge_train_20_percent-331,"inform(name[Undertale], release_year[2015], rating[excellent], genres[adventure, indie, role-playing], has_multiplayer[no], platforms[PlayStation, Nintendo Switch, PC], has_linux_release[yes], has_mac_release[yes])","If you love adventure and role-playing games, try Undertale, although keep in mind that it's single-player only. It's an excellent indie game from 2015 released for PlayStation, Nintendo Switch, and PC. You can even play it on Linux or Mac.","[""If you love adventure and role-playing games, try Undertale, although keep in mind that it's single-player only. It's an excellent indie game from 2015 released for PlayStation, Nintendo Switch, and PC. You can even play it on Linux or Mac.""]"
viggo-challenge_train_20_percent-332,"inform(name[Hitman 2], exp_release_date[November 13, 2018], genres[shooter, tactical], player_perspective[third person], platforms[PlayStation, Xbox, PC])","Hitman 2 is coming out on November 13, 2018 for PlayStation, Xbox, and PC. It's going to be a third person shooter with a ton of tactical elements that will make you slow down and think about how to get through a level.","[""Hitman 2 is coming out on November 13, 2018 for PlayStation, Xbox, and PC. It's going to be a third person shooter with a ton of tactical elements that will make you slow down and think about how to get through a level.""]"
viggo-challenge_train_20_percent-333,"inform(name[Tetris], genres[arcade, puzzle, strategy], player_perspective[side view])",Tetris is a side view strategic puzzle arcade game.,['Tetris is a side view strategic puzzle arcade game.']
viggo-challenge_train_20_percent-334,"inform(name[Silent Hill 2], release_year[2001], genres[action-adventure, puzzle], player_perspective[third person], has_multiplayer[no])","Silent Hill 2 from 2001 is a single-player, action-adventure puzzle game. It has a third person point of view.","['Silent Hill 2 from 2001 is a single-player, action-adventure puzzle game. It has a third person point of view.']"
viggo-challenge_train_20_percent-335,"inform(name[Assetto Corsa], esrb[E (for Everyone)], genres[driving/racing, simulation, sport], platforms[PlayStation, Xbox, PC], has_linux_release[yes], has_mac_release[no])","Assetto Corsa is a sport racing simulator that has been released on PlayStation, Xbox, and PC, including the Linux processor but not the Mac. It is rated E (for Everyone).","['Assetto Corsa is a sport racing simulator that has been released on PlayStation, Xbox, and PC, including the Linux processor but not the Mac. It is rated E (for Everyone).']"
viggo-challenge_train_20_percent-336,"inform(name[Rise of the Tomb Raider], release_year[2015], genres[action-adventure, shooter], has_multiplayer[yes])",Rise of the Tomb Raider is a 2015 multiplayer action-adventure shooter.,['Rise of the Tomb Raider is a 2015 multiplayer action-adventure shooter.']
viggo-challenge_train_20_percent-337,"inform(name[NHL 15], release_year[2014], esrb[E 10+ (for Everyone 10 and Older)], rating[average], genres[simulation, sport], player_perspective[bird view], has_multiplayer[yes], platforms[PlayStation, Xbox])","NHL 15 is a game with ESRB: E 10+ (for Everyone 10 and Older) in the simulation sport genre. It has a bird view player perspective, it is multiplayer, and it's available for PlayStation and Xbox. It was released in 2014 and has an average rating.","[""NHL 15 is a game with ESRB: E 10+ (for Everyone 10 and Older) in the simulation sport genre. It has a bird view player perspective, it is multiplayer, and it's available for PlayStation and Xbox. It was released in 2014 and has an average rating.""]"
viggo-challenge_train_20_percent-338,"inform(name[Tony Hawk's Pro Skater 3], release_year[2001], developer[Neversoft Entertainment], genres[sport], player_perspective[third person])","Tony Hawk's Pro Skater 3 is a sports game from 2001 by Neversoft Entertainment. In it, you perform skate-boarding tricks from a third person view.","[""Tony Hawk's Pro Skater 3 is a sports game from 2001 by Neversoft Entertainment. In it, you perform skate-boarding tricks from a third person view.""]"
viggo-challenge_train_20_percent-339,"inform(name[Mass Effect 2], release_year[2010], rating[excellent], genres[action-adventure, role-playing, shooter], player_perspective[third person], has_multiplayer[no])","Mass Effect 2 was an amazing game that combined action and adventure, RPG, and shooting elements to the delight of fans and critics in 2010. The game is limited to a third person perspective, and unfortunately there is no multiplayer function.","['Mass Effect 2 was an amazing game that combined action and adventure, RPG, and shooting elements to the delight of fans and critics in 2010. The game is limited to a third person perspective, and unfortunately there is no multiplayer function.']"
viggo-challenge_train_20_percent-340,"inform(name[Worms: Reloaded], genres[action, platformer, strategy], platforms[PC], has_linux_release[yes], has_mac_release[yes])",Worms: Reloaded is a strategy platformer game. This action game is available for PC on both Mac and Linux platforms.,['Worms: Reloaded is a strategy platformer game. This action game is available for PC on both Mac and Linux platforms.']
viggo-challenge_train_20_percent-341,"inform(name[The Forest of Doom], developer[Tin Man Games], genres[role-playing, text adventure], has_multiplayer[no], platforms[PC], available_on_steam[yes], has_linux_release[yes], has_mac_release[yes])","The Forest of Doom is a text adventure RPG released by Tin Man Games. Naturally, there is no multiplayer, but the game is available on Steam for PC, Mac, and Linux.","['The Forest of Doom is a text adventure RPG released by Tin Man Games. Naturally, there is no multiplayer, but the game is available on Steam for PC, Mac, and Linux.']"
viggo-challenge_train_20_percent-342,"inform(name[Metroid Prime Pinball], release_year[2005], developer[Fuse Games], esrb[E (for Everyone)], rating[average], genres[pinball, puzzle], has_multiplayer[yes], platforms[Nintendo])",Metroid Prime Pinball is an average pinball puzzle game that came out in 2005 from Fuse Games for Nintendo only. This game is rated E (for Everyone) and has multiplayer functionality.,['Metroid Prime Pinball is an average pinball puzzle game that came out in 2005 from Fuse Games for Nintendo only. This game is rated E (for Everyone) and has multiplayer functionality.']
viggo-challenge_train_20_percent-343,"inform(name[Rollcage], developer[Attention To Detail], esrb[E (for Everyone)], rating[average], genres[action, driving/racing])",Rollcage is an action racing game developed by Attention To Detail. The game is rated E (for Everyone) and was released to average critic scores.,['Rollcage is an action racing game developed by Attention To Detail. The game is rated E (for Everyone) and was released to average critic scores.']
viggo-challenge_train_20_percent-344,"inform(name[Worms: Reloaded], rating[average], genres[action, platformer, strategy], has_multiplayer[yes], platforms[PC], available_on_steam[yes], has_linux_release[yes], has_mac_release[yes])",Worms: Reloaded is an okay strategic action platformer on the PC. Get it through Steam and there is Linux and Mac support. There is also multiplayer.,['Worms: Reloaded is an okay strategic action platformer on the PC. Get it through Steam and there is Linux and Mac support. There is also multiplayer.']
viggo-challenge_train_20_percent-345,"inform(name[Need for Speed: Payback], rating[poor], genres[driving/racing], player_perspective[third person], platforms[PlayStation, Xbox, PC], has_linux_release[no], has_mac_release[no])","The game Need for Speed: Payback, available on PlayStation, Xbox, and PC, is an option for third person driving/racing enthusiasts. However, it has poor reviews and does not feature Linux or Mac options.","['The game Need for Speed: Payback, available on PlayStation, Xbox, and PC, is an option for third person driving/racing enthusiasts. However, it has poor reviews and does not feature Linux or Mac options.']"
viggo-challenge_train_20_percent-346,"inform(name[The Vanishing of Ethan Carter], release_year[2014], developer[The Astronauts], genres[adventure, indie], platforms[PlayStation, Xbox, PC], available_on_steam[yes], has_linux_release[no], has_mac_release[no])","The Vanishing of Ethan Carter is an indie adventure game that was released in 2014 by developer The Astronauts. It's available for the PlayStation, Xbox, and PC, and is available for download on Steam. However, it's not supported on Linux or Mac.","[""The Vanishing of Ethan Carter is an indie adventure game that was released in 2014 by developer The Astronauts. It's available for the PlayStation, Xbox, and PC, and is available for download on Steam. However, it's not supported on Linux or Mac.""]"
viggo-challenge_train_20_percent-347,"inform(name[Half-Life 2], release_year[2004], esrb[M (for Mature)], genres[shooter], has_multiplayer[no], platforms[PlayStation, Xbox, PC], has_linux_release[yes], has_mac_release[yes])","Half-Life 2 is a 2004 single-player shooter that is rated M (for Mature). It is out for PlayStation, Xbox, and PC, and it is supported by Mac and Linux.","['Half-Life 2 is a 2004 single-player shooter that is rated M (for Mature). It is out for PlayStation, Xbox, and PC, and it is supported by Mac and Linux.']"
viggo-challenge_train_20_percent-348,"inform(name[Might & Magic: Heroes VI], release_year[2011], rating[average], genres[role-playing, turn-based strategy], has_multiplayer[yes])",Might & Magic: Heroes VI is a turn-based strategy RPG that supports multiplayer and was released in 2011 it received overall average reviews.,['Might & Magic: Heroes VI is a turn-based strategy RPG that supports multiplayer and was released in 2011 it received overall average reviews.']
viggo-challenge_train_20_percent-349,"inform(name[Diablo II], release_year[2000], genres[hack-and-slash, role-playing], player_perspective[bird view], platforms[PC], available_on_steam[no], has_linux_release[no], has_mac_release[yes])","Diablo II is a hack-and-slash, role-playing game from 2000 for PC and Mac. You play this game from a bird view perspective. It is not available for Steam or Linux.","['Diablo II is a hack-and-slash, role-playing game from 2000 for PC and Mac. You play this game from a bird view perspective. It is not available for Steam or Linux.']"
viggo-challenge_train_20_percent-350,"inform(name[The Wolf Among Us], release_year[2013], developer[Telltale Games], rating[good], genres[adventure, point-and-click], player_perspective[third person], has_multiplayer[no])","The Wolf Among Us is a good 2013 video game developed by Telltale Games, with a third person perspective. It is in the adventure, point-and-click genre, but has no multiplayer.","['The Wolf Among Us is a good 2013 video game developed by Telltale Games, with a third person perspective. It is in the adventure, point-and-click genre, but has no multiplayer.']"
viggo-challenge_train_20_percent-351,"inform(name[The Sims], release_year[2000], rating[good], genres[simulation, strategy], player_perspective[bird view], has_multiplayer[no])","The Sims is a simulation strategy that has been around since 2000, and has good ratings. While I was disappointed that it didn't have a multiplayer mode, I enjoyed the bird view perspective.","[""The Sims is a simulation strategy that has been around since 2000, and has good ratings. While I was disappointed that it didn't have a multiplayer mode, I enjoyed the bird view perspective.""]"
viggo-challenge_train_20_percent-352,"inform(name[The Witcher 3: Wild Hunt], release_year[2015], rating[excellent], genres[action-adventure, role-playing], platforms[PlayStation, Xbox, PC])","The Witcher 3: Wild Hunt is a 2015 action-adventure, role-playing game. It was released for PlayStation, Xbox, and PC and received excellent ratings.","['The Witcher 3: Wild Hunt is a 2015 action-adventure, role-playing game. It was released for PlayStation, Xbox, and PC and received excellent ratings.']"
viggo-challenge_train_20_percent-353,"inform(name[Tom Clancy's Splinter Cell: Chaos Theory], release_year[2005], developer[Ubisoft Montreal], esrb[M (for Mature)], genres[action, tactical], player_perspective[first person, third person], has_multiplayer[yes])","Tom Clancy's Splinter Cell: Chaos Theory is a tactical action game by Ubisoft Montreal that was released in 2005. It supports both first person and third person game play, as well as multiplayer. It received an ESRB rating of M (for Mature).","[""Tom Clancy's Splinter Cell: Chaos Theory is a tactical action game by Ubisoft Montreal that was released in 2005. It supports both first person and third person game play, as well as multiplayer. It received an ESRB rating of M (for Mature).""]"
viggo-challenge_train_20_percent-354,"inform(name[Madden NFL 15], developer[EA Tiburon], genres[simulation, sport])",Madden NFL 15 is a sport simulation game that was released by EA Tiburon.,['Madden NFL 15 is a sport simulation game that was released by EA Tiburon.']
viggo-challenge_train_20_percent-355,"inform(name[Never Alone], release_year[2014], genres[adventure, indie, platformer], player_perspective[side view], platforms[PlayStation, Xbox, PC], available_on_steam[yes], has_linux_release[yes], has_mac_release[no])","Never Alone is a side view, indie adventure platformer that is available on Steam. It was released in 2014 for PlayStation, Xbox, PC and Linux, but not for Mac.","['Never Alone is a side view, indie adventure platformer that is available on Steam. It was released in 2014 for PlayStation, Xbox, PC and Linux, but not for Mac.']"
viggo-challenge_train_20_percent-356,"inform(name[Hellblade: Senua's Sacrifice], genres[adventure, hack-and-slash, indie], player_perspective[third person], platforms[PlayStation, Xbox, PC], available_on_steam[yes], has_linux_release[no], has_mac_release[no])","Hellblade: Senua's Sacrifice is an indie, hack-and-slash adventure game played in third person perspective. It can be played on PlayStation, Xbox, PC and is available on Steam. It was not released on Linux or Mac.","[""Hellblade: Senua's Sacrifice is an indie, hack-and-slash adventure game played in third person perspective. It can be played on PlayStation, Xbox, PC and is available on Steam. It was not released on Linux or Mac.""]"
viggo-challenge_train_20_percent-357,"inform(name[God of War], release_year[2018], developer[SIE Santa Monica Studio], rating[excellent], genres[action-adventure, platformer, role-playing], player_perspective[third person], has_multiplayer[no], platforms[PlayStation])","God of War is a third person, action-adventure role-playing platformer released on PlayStation in 2018. It was developed by SIE Santa Monica Studio and has excellent ratings. It has no multiplayer.","['God of War is a third person, action-adventure role-playing platformer released on PlayStation in 2018. It was developed by SIE Santa Monica Studio and has excellent ratings. It has no multiplayer.']"
viggo-challenge_train_20_percent-358,"inform(name[Assetto Corsa], release_year[2014], genres[driving/racing, simulation, sport], player_perspective[first person, third person])",Assetto Corsa is a first person and third person driving/racing sports simulator released in 2014.,['Assetto Corsa is a first person and third person driving/racing sports simulator released in 2014.']
viggo-challenge_train_20_percent-359,"inform(name[Life is Strange], release_year[2015], genres[role-playing], player_perspective[third person], has_multiplayer[no])","Released in 2015, Life is Strange is a role-playing, third person game with no multiplayer.","['Released in 2015, Life is Strange is a role-playing, third person game with no multiplayer.']"
viggo-challenge_train_20_percent-360,"inform(name[The Vanishing of Ethan Carter], release_year[2014], genres[adventure, indie], has_multiplayer[no], platforms[PlayStation, Xbox, PC], available_on_steam[yes], has_linux_release[no], has_mac_release[no])","The Vanishing of Ethan Carter is a single-player indie adventure game from 2014. It is out on PlayStation, Xbox, and PC, but it is not on Mac or Linux. It is available on Steam.","['The Vanishing of Ethan Carter is a single-player indie adventure game from 2014. It is out on PlayStation, Xbox, and PC, but it is not on Mac or Linux. It is available on Steam.']"
viggo-challenge_train_20_percent-361,"inform(name[Alan Wake's American Nightmare], release_year[2012], genres[action-adventure, shooter], player_perspective[third person], platforms[Xbox, PC], available_on_steam[yes])","I heard about this game, Alan Wake's American Nightmare, which is an action-adventure third person shooter. It came out on Xbox and PC in 2012, plus it's available on Steam now.","[""I heard about this game, Alan Wake's American Nightmare, which is an action-adventure third person shooter. It came out on Xbox and PC in 2012, plus it's available on Steam now.""]"
viggo-challenge_train_20_percent-362,"inform(name[Need for Speed: Payback], rating[poor], genres[driving/racing], player_perspective[third person], platforms[PlayStation, Xbox, PC], has_linux_release[no], has_mac_release[no])","Need for Speed: Payback is a third person driving/racing game with poor ratings. It was released on PlayStation, Xbox, and PC, but not on Linux or Mac.","['Need for Speed: Payback is a third person driving/racing game with poor ratings. It was released on PlayStation, Xbox, and PC, but not on Linux or Mac.']"
viggo-challenge_train_20_percent-363,"inform(name[Assassin's Creed Chronicles: India], release_year[2016], rating[poor], genres[action-adventure, platformer], has_multiplayer[no])","An example of a poorly received action-adventure platformer is Assassin's Creed Chronicles: India. It was made in 2016, and it doesn't have a multiplayer option.","[""An example of a poorly received action-adventure platformer is Assassin's Creed Chronicles: India. It was made in 2016, and it doesn't have a multiplayer option.""]"
viggo-challenge_train_20_percent-364,"inform(name[Commandos: Behind Enemy Lines], rating[good], genres[strategy, tactical], has_multiplayer[yes])","If you are into tactical strategy games, you should look into Commandos: Behind Enemy Lines. It got a good rating and even has multiplayer.","['If you are into tactical strategy games, you should look into Commandos: Behind Enemy Lines. It got a good rating and even has multiplayer.']"
viggo-challenge_train_20_percent-365,"inform(name[The Elder Scrolls Online], developer[ZeniMax Online Studios], esrb[M (for Mature)], genres[MMORPG], player_perspective[first person, third person], platforms[PlayStation, Xbox, PC], has_linux_release[no], has_mac_release[yes])","The Elder Scrolls Online is a MMORPG and is rated M (for Mature). It was developed by ZeniMax Online Studios and offers both a first person and third person experience. Currently, it is available on PlayStation, Xbox, PC, and Mac. The game is not available on Linux.","['The Elder Scrolls Online is a MMORPG and is rated M (for Mature). It was developed by ZeniMax Online Studios and offers both a first person and third person experience. Currently, it is available on PlayStation, Xbox, PC, and Mac. The game is not available on Linux.']"
viggo-challenge_train_20_percent-366,"inform(name[Super Mario World], developer[Nintendo EAD], esrb[E (for Everyone)], rating[excellent], genres[platformer], player_perspective[side view], platforms[Nintendo])",Super Mario World is a side view platformer developed by Nintendo EAD. The game is rated E (for Everyone) and received excellent reviews from players. The game is available exclusively for Nintendo.,['Super Mario World is a side view platformer developed by Nintendo EAD. The game is rated E (for Everyone) and received excellent reviews from players. The game is available exclusively for Nintendo.']
viggo-challenge_train_20_percent-367,"inform(name[Need for Speed: The Run], release_year[2011], rating[average], genres[driving/racing], player_perspective[first person, third person])","The 2011 racing game, Need for Speed: The Run, was decent and offers both first and third person perspectives.","['The 2011 racing game, Need for Speed: The Run, was decent and offers both first and third person perspectives.']"
viggo-challenge_train_20_percent-368,"inform(name[Tomb Raider: The Angel of Darkness], rating[poor], genres[action-adventure, shooter], player_perspective[third person], has_multiplayer[no])","This poorly rated third person shooter game, Tomb Raider: The Angel of Darkness, takes you on an action-adventure story with no multiplayer capabilities.","['This poorly rated third person shooter game, Tomb Raider: The Angel of Darkness, takes you on an action-adventure story with no multiplayer capabilities.']"
viggo-challenge_train_20_percent-369,"inform(name[Age of Wonders II: The Wizard's Throne], rating[poor], genres[role-playing, turn-based strategy], player_perspective[bird view])",Age of Wonders II: The Wizard's Throne is a bird view role-playing turn-based strategy with poor ratings.,"[""Age of Wonders II: The Wizard's Throne is a bird view role-playing turn-based strategy with poor ratings.""]"
viggo-challenge_train_20_percent-370,"inform(name[Tony Hawk's Pro Skater 3], rating[average], genres[sport], platforms[PlayStation, Xbox, Nintendo, PC], has_linux_release[no], has_mac_release[yes])","Tony Hawk's Pro Skater 3 is a sport game. It has received average ratings and was released on PlayStation, Xbox, Nintendo, PC, with Mac support. It currently does not have a Linux release.","[""Tony Hawk's Pro Skater 3 is a sport game. It has received average ratings and was released on PlayStation, Xbox, Nintendo, PC, with Mac support. It currently does not have a Linux release.""]"
viggo-challenge_train_20_percent-371,"inform(name[Final Fantasy VII], release_year[1997], rating[excellent], genres[adventure, role-playing], platforms[PlayStation, PC], has_linux_release[no], has_mac_release[no])","Final Fantasy VII is a truly excellent adventure role-playing game that was released in 1997. It is only available on PC and PlayStation, with no Linux or Mac releases.","['Final Fantasy VII is a truly excellent adventure role-playing game that was released in 1997. It is only available on PC and PlayStation, with no Linux or Mac releases.']"
viggo-challenge_train_20_percent-372,"inform(name[Resident Evil 4], release_year[2005], genres[action-adventure, shooter])",Resident Evil 4 is an action-adventure shooter from 2005.,['Resident Evil 4 is an action-adventure shooter from 2005.']
viggo-challenge_train_20_percent-373,"inform(name[BioShock], developer[2K Boston], genres[action-adventure, role-playing, shooter], has_multiplayer[no], platforms[PlayStation, Xbox, PC], has_linux_release[no], has_mac_release[yes])","Developed by 2K Boston, BioShock is a single-player shooter game that will have you role-playing through a well constructed action-adventure narrative. It is available for PlayStation, Xbox, Mac and PC, but is not available for Linux.","['Developed by 2K Boston, BioShock is a single-player shooter game that will have you role-playing through a well constructed action-adventure narrative. It is available for PlayStation, Xbox, Mac and PC, but is not available for Linux.']"
viggo-challenge_train_20_percent-374,"inform(name[StarCraft], genres[real-time strategy], platforms[PC])",StarCraft is a real-time strategy that has been released for PC only.,['StarCraft is a real-time strategy that has been released for PC only.']
viggo-challenge_train_20_percent-375,"inform(name[Spider-Man], exp_release_date[September 7, 2018], genres[action-adventure], platforms[PlayStation])","Spider-Man is an action-adventure game for PlayStation, with an expected release date of September 7, 2018.","['Spider-Man is an action-adventure game for PlayStation, with an expected release date of September 7, 2018.']"
viggo-challenge_train_20_percent-376,"inform(name[Metro 2033], rating[good], genres[action, role-playing, shooter], player_perspective[first person], has_multiplayer[no])","I would love to introduce you to Metro 2033 when we get home, since I know you are a stickler for exact information, I'll tell you that it's not multiplayer, so we can take turns, it's in first person perspective, and it's an action role-playing shooter. I'll even tell you that it has a good rating.","[""I would love to introduce you to Metro 2033 when we get home, since I know you are a stickler for exact information, I'll tell you that it's not multiplayer, so we can take turns, it's in first person perspective, and it's an action role-playing shooter. I'll even tell you that it has a good rating.""]"
viggo-challenge_train_20_percent-377,"inform(name[Mass Effect 2], release_year[2010], rating[excellent], genres[action-adventure, role-playing, shooter], player_perspective[third person], has_multiplayer[no], platforms[PlayStation, Xbox, PC], available_on_steam[yes])","Mass Effect 2 is an excellent single-player action-adventure game developed for the PlayStation, Xbox, and PC in 2010. The third person shooter incorporates role-playing elements and is currently available on Steam.","['Mass Effect 2 is an excellent single-player action-adventure game developed for the PlayStation, Xbox, and PC in 2010. The third person shooter incorporates role-playing elements and is currently available on Steam.']"
viggo-challenge_train_20_percent-378,"inform(name[Superhot], genres[indie, shooter, tactical], player_perspective[first person], platforms[PlayStation, Xbox, PC], available_on_steam[yes], has_linux_release[yes], has_mac_release[yes])","Superhot is an indie first person tactical shooter. It runs on PlayStation, Xbox, PC, Mac and Linux. It is also available on Steam.","['Superhot is an indie first person tactical shooter. It runs on PlayStation, Xbox, PC, Mac and Linux. It is also available on Steam.']"
viggo-challenge_train_20_percent-379,"inform(name[Metroid Prime Pinball], release_year[2005], esrb[E (for Everyone)], rating[average], genres[pinball, puzzle], platforms[Nintendo])","Metroid Prime Pinball is a decent pinball puzzle game that came out in 2005. It's available on Nintendo consoles, and is rated E (for Everyone).","[""Metroid Prime Pinball is a decent pinball puzzle game that came out in 2005. It's available on Nintendo consoles, and is rated E (for Everyone).""]"
viggo-challenge_train_20_percent-380,"inform(name[Tom Clancy's Splinter Cell: Chaos Theory], rating[good], genres[action, tactical], player_perspective[first person, third person], platforms[PlayStation, Xbox, Nintendo, PC], has_linux_release[no], has_mac_release[no])","Tom Clancy's Splinter Cell: Chaos Theory is a good tactical action game that was never released on Mac or Linux, but it's available on PlayStation, Xbox, Nintendo, and PC. You can play in first or third person.","[""Tom Clancy's Splinter Cell: Chaos Theory is a good tactical action game that was never released on Mac or Linux, but it's available on PlayStation, Xbox, Nintendo, and PC. You can play in first or third person.""]"
viggo-challenge_train_20_percent-381,"inform(name[Ori and the Blind Forest], release_year[2015], developer[Moon Studios], genres[adventure, platformer, puzzle], player_perspective[side view], has_multiplayer[no], platforms[Xbox, PC], available_on_steam[yes])","Ori and the Blind Forest from Moon Studios came out in 2015. It has no multiplayer, but is a side view adventure puzzle platformer on Xbox and PC through Steam.","['Ori and the Blind Forest from Moon Studios came out in 2015. It has no multiplayer, but is a side view adventure puzzle platformer on Xbox and PC through Steam.']"
viggo-challenge_train_20_percent-382,"inform(name[Half-Life 2], release_year[2004], rating[excellent], genres[shooter], platforms[PlayStation, Xbox, PC], available_on_steam[yes], has_linux_release[yes], has_mac_release[yes])","Half-Life 2 is a shooter game released in 2004 on PlayStation, Xbox, as well as PC via Steam. It is also available for Linux and Mac and has excellent user ratings.","['Half-Life 2 is a shooter game released in 2004 on PlayStation, Xbox, as well as PC via Steam. It is also available for Linux and Mac and has excellent user ratings.']"
viggo-challenge_train_20_percent-383,"inform(name[Super Bomberman], release_year[1993], genres[action, strategy], has_multiplayer[no], platforms[Nintendo, PC], available_on_steam[no], has_linux_release[no], has_mac_release[no])","Super Bomberman is this single-player Nintendo game from 1993 full of action and strategy. You can also play on PC, however, you can't get it on Steam, nor Linux or Mac.","[""Super Bomberman is this single-player Nintendo game from 1993 full of action and strategy. You can also play on PC, however, you can't get it on Steam, nor Linux or Mac.""]"
viggo-challenge_train_20_percent-384,"inform(name[Bus Driver], esrb[E (for Everyone)], rating[poor], genres[driving/racing, indie, simulation], platforms[PC], available_on_steam[yes], has_linux_release[no], has_mac_release[no])","Bus Driver is a poor indie driving simulation game. The game is rated E (for Everyone) and is for PC only. This game is available on Steam, but not for Mac or Linux.","['Bus Driver is a poor indie driving simulation game. The game is rated E (for Everyone) and is for PC only. This game is available on Steam, but not for Mac or Linux.']"
viggo-challenge_train_20_percent-385,"inform(name[Need for Speed: Payback], release_year[2017], rating[poor], genres[driving/racing], platforms[PlayStation, Xbox, PC], available_on_steam[no], has_linux_release[no], has_mac_release[no])","Need for Speed: Payback is a poorly-rated driving/racing game from 2017. It runs on PlayStation, Xbox, and PC. It is not out on Mac or Linux, and is not on Steam.","['Need for Speed: Payback is a poorly-rated driving/racing game from 2017. It runs on PlayStation, Xbox, and PC. It is not out on Mac or Linux, and is not on Steam.']"
viggo-challenge_train_20_percent-386,"inform(name[Uncharted 4: A Thief's End], release_year[2016], developer[Naughty Dog], rating[excellent], genres[action-adventure, shooter], player_perspective[third person], has_multiplayer[yes], platforms[PlayStation])",Naughty Dog released Uncharted 4: A Thief's End for the PlayStation in 2016. It's an excellent third person shooter action-adventure game with multiplayer.,"[""Naughty Dog released Uncharted 4: A Thief's End for the PlayStation in 2016. It's an excellent third person shooter action-adventure game with multiplayer.""]"
viggo-challenge_train_20_percent-387,"inform(name[Tony Hawk's Pro Skater 3], developer[Neversoft Entertainment], genres[sport], platforms[PlayStation, Xbox, Nintendo, PC], available_on_steam[no], has_linux_release[no], has_mac_release[yes])","I recently played the sports game Tony Hawk's Pro Skater 3. It was made by the developer Neversoft Entertainment for PlayStation, Xbox, Nintendo, as well as PC via Steam. It was not released for Linux, but it has a Mac support.","[""I recently played the sports game Tony Hawk's Pro Skater 3. It was made by the developer Neversoft Entertainment for PlayStation, Xbox, Nintendo, as well as PC via Steam. It was not released for Linux, but it has a Mac support.""]"
viggo-challenge_train_20_percent-388,"inform(name[Bus Driver], esrb[E (for Everyone)], rating[poor], genres[driving/racing, indie, simulation], platforms[PC], available_on_steam[yes], has_linux_release[no], has_mac_release[no])","Bus Driver is an indie driving simulation with overall negative ratings. It is rated E (for Everyone), and is available on PC, as well as Steam. However, it does not run on Mac or Linux.","['Bus Driver is an indie driving simulation with overall negative ratings. It is rated E (for Everyone), and is available on PC, as well as Steam. However, it does not run on Mac or Linux.']"
viggo-challenge_train_20_percent-389,"inform(name[RollerCoaster Tycoon], developer[MicroProse], genres[simulation, strategy], player_perspective[bird view], platforms[Xbox, PC], has_linux_release[yes], has_mac_release[no])","RollerCoaster Tycoon is a simulation strategy game by MicroProse. The game offers a bird view and is on Xbox and PC, including Linux systems, however, with no Mac support.","['RollerCoaster Tycoon is a simulation strategy game by MicroProse. The game offers a bird view and is on Xbox and PC, including Linux systems, however, with no Mac support.']"
viggo-challenge_train_20_percent-390,"inform(name[Outlast II], rating[average], genres[adventure, indie], platforms[PlayStation, Xbox, Nintendo Switch, PC], has_linux_release[no], has_mac_release[yes])","If you're looking for an indie adventure game, try Outlast II. It has received average ratings, and you can play it on PlayStation, Xbox, Nintendo Switch or PC. Though it doesn't have a Linux release, you can play it on Mac as well.","[""If you're looking for an indie adventure game, try Outlast II. It has received average ratings, and you can play it on PlayStation, Xbox, Nintendo Switch or PC. Though it doesn't have a Linux release, you can play it on Mac as well.""]"
viggo-challenge_train_20_percent-391,"inform(name[Little Big Adventure], release_year[1994], rating[average], genres[action-adventure], platforms[PlayStation, PC], available_on_steam[yes], has_linux_release[no], has_mac_release[yes])","Little Big Adventure is an average-rated 1994 action-adventure game. It's available on PlayStation, PC, and Mac, but not Linux. You can buy it on Steam.","[""Little Big Adventure is an average-rated 1994 action-adventure game. It's available on PlayStation, PC, and Mac, but not Linux. You can buy it on Steam.""]"
viggo-challenge_train_20_percent-392,"inform(name[Transport Tycoon], release_year[1994], rating[average], genres[simulation, strategy])",Transport Tycoon is an average simulation strategy game released in 1994.,['Transport Tycoon is an average simulation strategy game released in 1994.']
viggo-challenge_train_20_percent-393,"inform(name[Dance Dance Revolution Universe 3], developer[Konami], esrb[E (for Everyone)], rating[poor], genres[music], platforms[Xbox])",Dance Dance Revolution Universe 3 is a poorly rated music game. It is rated E (for Everyone). It was made by Konami and runs on Xbox only.,['Dance Dance Revolution Universe 3 is a poorly rated music game. It is rated E (for Everyone). It was made by Konami and runs on Xbox only.']
viggo-challenge_train_20_percent-394,"inform(name[Dance Dance Revolution Universe 3], release_year[2008], developer[Konami], esrb[E (for Everyone)], rating[poor], genres[music], platforms[Xbox])","Dance Dance Revolution Universe 3 is a 2008 Xbox music game released by Konami. It is rated E (for Everyone), but it has poor ratings.","['Dance Dance Revolution Universe 3 is a 2008 Xbox music game released by Konami. It is rated E (for Everyone), but it has poor ratings.']"
viggo-challenge_train_20_percent-395,"inform(name[Never Alone], rating[average], genres[adventure, indie, platformer], player_perspective[side view])",Never Alone is an indie adventure platformer with average ratings. It is played side view.,['Never Alone is an indie adventure platformer with average ratings. It is played side view.']
viggo-challenge_train_20_percent-396,"inform(name[Mirror's Edge Catalyst], developer[EA Digital Illusions CE], genres[action-adventure, fighting])",Mirror's Edge Catalyst is an action-adventure fighting game by EA Digital Illusions CE.,"[""Mirror's Edge Catalyst is an action-adventure fighting game by EA Digital Illusions CE.""]"
viggo-challenge_train_20_percent-397,"inform(name[Little Big Adventure], release_year[1994], esrb[T (for Teen)], rating[average], genres[action-adventure], player_perspective[third person], has_multiplayer[no])","The action-adventure game from 1994, Little Big Adventure, was rated T (for Teen). This game is played from a third person view, has no multiplayer, and received only average ratings.","['The action-adventure game from 1994, Little Big Adventure, was rated T (for Teen). This game is played from a third person view, has no multiplayer, and received only average ratings.']"
viggo-challenge_train_20_percent-398,"inform(name[Little Nightmares], release_year[2017], rating[good], genres[adventure, platformer, puzzle], player_perspective[side view], has_multiplayer[no])","A good puzzle adventure platformer with side view perspective is Little Nightmares, which came out in 2017. It does not have multiplayer.","['A good puzzle adventure platformer with side view perspective is Little Nightmares, which came out in 2017. It does not have multiplayer.']"
viggo-challenge_train_20_percent-399,"inform(name[Need for Speed: Shift], rating[average], genres[driving/racing, simulation], player_perspective[first person, third person])",Need for Speed: Shift is a driving/racing simulation game that most people considered to be average. One of the cool features is the ability to switch from first person to third person perspective while you play.,['Need for Speed: Shift is a driving/racing simulation game that most people considered to be average. One of the cool features is the ability to switch from first person to third person perspective while you play.']
viggo-challenge_train_20_percent-400,"inform(name[Tom Clancy's Splinter Cell: Chaos Theory], release_year[2005], rating[good], genres[action, tactical], player_perspective[first person, third person])",Tom Clancy's Splinter Cell: Chaos Theory is a good action-tactical game released in 2005. The game allows the player to switch between first person and third person perspectives.,"[""Tom Clancy's Splinter Cell: Chaos Theory is a good action-tactical game released in 2005. The game allows the player to switch between first person and third person perspectives.""]"
viggo-challenge_train_20_percent-401,"inform(name[MotorStorm: Apocalypse], genres[vehicular combat], platforms[PlayStation])",MotorStorm: Apocalypse is a vehicular combat game exclusively for PlayStation.,['MotorStorm: Apocalypse is a vehicular combat game exclusively for PlayStation.']
viggo-challenge_train_20_percent-402,"inform(name[Worms: Reloaded], genres[action, platformer, strategy], platforms[PC], has_linux_release[yes], has_mac_release[yes])",Worms: Reloaded is an action platformer game for PC. The strategy game is available on Linux and Mac as well.,['Worms: Reloaded is an action platformer game for PC. The strategy game is available on Linux and Mac as well.']
viggo-challenge_train_20_percent-403,"inform(name[Mafia], release_year[2002], esrb[M (for Mature)], rating[excellent], genres[driving/racing, fighting, shooter], player_perspective[third person])",Mafia is an excellent driving/racing and fighting third person shooter that was out in 2002 with an M (for Mature) rating.,['Mafia is an excellent driving/racing and fighting third person shooter that was out in 2002 with an M (for Mature) rating.']
viggo-challenge_train_20_percent-404,"inform(name[World of Warcraft], release_year[2004], developer[Blizzard Entertainment], genres[adventure, MMORPG], player_perspective[third person])",World of Warcraft by Blizzard Entertainment was released in 2004. It's an adventure MMORPG that is played in the third person.,"[""World of Warcraft by Blizzard Entertainment was released in 2004. It's an adventure MMORPG that is played in the third person.""]"
viggo-challenge_train_20_percent-405,"inform(name[FIFA 12], release_year[2011], esrb[E (for Everyone)], rating[average], genres[simulation, sport], player_perspective[bird view, side view])",FIFA 12 is an average sport simulation that is rated E (for Everyone). This game came out in 2011 and has a bird view or side view perspective.,['FIFA 12 is an average sport simulation that is rated E (for Everyone). This game came out in 2011 and has a bird view or side view perspective.']
viggo-challenge_train_20_percent-406,"inform(name[Silent Hill 2], esrb[M (for Mature)], genres[action-adventure, puzzle])",Silent Hill 2 is an action-adventure puzzle game. It is rated M (for Mature).,['Silent Hill 2 is an action-adventure puzzle game. It is rated M (for Mature).']
viggo-challenge_train_20_percent-407,"inform(name[Lara Croft and the Temple of Osiris], genres[action-adventure, puzzle, shooter], platforms[PlayStation, Xbox, PC], has_linux_release[no], has_mac_release[no])","Lara Croft and the Temple of Osiris is an action-adventure, puzzle shooter game. It's available for PlayStation, Xbox, and PC, but was not released for Linux or Mac.","[""Lara Croft and the Temple of Osiris is an action-adventure, puzzle shooter game. It's available for PlayStation, Xbox, and PC, but was not released for Linux or Mac.""]"
viggo-challenge_train_20_percent-408,"inform(name[Horizon: Zero Dawn], release_year[2017], esrb[T (for Teen)], genres[action-adventure, role-playing, shooter], player_perspective[third person], has_multiplayer[no], platforms[PlayStation])","Horizon: Zero Dawn is a role-playing third person shooter game from 2017 with a lot of action and adventure. It is a PlayStation exclusive game with no multiplayer options, and it's suitable for teenagers.","[""Horizon: Zero Dawn is a role-playing third person shooter game from 2017 with a lot of action and adventure. It is a PlayStation exclusive game with no multiplayer options, and it's suitable for teenagers.""]"
viggo-challenge_train_20_percent-409,"inform(name[Need for Speed: Payback], release_year[2017], genres[driving/racing], player_perspective[third person], has_multiplayer[yes], platforms[PlayStation, Xbox, PC], has_linux_release[no], has_mac_release[no])","Need for Speed: Payback is a third person driving/racing game with a multiplayer mode. It came out in 2017 for PlayStation, Xbox, and PC, but it is not available on Mac or Linux.","['Need for Speed: Payback is a third person driving/racing game with a multiplayer mode. It came out in 2017 for PlayStation, Xbox, and PC, but it is not available on Mac or Linux.']"
viggo-challenge_train_20_percent-410,"inform(name[MotorStorm: Apocalypse], release_year[2011], genres[vehicular combat], player_perspective[third person], has_multiplayer[yes], platforms[PlayStation])","MotorStorm: Apocalypse was released in the year 2011 on the PlayStation only. It's a vehicular combat game through the third person perspective, and it has multiplayer mode.","[""MotorStorm: Apocalypse was released in the year 2011 on the PlayStation only. It's a vehicular combat game through the third person perspective, and it has multiplayer mode.""]"
viggo-challenge_train_20_percent-411,"inform(name[The Elder Scrolls V: Skyrim], esrb[M (for Mature)], rating[good], genres[adventure, role-playing])",One of the good adventure role-playing games I recently played is The Elder Scrolls V: Skyrim. The game is restricted to mature audiences only.,['One of the good adventure role-playing games I recently played is The Elder Scrolls V: Skyrim. The game is restricted to mature audiences only.']
viggo-challenge_train_20_percent-412,"inform(name[The Last of Us], developer[Naughty Dog], esrb[M (for Mature)], rating[excellent], genres[action-adventure, shooter], player_perspective[third person], has_multiplayer[yes], platforms[PlayStation])","The Last of Us is an action-adventure shooter on PlayStation. Developed by Naughty Dog, it's rated M (for Mature). With a third person perspective and multiplayer options, it has earned excellent ratings.","[""The Last of Us is an action-adventure shooter on PlayStation. Developed by Naughty Dog, it's rated M (for Mature). With a third person perspective and multiplayer options, it has earned excellent ratings.""]"
viggo-challenge_train_20_percent-413,"inform(name[Transport Tycoon], release_year[1994], developer[Chris Sawyer], genres[simulation, strategy], player_perspective[bird view])","Transport Tycoon, by developer Chris Sawyer, is a simulation strategy game from a bird view perspective. It was released in 1994.","['Transport Tycoon, by developer Chris Sawyer, is a simulation strategy game from a bird view perspective. It was released in 1994.']"
viggo-challenge_train_20_percent-414,"inform(name[Nightshade], release_year[2017], genres[text adventure])",Nightshade is a text adventure game that came out in 2017.,['Nightshade is a text adventure game that came out in 2017.']
viggo-challenge_train_20_percent-415,"inform(name[Need for Speed: Payback], esrb[T (for Teen)], rating[poor], genres[driving/racing], has_multiplayer[yes], platforms[PlayStation, Xbox, PC], has_linux_release[no], has_mac_release[no])","The PlayStation and Xbox game, Need for Speed: Payback, is a suitable game for teenagers, as it offers driving/racing multiplayer features. While the game is not an option for Linux or Mac users, it is available for PC despite the poor ratings.","['The PlayStation and Xbox game, Need for Speed: Payback, is a suitable game for teenagers, as it offers driving/racing multiplayer features. While the game is not an option for Linux or Mac users, it is available for PC despite the poor ratings.']"
viggo-challenge_train_20_percent-416,"inform(name[MotorStorm: Apocalypse], release_year[2011], developer[Evolution Studios], esrb[T (for Teen)], rating[poor], genres[vehicular combat], player_perspective[third person], platforms[PlayStation])",MotorStorm: Apocalypse is a poorly reviewed 2011 game. It is a third person vehicular combat game that was made for PlayStation. It was developed by Evolution Studios and was rated T.,['MotorStorm: Apocalypse is a poorly reviewed 2011 game. It is a third person vehicular combat game that was made for PlayStation. It was developed by Evolution Studios and was rated T.']
viggo-challenge_train_20_percent-417,"inform(name[NHL 15], esrb[E 10+ (for Everyone 10 and Older)], rating[average], genres[simulation, sport], player_perspective[bird view])",NHL 15 was released with an E 10+ (for Everyone 10 and Older) rating. It's an average simulation sport game that is played from a bird view.,"[""NHL 15 was released with an E 10+ (for Everyone 10 and Older) rating. It's an average simulation sport game that is played from a bird view.""]"
viggo-challenge_train_20_percent-418,"inform(name[MotorStorm: Apocalypse], release_year[2011], developer[Evolution Studios], esrb[T (for Teen)], rating[poor], genres[vehicular combat], player_perspective[third person], platforms[PlayStation])","MotorStorm: Apocalypse was developed by Evolution Studios, and was released in 2011 with a rating of T (for Teen). It's a poor third person vehicular combat game for PlayStation.","[""MotorStorm: Apocalypse was developed by Evolution Studios, and was released in 2011 with a rating of T (for Teen). It's a poor third person vehicular combat game for PlayStation.""]"
viggo-challenge_train_20_percent-419,"inform(name[The Sims], esrb[T (for Teen)], rating[good], genres[simulation, strategy], player_perspective[bird view], has_multiplayer[no])","The Sims is a simulation strategy game that gives the player a bird view perspective. It has good likability and is rated T (for Teen). There is no multiplayer, however.","['The Sims is a simulation strategy game that gives the player a bird view perspective. It has good likability and is rated T (for Teen). There is no multiplayer, however.']"
viggo-challenge_train_20_percent-420,"inform(name[Age of Wonders II: The Wizard's Throne], release_year[2002], genres[role-playing, turn-based strategy], platforms[PC], has_linux_release[no], has_mac_release[no])","Age of Wonders II: The Wizard's Throne is a role-playing turn-based strategy that was released for PC only, but does not have a Linux or Mac release. It was released in 2002.","[""Age of Wonders II: The Wizard's Throne is a role-playing turn-based strategy that was released for PC only, but does not have a Linux or Mac release. It was released in 2002.""]"
viggo-challenge_train_20_percent-421,"inform(name[Nightshade], developer[Red Entertainment Corporation], genres[text adventure], platforms[PC], available_on_steam[yes], has_linux_release[no], has_mac_release[no])","Red Entertainment Corporation developed Nightshade, a text adventure game for PC only. It is available on Steam, but there is no Linux or Mac release.","['Red Entertainment Corporation developed Nightshade, a text adventure game for PC only. It is available on Steam, but there is no Linux or Mac release.']"
viggo-challenge_train_20_percent-422,"inform(name[Tetris], genres[arcade, puzzle, strategy], player_perspective[side view])",Tetris is a side view arcade puzzle and strategy game.,['Tetris is a side view arcade puzzle and strategy game.']
viggo-challenge_train_20_percent-423,"inform(name[Little Big Adventure], release_year[1994], esrb[T (for Teen)], rating[average], genres[action-adventure], player_perspective[third person], has_multiplayer[no])",Little Big Adventure is an average third person action-adventure game released in 1994. It is rated T (for Teen) and does not feature multiplayer.,['Little Big Adventure is an average third person action-adventure game released in 1994. It is rated T (for Teen) and does not feature multiplayer.']
viggo-challenge_train_20_percent-424,"inform(name[World of Warcraft: Battle for Azeroth], exp_release_date[August 14, 2018], genres[MMORPG], platforms[PC])","World of Warcraft: Battle for Azeroth is an MMORPG game and is expected to be released on August 14, 2018. It will be available exclusively on PC.","['World of Warcraft: Battle for Azeroth is an MMORPG game and is expected to be released on August 14, 2018. It will be available exclusively on PC.']"
viggo-challenge_train_20_percent-425,"inform(name[FIFA 12], rating[average], genres[simulation, sport], platforms[PlayStation, Xbox, Nintendo, PC], has_linux_release[no], has_mac_release[yes])","FIFA 12 is a sport simulation game with average ratings. It is on PlayStation, Xbox, Nintendo, and PC. It is supported by Mac, but it is not on Linux.","['FIFA 12 is a sport simulation game with average ratings. It is on PlayStation, Xbox, Nintendo, and PC. It is supported by Mac, but it is not on Linux.']"
viggo-challenge_train_20_percent-426,"inform(name[Little Big Adventure], release_year[1994], genres[action-adventure], player_perspective[third person])",Little Big Adventure is a third person action-adventure game released in 1994.,['Little Big Adventure is a third person action-adventure game released in 1994.']
viggo-challenge_train_20_percent-427,"inform(name[NBA 2K16], release_year[2015], rating[good], genres[sport], has_multiplayer[yes], platforms[PlayStation, Xbox, PC], available_on_steam[yes])","NBA 2k16 was released in 2015 with good reviews. The sport game is available on PlayStation and Xbox consoles, and on PC through the Steam store. This game also has a multiplayer mode available.","['NBA 2k16 was released in 2015 with good reviews. The sport game is available on PlayStation and Xbox consoles, and on PC through the Steam store. This game also has a multiplayer mode available.']"
viggo-challenge_train_20_percent-428,"inform(name[World of Warcraft], release_year[2004], rating[good], genres[adventure, MMORPG], player_perspective[third person], platforms[PC], available_on_steam[no])",World of Warcraft is an adventure massively multiplayer online role-playing game released in 2004 by Blizzard Entertainment. The third person MMORPG with good ratings is available for PC on Blizzard's launcher with no release on Steam.,"[""World of Warcraft is an adventure massively multiplayer online role-playing game released in 2004 by Blizzard Entertainment. The third person MMORPG with good ratings is available for PC on Blizzard's launcher with no release on Steam.""]"
viggo-challenge_train_20_percent-429,"inform(name[Mafia], release_year[2002], developer[Illusion Softworks], esrb[M (for Mature)], rating[excellent], genres[driving/racing, fighting, shooter], player_perspective[third person])",Mafia is an excellent driving and fighting third person shooter. It was released in 2002 with an M rating and was developed by Illusion Softworks.,['Mafia is an excellent driving and fighting third person shooter. It was released in 2002 with an M rating and was developed by Illusion Softworks.']
viggo-challenge_train_20_percent-430,"inform(name[Uncharted 4: A Thief's End], release_year[2016], rating[excellent], genres[action-adventure, shooter], player_perspective[third person], platforms[PlayStation])","If you have a PlayStation, I have an action-adventure third person shooter that you cannot pass up. With its excellent rating, Uncharted 4: A Thief's End is a must-play-now if you haven't played it since it was released in 2016.","[""If you have a PlayStation, I have an action-adventure third person shooter that you cannot pass up. With its excellent rating, Uncharted 4: A Thief's End is a must-play-now if you haven't played it since it was released in 2016.""]"
viggo-challenge_train_20_percent-431,"inform(name[Metroid Prime Pinball], release_year[2005], esrb[E (for Everyone)], rating[average], genres[pinball, puzzle], has_multiplayer[yes], platforms[Nintendo])",The 2005 Nintendo title Metroid Prime Pinball is a decent title rated E (for Everyone). The pinball puzzler boasts multiplayer mode.,['The 2005 Nintendo title Metroid Prime Pinball is a decent title rated E (for Everyone). The pinball puzzler boasts multiplayer mode.']
viggo-challenge_train_20_percent-432,"inform(name[MotorStorm: Apocalypse], release_year[2011], esrb[T (for Teen)], genres[vehicular combat])",MotorStorm: Apocalypse is a vehicular combat game from 2011 that is rated T (for Teen).,['MotorStorm: Apocalypse is a vehicular combat game from 2011 that is rated T (for Teen).']
viggo-challenge_train_20_percent-433,"inform(name[Rocket League], release_year[2015], esrb[E (for Everyone)], genres[sport, vehicular combat], has_multiplayer[yes])","If you're looking for a game that's rated E (for Everyone), the multiplayer game, Rocket League, will have you playing with your family for hours. It's a vehicular combat sports game from 2015.","[""If you're looking for a game that's rated E (for Everyone), the multiplayer game, Rocket League, will have you playing with your family for hours. It's a vehicular combat sports game from 2015.""]"
viggo-challenge_train_20_percent-434,"inform(name[The Vanishing of Ethan Carter], esrb[M (for Mature)], rating[average], genres[adventure, indie])",The Vanishing of Ethan Carter is an average indie adventure game that was rated M (for Mature).,['The Vanishing of Ethan Carter is an average indie adventure game that was rated M (for Mature).']
viggo-challenge_train_20_percent-435,"inform(name[Nightshade], release_year[2017], genres[text adventure], platforms[PC], has_linux_release[no], has_mac_release[no])",Nightshade is a text adventure game released in 2017 for PC only. It is not on Linux or Mac.,['Nightshade is a text adventure game released in 2017 for PC only. It is not on Linux or Mac.']
viggo-challenge_train_20_percent-436,"inform(name[The Wolf Among Us], genres[adventure, point-and-click], platforms[PlayStation, Xbox, PC], has_linux_release[no], has_mac_release[yes])","The Wolf Among us is an adventure game only available on PlayStation, Xbox and PC. The point-and-click game is not available on Linux but is available on the Mac.","['The Wolf Among us is an adventure game only available on PlayStation, Xbox and PC. The point-and-click game is not available on Linux but is available on the Mac.']"
viggo-challenge_train_20_percent-437,"inform(name[Stronghold 2], release_year[2005], genres[real-time strategy, simulation], has_multiplayer[yes])",Stronghold 2 is a real-time strategy simulation game released in 2005 with multiplayer support.,['Stronghold 2 is a real-time strategy simulation game released in 2005 with multiplayer support.']
viggo-challenge_train_20_percent-438,"inform(name[Resident Evil 4], esrb[M (for Mature)], genres[action-adventure, shooter], platforms[PlayStation, Xbox, Nintendo, PC], available_on_steam[yes], has_linux_release[no], has_mac_release[no])","Rated M (for Mature), Resident Evil 4 is an action-adventure shooter jam packed full of thrilling moments. Available on the PlayStation, Xbox, Nintendo, and the PC platforms (through Steam), but has no Mac or Linux release in sight.","['Rated M (for Mature), Resident Evil 4 is an action-adventure shooter jam packed full of thrilling moments. Available on the PlayStation, Xbox, Nintendo, and the PC platforms (through Steam), but has no Mac or Linux release in sight.']"
viggo-challenge_train_20_percent-439,"inform(name[Need for Speed: The Run], esrb[T (for Teen)], genres[driving/racing], player_perspective[first person, third person])",Need for Speed: The Run was released with a T (for Teen) rating. It is a driving/racing game that offers a first person and third person mode.,['Need for Speed: The Run was released with a T (for Teen) rating. It is a driving/racing game that offers a first person and third person mode.']
viggo-challenge_train_20_percent-440,"inform(name[Silent Hill 2], release_year[2001], genres[action-adventure, puzzle], player_perspective[third person], has_multiplayer[no])","If you like single-player action-adventure puzzle games with third person view, try Silent Hill 2. It was released in 2001.","['If you like single-player action-adventure puzzle games with third person view, try Silent Hill 2. It was released in 2001.']"
viggo-challenge_train_20_percent-441,"inform(name[The Vanishing of Ethan Carter], release_year[2014], esrb[M (for Mature)], rating[average], genres[adventure, indie])","The Vanishing of Ethan Carter was mostly just okay. It's your average indie-adventure title that came out in 2014. Be aware it's not a children's game, and has an M-rating.","[""The Vanishing of Ethan Carter was mostly just okay. It's your average indie-adventure title that came out in 2014. Be aware it's not a children's game, and has an M-rating.""]"
viggo-challenge_train_20_percent-442,"inform(name[Tony Hawk's Pro Skater 3], release_year[2001], developer[Neversoft Entertainment], esrb[T (for Teen)], rating[average], genres[sport], player_perspective[third person])",Tony Hawk's Pro Skater 3 by Neversoft Entertainment was an average sport game. It was released in 2001 is rated T. It has a third person perspective.,"[""Tony Hawk's Pro Skater 3 by Neversoft Entertainment was an average sport game. It was released in 2001 is rated T. It has a third person perspective.""]"
viggo-challenge_train_20_percent-443,"inform(name[Ori and the Blind Forest], genres[adventure, platformer, puzzle], has_multiplayer[no])","If you want an adventure puzzle platformer with no multiplayer, try Ori and the Blind Forest.","['If you want an adventure puzzle platformer with no multiplayer, try Ori and the Blind Forest.']"
viggo-challenge_train_20_percent-444,"inform(name[The Sims], genres[simulation, strategy], has_multiplayer[no], platforms[PlayStation, Xbox, Nintendo, PC], available_on_steam[no])","The sims is a simulation, strategy game. The game does not offer a multiplayer mode. It is available for PlayStation, Xbox, Nintendo, and PC, but you can't get it on Steam.","[""The sims is a simulation, strategy game. The game does not offer a multiplayer mode. It is available for PlayStation, Xbox, Nintendo, and PC, but you can't get it on Steam.""]"
viggo-challenge_train_20_percent-445,"inform(name[Super Mario World], release_year[1990], genres[platformer], player_perspective[side view], has_multiplayer[yes])",Super Mario World is a 1990 side view multiplayer platformer.,['Super Mario World is a 1990 side view multiplayer platformer.']
viggo-challenge_train_20_percent-446,"inform(name[Portal 2], release_year[2011], genres[platformer, puzzle, shooter], player_perspective[first person])",It's hard to believe Portal 2 came out all the way back in 2011. It really redefined the first person platforming puzzle shooter genre.,"[""It's hard to believe Portal 2 came out all the way back in 2011. It really redefined the first person platforming puzzle shooter genre.""]"
viggo-challenge_train_20_percent-447,"inform(name[Metro 2033], rating[good], genres[action, role-playing, shooter], player_perspective[first person], has_multiplayer[no])","I've heard about Metro 2033 recently, an action first person shooter with good ratings, where you get to role-play too. It's single-player, which is no problem for me.","[""I've heard about Metro 2033 recently, an action first person shooter with good ratings, where you get to role-play too. It's single-player, which is no problem for me.""]"
viggo-challenge_train_20_percent-448,"inform(name[Diablo II], release_year[2000], rating[good], genres[hack-and-slash, role-playing], has_multiplayer[yes], platforms[PC], has_linux_release[no], has_mac_release[yes])","A good hack-and-slash, role-playing game is Diablo II released in 2000. It has a multiplayer mode. It came out on PC and Mac but not on Linux.","['A good hack-and-slash, role-playing game is Diablo II released in 2000. It has a multiplayer mode. It came out on PC and Mac but not on Linux.']"
viggo-challenge_train_20_percent-449,"inform(name[Alan Wake's American Nightmare], release_year[2012], esrb[T (for Teen)], rating[poor], genres[action-adventure, shooter], player_perspective[third person])",Alan Wake's American Nightmare was released in 2012 with a T (for Teen) rating. It is rated poor. It is a third person action-adventure shooter game.,"[""Alan Wake's American Nightmare was released in 2012 with a T (for Teen) rating. It is rated poor. It is a third person action-adventure shooter game.""]"
viggo-challenge_train_20_percent-450,"inform(name[Lara Croft and the Temple of Osiris], rating[average], genres[action-adventure, puzzle, shooter], player_perspective[bird view])",Lara Croft and the Temple of Osiris is an average action-adventure puzzle game. The shooter is played in the bird view.,['Lara Croft and the Temple of Osiris is an average action-adventure puzzle game. The shooter is played in the bird view.']
viggo-challenge_train_20_percent-451,"inform(name[Mirror's Edge Catalyst], developer[EA Digital Illusions CE], genres[action-adventure, fighting], platforms[PlayStation, Xbox, PC], available_on_steam[no], has_linux_release[yes], has_mac_release[no])","EA Digital Illusions CE made Mirror's Edge Catalyst, and action-adventure fighting game, for both PlayStation and Xbox. If you have a PC, you can play it too, but unfortunately not on Steam. The game is not available for Mac users, but it has a Linux release.","[""EA Digital Illusions CE made Mirror's Edge Catalyst, and action-adventure fighting game, for both PlayStation and Xbox. If you have a PC, you can play it too, but unfortunately not on Steam. The game is not available for Mac users, but it has a Linux release.""]"
viggo-challenge_train_20_percent-452,"inform(name[RollerCoaster Tycoon], developer[MicroProse], genres[simulation, strategy], player_perspective[bird view], platforms[Xbox, PC], has_linux_release[yes], has_mac_release[no])","RollerCoaster Tycoon is a simulation strategy game with a bird's eye view for the player. It was developed by Microprose for Xbox and PC and also has a Linux release, though not one for Mac as well.","[""RollerCoaster Tycoon is a simulation strategy game with a bird's eye view for the player. It was developed by Microprose for Xbox and PC and also has a Linux release, though not one for Mac as well.""]"
viggo-challenge_train_20_percent-453,"inform(name[The Elder Scrolls Online], release_year[2014], developer[ZeniMax Online Studios], genres[MMORPG])","The Elder Scrolls Online, released in 2014, is an MMORPG developed by ZeniMax Online Studios.","['The Elder Scrolls Online, released in 2014, is an MMORPG developed by ZeniMax Online Studios.']"
viggo-challenge_train_20_percent-454,"inform(name[TrackMania Turbo], release_year[2016], rating[good], genres[arcade, driving/racing], platforms[PlayStation, Xbox, PC], available_on_steam[yes])","TrackMania Turbo is a 2016 arcade racing game. It is rated good and is available on PlayStation, Xbox, and PC and is also available on Steam.","['TrackMania Turbo is a 2016 arcade racing game. It is rated good and is available on PlayStation, Xbox, and PC and is also available on Steam.']"
viggo-challenge_train_20_percent-455,"inform(name[Max Payne], esrb[M (for Mature)], genres[action-adventure, shooter], player_perspective[third person])",Max Payne is a third person action-adventure shooter game. It's rated M.,"[""Max Payne is a third person action-adventure shooter game. It's rated M.""]"
viggo-challenge_train_20_percent-456,"inform(name[Trivial Pursuit], release_year[2009], rating[poor], genres[trivia/board game], platforms[PlayStation, Nintendo])",Trivial Pursuit is a poor trivia/board game which was released in 2009. You can play it on PlayStation or Nintendo.,['Trivial Pursuit is a poor trivia/board game which was released in 2009. You can play it on PlayStation or Nintendo.']
viggo-challenge_train_20_percent-457,"inform(name[Commandos: Behind Enemy Lines], release_year[1998], esrb[T (for Teen)], genres[strategy, tactical], has_multiplayer[yes])",Commandos: Behind Enemy Lines is a 1998 tactical game that involves strategy. The game offers multiplayer and is rated T (for Teen).,['Commandos: Behind Enemy Lines is a 1998 tactical game that involves strategy. The game offers multiplayer and is rated T (for Teen).']
viggo-challenge_train_20_percent-458,"inform(name[MotorStorm: Apocalypse], release_year[2011], genres[vehicular combat], player_perspective[third person], has_multiplayer[yes], platforms[PlayStation])","If you have a PlayStation and enjoy vehicular combat games that you can play mutiplayer with friends, you should try MotorStorm: Apocalypse. The game came out in 2011 and is played with third person perspective.","['If you have a PlayStation and enjoy vehicular combat games that you can play mutiplayer with friends, you should try MotorStorm: Apocalypse. The game came out in 2011 and is played with third person perspective.']"
viggo-challenge_train_20_percent-459,"inform(name[Ori and the Blind Forest], developer[Moon Studios], rating[excellent], genres[adventure, platformer, puzzle], has_multiplayer[no])","Ori and the Blind Forest by Moon Studios is a single-player adventure, puzzle platformer. It has excellent ratings.","['Ori and the Blind Forest by Moon Studios is a single-player adventure, puzzle platformer. It has excellent ratings.']"
viggo-challenge_train_20_percent-460,"inform(name[Small World 2], release_year[2010], developer[Days of Wonder], genres[indie, trivia/board game], has_multiplayer[yes])",Small World 2 is an indie trivia/board game that was developed by Days Of Wonder in 2010. It's a multiplayer game.,"[""Small World 2 is an indie trivia/board game that was developed by Days Of Wonder in 2010. It's a multiplayer game.""]"
viggo-challenge_train_20_percent-461,"inform(name[Euro Truck Simulator], release_year[2008], rating[poor], genres[driving/racing, simulation], player_perspective[first person], platforms[PC], available_on_steam[yes])","Euro Truck Simulator is a poor driving simulator from a first person perspective. The game came out in 2008, and is only available on PC. You can, of course, get it on Steam.","['Euro Truck Simulator is a poor driving simulator from a first person perspective. The game came out in 2008, and is only available on PC. You can, of course, get it on Steam.']"
viggo-challenge_train_20_percent-462,"inform(name[Might & Magic: Heroes VI], release_year[2011], genres[role-playing, turn-based strategy], platforms[PC], has_linux_release[no], has_mac_release[no])","Might & Magic: Heroes VI was released for the PC in 2011, but not for Linux or Mac. It's a role-playing turn-based strategy game.","[""Might & Magic: Heroes VI was released for the PC in 2011, but not for Linux or Mac. It's a role-playing turn-based strategy game.""]"
viggo-challenge_train_20_percent-463,"inform(name[Mirror's Edge Catalyst], release_year[2016], developer[EA Digital Illusions CE], esrb[T (for Teen)], rating[average], genres[action-adventure, fighting], player_perspective[first person])",Mirror's Edge Catalyst by EA Digital Illusions CE is from 2016. It is an average action-adventure fighting game rated T (for Teen) and has first person view.,"[""Mirror's Edge Catalyst by EA Digital Illusions CE is from 2016. It is an average action-adventure fighting game rated T (for Teen) and has first person view.""]"
viggo-challenge_train_20_percent-464,"inform(name[Skyforge], rating[poor], genres[adventure, hack-and-slash, MMORPG], player_perspective[third person], platforms[PlayStation, Xbox, PC], has_linux_release[no], has_mac_release[no])","Skyforge is a poor third person hack-and-slash adventure MMORPG. The game was released for PlayStation, Xbox and PC, but does not have a Linux or Mac release.","['Skyforge is a poor third person hack-and-slash adventure MMORPG. The game was released for PlayStation, Xbox and PC, but does not have a Linux or Mac release.']"
viggo-challenge_train_20_percent-465,"inform(name[Mafia], release_year[2002], esrb[M (for Mature)], rating[excellent], genres[driving/racing, fighting, shooter], player_perspective[third person])","In 2002 an excellent game called Mafia was released. It is a third person shooting, fighting and driving game. It is an adult game that's rated M (for Mature).","[""In 2002 an excellent game called Mafia was released. It is a third person shooting, fighting and driving game. It is an adult game that's rated M (for Mature).""]"
viggo-challenge_train_20_percent-466,"inform(name[Ori and the Blind Forest], release_year[2015], genres[adventure, platformer, puzzle], platforms[Xbox, PC], available_on_steam[yes], has_linux_release[no], has_mac_release[no])","The 2015 game Ori and the Blind Forest is an adventure puzzle platformer. It can be played on Xbox and your PC. It isn't available on Linux or Mac, but it was released on Steam.","[""The 2015 game Ori and the Blind Forest is an adventure puzzle platformer. It can be played on Xbox and your PC. It isn't available on Linux or Mac, but it was released on Steam.""]"
viggo-challenge_train_20_percent-467,"inform(name[Tony Hawk's Pro Skater 3], rating[average], genres[sport], platforms[PlayStation, Xbox, Nintendo, PC], has_linux_release[no], has_mac_release[yes])","Tony Hawk's Pro Skater 3 is a sports game developed for PlayStation, Xbox, Nintendo, and PC. The game was released to average critical reception. The game is currently available on major platforms including Mac, with no Linux release.","[""Tony Hawk's Pro Skater 3 is a sports game developed for PlayStation, Xbox, Nintendo, and PC. The game was released to average critical reception. The game is currently available on major platforms including Mac, with no Linux release.""]"
viggo-challenge_train_20_percent-468,"inform(name[Rocket League], genres[sport, vehicular combat], player_perspective[third person], platforms[PlayStation, Xbox, Nintendo Switch, PC], has_linux_release[yes], has_mac_release[yes])","Rocket League is a third person vehicular combat sports game released for PlayStation, Xbox, Nintendo Switch, PC, Linux, and Mac.","['Rocket League is a third person vehicular combat sports game released for PlayStation, Xbox, Nintendo Switch, PC, Linux, and Mac.']"
viggo-challenge_train_20_percent-469,"inform(name[Battlefield V], exp_release_date[October 16, 2018], genres[action, shooter], player_perspective[first person], has_multiplayer[yes])","Battlefield V is an action first person shooter that came out October 16, 2018. You can play this game multiplayer if you choose.","['Battlefield V is an action first person shooter that came out October 16, 2018. You can play this game multiplayer if you choose.']"
viggo-challenge_train_20_percent-470,"inform(name[The Witcher 3: Wild Hunt], release_year[2015], rating[excellent], genres[action-adventure, role-playing], has_multiplayer[no], platforms[PlayStation, Xbox, PC], available_on_steam[yes])","The Witcher 3: Wild Hunt is an excellent action-adventure RPG that came out in 2015 for PlayStation, Xbox, and PC. This game is available on Steam and has no multiplayer mode.","['The Witcher 3: Wild Hunt is an excellent action-adventure RPG that came out in 2015 for PlayStation, Xbox, and PC. This game is available on Steam and has no multiplayer mode.']"
viggo-challenge_train_20_percent-471,"inform(name[Life is Strange], rating[good], genres[role-playing], player_perspective[third person])",Life is Strange is a third person role-playing game with mostly positive ratings.,['Life is Strange is a third person role-playing game with mostly positive ratings.']
viggo-challenge_train_20_percent-472,"inform(name[Skyforge], rating[poor], genres[adventure, hack-and-slash, MMORPG], platforms[PlayStation, Xbox, PC], has_linux_release[no], has_mac_release[no])","Skyforge is an adventure hack-and-slash MMORPG that received poor ratings from players. The game is available on PlayStation, Xbox, and PC with no Linux or Mac release.","['Skyforge is an adventure hack-and-slash MMORPG that received poor ratings from players. The game is available on PlayStation, Xbox, and PC with no Linux or Mac release.']"
viggo-challenge_train_20_percent-473,"inform(name[Transport Tycoon], release_year[1994], esrb[E (for Everyone)], rating[average], genres[simulation, strategy])",Transport Tycoon was released in 1994 with an E rating. It received average reviews for the sim strategy genre.,['Transport Tycoon was released in 1994 with an E rating. It received average reviews for the sim strategy genre.']
viggo-challenge_train_20_percent-474,"inform(name[Payday 2], release_year[2013], rating[average], genres[role-playing, shooter], player_perspective[first person], platforms[PlayStation, Xbox, Nintendo Switch, PC], has_linux_release[no], has_mac_release[no])","Payday 2 was released in 2013. It's an average role-playing shooter that you play in first person. It is available for PlayStation, Xbox, Nintendo Switch, and PC, but was not released for Linux or Mac.","[""Payday 2 was released in 2013. It's an average role-playing shooter that you play in first person. It is available for PlayStation, Xbox, Nintendo Switch, and PC, but was not released for Linux or Mac.""]"
viggo-challenge_train_20_percent-475,"inform(name[Small World 2], developer[Days of Wonder], genres[indie, trivia/board game], has_multiplayer[yes])","The indie trivia/board game, Small World 2, by the developer Days of Wonder, can be played multiplayer with your friends.","['The indie trivia/board game, Small World 2, by the developer Days of Wonder, can be played multiplayer with your friends.']"
viggo-challenge_train_20_percent-476,"inform(name[Metro 2033], genres[action, role-playing, shooter], has_multiplayer[no])",Metro 2033 was an action role-playing shooter game but didn't have multiplayer.,"[""Metro 2033 was an action role-playing shooter game but didn't have multiplayer.""]"
viggo-challenge_train_20_percent-477,"inform(name[Quantum Break], rating[average], genres[adventure, shooter], player_perspective[third person])",Quantum Break is a third person adventure shooter with average likeability.,['Quantum Break is a third person adventure shooter with average likeability.']
viggo-challenge_train_20_percent-478,"inform(name[Sid Meier's Civilization V], developer[Firaxis Games], genres[simulation, turn-based strategy], player_perspective[bird view])",Sid Meier's Civilization V is a turn-based simulation strategy played in bird view perspective. It was developed by Firaxis Games.,"[""Sid Meier's Civilization V is a turn-based simulation strategy played in bird view perspective. It was developed by Firaxis Games.""]"
viggo-challenge_train_20_percent-479,"inform(name[Need for Speed: Shift], release_year[2009], developer[Slightly Mad Studios], rating[average], genres[driving/racing, simulation], player_perspective[first person, third person])","The 2009 game, Need for Speed: Shift, is a rather average game for a racing simulator. It allows you to drive with a first or third person perspective, according to your preference. It's a game by Slightly Mad Studios.","[""The 2009 game, Need for Speed: Shift, is a rather average game for a racing simulator. It allows you to drive with a first or third person perspective, according to your preference. It's a game by Slightly Mad Studios.""]"
viggo-challenge_train_20_percent-480,"inform(name[Need for Speed: Payback], release_year[2017], developer[Ghost Games], esrb[T (for Teen)], rating[poor], genres[driving/racing])","Ghost Games released Need for Speed: Payback, a racing game, in 2017. It has poor ratings and a T rating.","['Ghost Games released Need for Speed: Payback, a racing game, in 2017. It has poor ratings and a T rating.']"
viggo-challenge_train_20_percent-481,"inform(name[The Wolf Among Us], release_year[2013], developer[Telltale Games], rating[good], genres[adventure, point-and-click], player_perspective[third person])",Telltale Games also made The Wolf Among Us in 2013. It's a good third person point-and-click adventure game.,"[""Telltale Games also made The Wolf Among Us in 2013. It's a good third person point-and-click adventure game.""]"
viggo-challenge_train_20_percent-482,"inform(name[Final Fantasy VII], release_year[1997], rating[excellent], genres[adventure, role-playing], platforms[PlayStation, PC], available_on_steam[yes], has_linux_release[no], has_mac_release[no])","Final Fantasy VII is an excellent adventure role-playing game from 1997. You can play the game on PlayStation or PC, and you can get it on Steam too. Linux and Mac systems are not supported.","['Final Fantasy VII is an excellent adventure role-playing game from 1997. You can play the game on PlayStation or PC, and you can get it on Steam too. Linux and Mac systems are not supported.']"
viggo-challenge_train_20_percent-483,"inform(name[Mafia], genres[driving/racing, fighting, shooter], platforms[PlayStation, Xbox, PC])","Mafia was released on PC, PlayStation, and Xbox. As a game about a mob footsoldier, it was built on fighting, shooting, and driving (Sometimes in competitive races).","['Mafia was released on PC, PlayStation, and Xbox. As a game about a mob footsoldier, it was built on fighting, shooting, and driving (Sometimes in competitive races).']"
viggo-challenge_train_20_percent-484,"inform(name[Dance Dance Revolution Universe 3], developer[Konami], rating[poor], genres[music], platforms[Xbox])","The music game, Dance Dance Revolution Universe 3 has a poor rating and was produced by Konami. It's an Xbox exclusive.","[""The music game, Dance Dance Revolution Universe 3 has a poor rating and was produced by Konami. It's an Xbox exclusive.""]"
viggo-challenge_train_20_percent-485,"inform(name[Worms: Reloaded], release_year[2010], developer[Team17 Digital Ltd], esrb[E 10+ (for Everyone 10 and Older)], rating[average], genres[action, platformer, strategy], player_perspective[side view], has_multiplayer[yes])","Worms: Reloaded is an action platforming strategy from 2010. Developed by Team17 Digital Ltd, it received average ratings. It is rated E 10+ (for Everyone 10 and Older). You play this from a side view perspective, and there is a multiplayer mode available.","['Worms: Reloaded is an action platforming strategy from 2010. Developed by Team17 Digital Ltd, it received average ratings. It is rated E 10+ (for Everyone 10 and Older). You play this from a side view perspective, and there is a multiplayer mode available.']"
viggo-challenge_train_20_percent-486,"inform(name[Age of Empires II: The Age of Kings], release_year[1999], genres[real-time strategy], player_perspective[bird view], has_multiplayer[yes])",Age of Empires II: The Age of Kings is a 1999-released real-time strategy game set in bird view. It has a multiplayer mode.,['Age of Empires II: The Age of Kings is a 1999-released real-time strategy game set in bird view. It has a multiplayer mode.']
viggo-challenge_train_20_percent-487,"inform(name[Tomb Raider: The Angel of Darkness], developer[Core Design], genres[action-adventure, shooter], player_perspective[third person], platforms[PlayStation, PC], has_linux_release[no], has_mac_release[yes])","If you want a third person action-adventure shooter, try Tomb Raider: The Angel of Darkness, developed by Core Design. You can get it on PlayStation and PC. There is a Mac release, but not Linux.","['If you want a third person action-adventure shooter, try Tomb Raider: The Angel of Darkness, developed by Core Design. You can get it on PlayStation and PC. There is a Mac release, but not Linux.']"
viggo-challenge_train_20_percent-488,"inform(name[The Elder Scrolls Online], release_year[2014], developer[ZeniMax Online Studios], genres[MMORPG])",The Elder Scrolls Online is an MMORPG developed by ZeniMax Online Studios and released in 2014.,['The Elder Scrolls Online is an MMORPG developed by ZeniMax Online Studios and released in 2014.']
viggo-challenge_train_20_percent-489,"inform(name[Need for Speed: The Run], release_year[2011], developer[Firebrand Games], genres[driving/racing], player_perspective[first person, third person])",Need for Speed: The Run by Firebrand Games is a first and third person driving/racing game that came out in 2011.,['Need for Speed: The Run by Firebrand Games is a first and third person driving/racing game that came out in 2011.']
viggo-challenge_train_20_percent-490,"inform(name[The Sims], release_year[2000], esrb[T (for Teen)], genres[simulation, strategy], player_perspective[bird view], has_multiplayer[no])",The Sims is a strategy simulator with a bird view released in 2000 with a T rating. It has no multiplayer.,['The Sims is a strategy simulator with a bird view released in 2000 with a T rating. It has no multiplayer.']
viggo-challenge_train_20_percent-491,"inform(name[Assetto Corsa], developer[Kunos Simulazioni], rating[good], genres[driving/racing, simulation, sport], player_perspective[first person, third person])",Assetto Corsa is a sport racing simulation game with both first and third person perspectives. This game developed by Kunos Simulazioni has an overall good rating.,['Assetto Corsa is a sport racing simulation game with both first and third person perspectives. This game developed by Kunos Simulazioni has an overall good rating.']
viggo-challenge_train_20_percent-492,"inform(name[Uncharted 4: A Thief's End], developer[Naughty Dog], rating[excellent], genres[action-adventure, shooter], player_perspective[third person], platforms[PlayStation])","Uncharted 4: A Thief's End is an excellent third person, action-adventure shooting game. It was developed by Naughty Dog and exclusively released on the PlayStation.","[""Uncharted 4: A Thief's End is an excellent third person, action-adventure shooting game. It was developed by Naughty Dog and exclusively released on the PlayStation.""]"
viggo-challenge_train_20_percent-493,"inform(name[The Elder Scrolls Online], developer[ZeniMax Online Studios], esrb[M (for Mature)], genres[MMORPG], player_perspective[first person, third person], platforms[PlayStation, Xbox, PC], has_linux_release[no], has_mac_release[yes])","The Elder Scrolls Online is a first and third person MMORPG released by ZeniMax Online Studios. This game was released for PlayStation, Xbox, and PC, and is rated M (for Mature). It has a Mac release, but not one for Linux.","['The Elder Scrolls Online is a first and third person MMORPG released by ZeniMax Online Studios. This game was released for PlayStation, Xbox, and PC, and is rated M (for Mature). It has a Mac release, but not one for Linux.']"
viggo-challenge_train_20_percent-494,"inform(name[Small World 2], developer[Days of Wonder], genres[indie, trivia/board game], has_multiplayer[yes], platforms[PC], available_on_steam[yes])",Small World 2 is a multiplayer trivia/board game available on Steam for PC. It was released by the indie developer Days of Wonder.,['Small World 2 is a multiplayer trivia/board game available on Steam for PC. It was released by the indie developer Days of Wonder.']
viggo-challenge_train_20_percent-495,"inform(name[Shadow of the Tomb Raider], exp_release_date[September 14, 2018], developer[Eidos Montréal], genres[adventure, shooter], platforms[PlayStation, Xbox, PC])","Shadow of the Tomb Raider is an adventure shooter developed by Eidos Montréal. This game is expected to come out September 14, 2018 for PlayStation, Xbox, and PC.","['Shadow of the Tomb Raider is an adventure shooter developed by Eidos Montréal. This game is expected to come out September 14, 2018 for PlayStation, Xbox, and PC.']"
viggo-challenge_train_20_percent-496,"inform(name[TrackMania Turbo], rating[good], genres[arcade, driving/racing], platforms[PlayStation, Xbox, PC], available_on_steam[yes], has_linux_release[no], has_mac_release[no])","If you like arcade driving/racing games, try out TrackMania Turbo. It has received good ratings and is available on PlayStation, Xbox, and PC. You can find it on Steam, but there is no Linux or Mac release.","['If you like arcade driving/racing games, try out TrackMania Turbo. It has received good ratings and is available on PlayStation, Xbox, and PC. You can find it on Steam, but there is no Linux or Mac release.']"
viggo-challenge_train_20_percent-497,"inform(name[The Sims], release_year[2000], rating[good], genres[simulation, strategy], player_perspective[bird view], has_multiplayer[no])","The Sims is a simulation strategy game with a bird's eye view. Originally released in 2000, the game received positive reviews from players despite its lack of multiplayer.","[""The Sims is a simulation strategy game with a bird's eye view. Originally released in 2000, the game received positive reviews from players despite its lack of multiplayer.""]"
viggo-challenge_train_20_percent-498,"inform(name[World of Warcraft], release_year[2004], developer[Blizzard Entertainment], esrb[T (for Teen)], rating[good], genres[adventure, MMORPG])",World of Warcraft is an adventure MMORPG made by Blizzard Entertainment. It came out in 2004 and is rated T (for Teen). It generally has good ratings.,['World of Warcraft is an adventure MMORPG made by Blizzard Entertainment. It came out in 2004 and is rated T (for Teen). It generally has good ratings.']
viggo-challenge_train_20_percent-499,"inform(name[Layers of Fear], release_year[2015], genres[adventure, indie, point-and-click], player_perspective[first person], has_multiplayer[no], platforms[PlayStation, Xbox, Nintendo Switch, PC], available_on_steam[yes])","Layers of Fear is a adventure, indie, point-and-click game released in 2015 on the PlayStation, Xbox, Nintendo Switch, and PC. It is available for download on Steam. It is in the first person perspective and does not have multiplayer.","['Layers of Fear is a adventure, indie, point-and-click game released in 2015 on the PlayStation, Xbox, Nintendo Switch, and PC. It is available for download on Steam. It is in the first person perspective and does not have multiplayer.']"
viggo-challenge_train_20_percent-500,"inform(name[Tomb Raider: The Angel of Darkness], release_year[2003], genres[action-adventure, shooter], player_perspective[third person], has_multiplayer[no], platforms[PlayStation, PC], has_linux_release[no], has_mac_release[yes])","Tomb Raider: The Angel of Darkness is a third person action-adventure shooter released for PlayStation and PC. The single-player game was released in 2003. The game does have a Mac release, but does not offer a release for Linux.","['Tomb Raider: The Angel of Darkness is a third person action-adventure shooter released for PlayStation and PC. The single-player game was released in 2003. The game does have a Mac release, but does not offer a release for Linux.']"
viggo-challenge_train_20_percent-501,"inform(name[World of Warcraft: Battle for Azeroth], exp_release_date[August 14, 2018], genres[MMORPG], platforms[PC])","World of Warcraft: Battle for Azeroth is an MMORPG to be released August 14, 2018 as a PC exclusive game.","['World of Warcraft: Battle for Azeroth is an MMORPG to be released August 14, 2018 as a PC exclusive game.']"
viggo-challenge_train_20_percent-502,"inform(name[BioShock], release_year[2007], rating[good], genres[action-adventure, role-playing, shooter], player_perspective[first person])",BioShock is a good action-adventure role-playing game that came out in 2007 and is a first person shooter.,['BioShock is a good action-adventure role-playing game that came out in 2007 and is a first person shooter.']
viggo-challenge_train_20_percent-503,"inform(name[NHL 15], esrb[E 10+ (for Everyone 10 and Older)], genres[simulation, sport], player_perspective[bird view], has_multiplayer[yes], platforms[PlayStation, Xbox])","The sport simulation game, NHL 15, is developed for PlayStation and Xbox only, and rated E 10+ (for Everyone 10 and Older). It is played from a bird view perspective and has multiplayer.","['The sport simulation game, NHL 15, is developed for PlayStation and Xbox only, and rated E 10+ (for Everyone 10 and Older). It is played from a bird view perspective and has multiplayer.']"
viggo-challenge_train_20_percent-504,"inform(name[Uncharted 4: A Thief's End], developer[Naughty Dog], rating[excellent], genres[action-adventure, shooter], player_perspective[third person])",Uncharted 4: A Thief's End by Naughty Dog is an excellent third person action-adventure shooter.,"[""Uncharted 4: A Thief's End by Naughty Dog is an excellent third person action-adventure shooter.""]"
viggo-challenge_train_20_percent-505,"inform(name[Mafia], genres[driving/racing, fighting, shooter], platforms[PlayStation, Xbox, PC])","Mafia is driving/racing, fighting, shooter game released on the PlayStation, Xbox, and PC.","['Mafia is driving/racing, fighting, shooter game released on the PlayStation, Xbox, and PC.']"
viggo-challenge_train_20_percent-506,"inform(name[Transport Tycoon], rating[average], genres[simulation, strategy], player_perspective[bird view], has_multiplayer[no])","The bird view simulation strategy game, Transport Tycoon, has gotten average ratings. Unfortunately, there is no multiplayer mode in the game.","['The bird view simulation strategy game, Transport Tycoon, has gotten average ratings. Unfortunately, there is no multiplayer mode in the game.']"
viggo-challenge_train_20_percent-507,"inform(name[Never Alone], genres[adventure, indie, platformer], player_perspective[side view])","Let's play Never Alone, it's an indie adventure-platformer with a side view perspective.","[""Let's play Never Alone, it's an indie adventure-platformer with a side view perspective.""]"
viggo-challenge_train_20_percent-508,"inform(name[Trivial Pursuit], release_year[2009], genres[trivia/board game])","In 2009, Trivial Pursuit was released for those who love trivia or board games.","['In 2009, Trivial Pursuit was released for those who love trivia or board games.']"
viggo-challenge_train_20_percent-509,"inform(name[Tetris], release_year[1986], developer[Spectrum HoloByte, Inc], genres[arcade, puzzle, strategy])","Tetris by Spectrum HoloByte, Inc is an arcade puzzle-strategy game from 1986.","['Tetris by Spectrum HoloByte, Inc is an arcade puzzle-strategy game from 1986.']"
viggo-challenge_train_20_percent-510,"inform(name[Sid Meier's Civilization V], release_year[2010], genres[simulation, turn-based strategy], platforms[PC], available_on_steam[yes], has_linux_release[yes], has_mac_release[yes])",Sid Meier's Civilization V is a simulation and turn-based strategy game. It was released in 2010 and is a PC game. It will be available on Steam and has a Linux and Mac release.,"[""Sid Meier's Civilization V is a simulation and turn-based strategy game. It was released in 2010 and is a PC game. It will be available on Steam and has a Linux and Mac release.""]"
viggo-challenge_train_20_percent-511,"inform(name[Might & Magic: Heroes VI], genres[role-playing, turn-based strategy], player_perspective[bird view], has_multiplayer[yes])","Might & Magic: Heroes VI is a turn-based strategy, role-playing game that has a bird view perspective and a multiplayer.","['Might & Magic: Heroes VI is a turn-based strategy, role-playing game that has a bird view perspective and a multiplayer.']"
viggo-challenge_train_20_percent-512,"inform(name[Final Fantasy VII], rating[excellent], genres[adventure, role-playing], player_perspective[bird view, third person], platforms[PlayStation, PC], available_on_steam[yes])","An excellent adventure RPG you can play from either a bird's eye view or in third person is Final Fantasy VII. It's available on Steam for PC, and you can play it on your PlayStation too.","[""An excellent adventure RPG you can play from either a bird's eye view or in third person is Final Fantasy VII. It's available on Steam for PC, and you can play it on your PlayStation too.""]"
viggo-challenge_train_20_percent-513,"inform(name[Tom Clancy's Splinter Cell: Chaos Theory], developer[Ubisoft Montreal], rating[good], genres[action, tactical], platforms[PlayStation, Xbox, Nintendo, PC], available_on_steam[yes], has_linux_release[no], has_mac_release[no])","Tom Clancy's Splinter Cell: Chaos Theory is a tactical, action game available on PlayStation, Xbox, Nintendo, and PC. Overall it's a good game made by Ubisoft Montreal and is available on Steam, but it doesn't have a Linux or Mac release.","[""Tom Clancy's Splinter Cell: Chaos Theory is a tactical, action game available on PlayStation, Xbox, Nintendo, and PC. Overall it's a good game made by Ubisoft Montreal and is available on Steam, but it doesn't have a Linux or Mac release.""]"
viggo-challenge_train_20_percent-514,"inform(name[Trivial Pursuit], release_year[2009], developer[Electronic Arts], genres[trivia/board game], has_multiplayer[yes], platforms[PlayStation, Nintendo])","Trivial Pursuit was released in 2009 by Electronic Arts. It's a trivia/board game type game, that you can play in multiplayer mode. It's available for PlayStation and Nintendo.","[""Trivial Pursuit was released in 2009 by Electronic Arts. It's a trivia/board game type game, that you can play in multiplayer mode. It's available for PlayStation and Nintendo.""]"
viggo-challenge_train_20_percent-515,"inform(name[Metal Gear Solid 3: Snake Eater], release_year[2004], rating[excellent], genres[action-adventure, shooter, tactical], has_multiplayer[no], platforms[PlayStation])",Metal Gear Solid 3: Snake Eater is an excellent action-adventure tactical shooter that was released in 2004 for PlayStation. It does not have multiplayer.,['Metal Gear Solid 3: Snake Eater is an excellent action-adventure tactical shooter that was released in 2004 for PlayStation. It does not have multiplayer.']
viggo-challenge_train_20_percent-516,"inform(name[StarCraft], esrb[T (for Teen)], genres[real-time strategy], player_perspective[bird view], platforms[PC], has_linux_release[no], has_mac_release[yes])","StarCraft is a real-time strategy game that is rated T (for Teen). It is played from a bird view perspective. You can play this on PC and Mac, but it is not available for Linux.","['StarCraft is a real-time strategy game that is rated T (for Teen). It is played from a bird view perspective. You can play this on PC and Mac, but it is not available for Linux.']"
viggo-challenge_train_20_percent-517,"inform(name[The Elder Scrolls V: Skyrim], rating[good], genres[adventure, role-playing], player_perspective[first person, third person], platforms[PlayStation, Xbox, Nintendo, PC], available_on_steam[yes])","The Elder Scrolls V: Skyrim is a good first and third person role-playing adventure game. It runs on PlayStation, Xbox, Nintendo, and PC, and it is available on Steam.","['The Elder Scrolls V: Skyrim is a good first and third person role-playing adventure game. It runs on PlayStation, Xbox, Nintendo, and PC, and it is available on Steam.']"
viggo-challenge_train_20_percent-518,"inform(name[Age of Empires II: The Age of Kings], release_year[1999], rating[good], genres[real-time strategy], player_perspective[bird view], has_multiplayer[yes], platforms[PlayStation, PC], available_on_steam[no])","Age of Empires II: The Age of Kings is a 1999 real-time strategy game with good ratings. It has multiplayer, and gives the player a bird's eye perspective. It's available on PlayStation and PC, but is not on Steam.","[""Age of Empires II: The Age of Kings is a 1999 real-time strategy game with good ratings. It has multiplayer, and gives the player a bird's eye perspective. It's available on PlayStation and PC, but is not on Steam.""]"
viggo-challenge_train_20_percent-519,"inform(name[Uncharted 4: A Thief's End], release_year[2016], rating[excellent], genres[action-adventure, shooter], platforms[PlayStation])",Uncharted 4: A Thief's End is an excellent action-adventure shooter. It was out for PlayStation in 2016.,"[""Uncharted 4: A Thief's End is an excellent action-adventure shooter. It was out for PlayStation in 2016.""]"
viggo-challenge_train_20_percent-520,"inform(name[The Legend of Zelda: Ocarina of Time], release_year[1998], rating[excellent], genres[action-adventure, puzzle, role-playing], player_perspective[bird view, third person], platforms[Nintendo])","If you want to play a great action-adventure role-playing game with puzzle solving, and you haven't played The Legend of Zelda: Ocarina of Time yet, you really should. It was released in 1998 for Nintendo consoles only. The camera swaps between a third person view and a bird view.","[""If you want to play a great action-adventure role-playing game with puzzle solving, and you haven't played The Legend of Zelda: Ocarina of Time yet, you really should. It was released in 1998 for Nintendo consoles only. The camera swaps between a third person view and a bird view.""]"
viggo-challenge_train_20_percent-521,"inform(name[Crysis], release_year[2007], genres[action-adventure, shooter], player_perspective[first person], platforms[PlayStation, Xbox, PC], available_on_steam[yes], has_linux_release[no], has_mac_release[no])","Crysis is a 2007 action-adventure, first person shooter on PlayStation, Xbox, PC, and Steam. It's currently not supported on Linux or Mac.","[""Crysis is a 2007 action-adventure, first person shooter on PlayStation, Xbox, PC, and Steam. It's currently not supported on Linux or Mac.""]"
viggo-challenge_train_20_percent-522,"inform(name[Superhot], release_year[2016], genres[indie, shooter, tactical], player_perspective[first person], has_multiplayer[no])","Superhot, from 2016, is an indie tactical FPS. The game, however, has no multiplayer.","['Superhot, from 2016, is an indie tactical FPS. The game, however, has no multiplayer.']"
viggo-challenge_train_20_percent-523,"inform(name[Metal Gear Solid 3: Snake Eater], release_year[2004], rating[excellent], genres[action-adventure, shooter, tactical], has_multiplayer[no], platforms[PlayStation])",Metal Gear Solid 3: Snake Eater is a fantastic tactical action-adventure shooter with a single-player campaign. It originally launched as a PlayStation exclusive in 2004.,['Metal Gear Solid 3: Snake Eater is a fantastic tactical action-adventure shooter with a single-player campaign. It originally launched as a PlayStation exclusive in 2004.']
viggo-challenge_train_20_percent-524,"inform(name[Ancient Cities], exp_release_date[December 1, 2018], genres[simulation, strategy], player_perspective[bird view])","Ancient Cities, a bird view perspective simulation strategy game, is set to be released on December 1, 2018.","['Ancient Cities, a bird view perspective simulation strategy game, is set to be released on December 1, 2018.']"
viggo-challenge_train_20_percent-525,"inform(name[Assetto Corsa], rating[good], genres[driving/racing, simulation, sport], player_perspective[first person, third person], has_multiplayer[yes])","Assetto Corsa is a good racing simulator. You can drive your car from first or third person view, and if you want a good multiplayer sport racing game, I'd recommend it.","[""Assetto Corsa is a good racing simulator. You can drive your car from first or third person view, and if you want a good multiplayer sport racing game, I'd recommend it.""]"
viggo-challenge_train_20_percent-526,"inform(name[Rollcage], genres[action, driving/racing], player_perspective[third person])",Rollcage will have you racing through an action narrative in the third person.,['Rollcage will have you racing through an action narrative in the third person.']
viggo-challenge_train_20_percent-527,"inform(name[Driver], release_year[1999], rating[average], genres[driving/racing, simulation])",Driver is a driving/racing simulator released in 1999 to average reviews.,['Driver is a driving/racing simulator released in 1999 to average reviews.']
viggo-challenge_train_20_percent-528,"inform(name[Little Big Adventure], release_year[1994], developer[Adeline Software International], esrb[T (for Teen)], rating[average], genres[action-adventure], player_perspective[third person], has_multiplayer[no])",An average-rated action-adventure game from 1994 is Little Big Adventure. It was released by Adeline Software International and has a T (for Teen) rating. It's a third person perspective game with no multiplayer.,"[""An average-rated action-adventure game from 1994 is Little Big Adventure. It was released by Adeline Software International and has a T (for Teen) rating. It's a third person perspective game with no multiplayer.""]"
viggo-challenge_train_20_percent-529,"inform(name[The Forest of Doom], rating[average], genres[role-playing, text adventure], platforms[PC], has_linux_release[yes], has_mac_release[yes])","The Forest of Doom is a role-playing text adventure game for PC only, with a Linux and Mac release too. If you enjoy such games, you might find this one pretty decent.","['The Forest of Doom is a role-playing text adventure game for PC only, with a Linux and Mac release too. If you enjoy such games, you might find this one pretty decent.']"
viggo-challenge_train_20_percent-530,"inform(name[Madden NFL 15], release_year[2014], genres[simulation, sport], player_perspective[bird view, third person], has_multiplayer[yes], platforms[PlayStation, Xbox])",A multiplayer sports sim from 2014 is Madden NFL 15. You can play on PlayStation and Xbox with your friends in multiplayer using a third person bird view.,['A multiplayer sports sim from 2014 is Madden NFL 15. You can play on PlayStation and Xbox with your friends in multiplayer using a third person bird view.']
viggo-challenge_train_20_percent-531,"inform(name[Max Payne], release_year[2001], developer[Remedy Entertainment], esrb[M (for Mature)], rating[good], genres[action-adventure, shooter], platforms[PlayStation, Xbox, PC])","Max Payne is a good action-adventure shooter that came out in 2001. It was developed by Remedy Entertainment for PlayStation, Xbox, and PC. Its mature themes earned it an M (for Mature) rating.","['Max Payne is a good action-adventure shooter that came out in 2001. It was developed by Remedy Entertainment for PlayStation, Xbox, and PC. Its mature themes earned it an M (for Mature) rating.']"
viggo-challenge_train_20_percent-532,"inform(name[Tom Clancy's The Division], esrb[M (for Mature)], genres[role-playing, shooter, tactical])","The tactical shooter game, Tom Clancy's The Division, has a role-playing scheme and is rated M (for Mature).","[""The tactical shooter game, Tom Clancy's The Division, has a role-playing scheme and is rated M (for Mature).""]"
viggo-challenge_train_20_percent-533,"inform(name[Horizon: Zero Dawn], release_year[2017], developer[Guerrilla Games], genres[action-adventure, role-playing, shooter], player_perspective[third person], platforms[PlayStation])","The developer Guerrilla Games released Horizon: Zero Dawn in 2017. It is on the PlayStation platform and is a third person action-adventure, role-playing, shooter.","['The developer Guerrilla Games released Horizon: Zero Dawn in 2017. It is on the PlayStation platform and is a third person action-adventure, role-playing, shooter.']"
viggo-challenge_train_20_percent-534,"inform(name[Quantum Break], release_year[2016], developer[Remedy Entertainment], rating[average], genres[adventure, shooter], player_perspective[third person])","Quantum Break is considered an average third person shooter, an adventure game developed by Remedy Entertainment and released in 2016.","['Quantum Break is considered an average third person shooter, an adventure game developed by Remedy Entertainment and released in 2016.']"
viggo-challenge_train_20_percent-535,"inform(name[NBA 2K19], exp_release_date[September 11, 2018], genres[sport], platforms[PlayStation, Xbox, Nintendo Switch, PC])","NBA 2K19 is a new sports game expected to be released on September 11, 2018, and will be available on all the major platforms, such as PlayStation, Xbox, Nintendo Switch, and PC.","['NBA 2K19 is a new sports game expected to be released on September 11, 2018, and will be available on all the major platforms, such as PlayStation, Xbox, Nintendo Switch, and PC.']"
viggo-challenge_train_20_percent-536,"inform(name[Metal Gear Solid 3: Snake Eater], release_year[2004], esrb[M (for Mature)], rating[excellent], genres[action-adventure, shooter, tactical], player_perspective[bird view, first person, third person], has_multiplayer[no])","If you like action-adventure tactical shooter games, then you should try the 2004 video game called Metal Gear Solid 3: Snake Eater that uses the first person, third person, and bird view perspectives. Unfortunately, it does not have multiplayer. It has an excellent rating and is rated M (for Mature).","['If you like action-adventure tactical shooter games, then you should try the 2004 video game called Metal Gear Solid 3: Snake Eater that uses the first person, third person, and bird view perspectives. Unfortunately, it does not have multiplayer. It has an excellent rating and is rated M (for Mature).']"
viggo-challenge_train_20_percent-537,"inform(name[Assetto Corsa], release_year[2014], genres[driving/racing, simulation, sport], player_perspective[first person, third person])",Assetto Corsa is a 2014 sport racing sim with first and third person perspectives.,['Assetto Corsa is a 2014 sport racing sim with first and third person perspectives.']
viggo-challenge_train_20_percent-538,"inform(name[Bus Driver], release_year[2014], esrb[E (for Everyone)], genres[driving/racing, indie, simulation], platforms[PC], available_on_steam[yes], has_linux_release[no], has_mac_release[no])","Bus Driver is an indie driving simulator that came out in 2014. It can be played on PC, and, though it doesn't have a Mac or a Linux release, it's available on Steam. It is rated E (for Everyone).","[""Bus Driver is an indie driving simulator that came out in 2014. It can be played on PC, and, though it doesn't have a Mac or a Linux release, it's available on Steam. It is rated E (for Everyone).""]"
viggo-challenge_train_20_percent-539,"inform(name[TrackMania Turbo], release_year[2016], developer[Nadeo], rating[good], genres[arcade, driving/racing], player_perspective[first person, third person], has_multiplayer[yes])",TrackMania Turbo from 2016 is a good arcade driving game that has multiplayer. This Nadeo game has first and third person views.,['TrackMania Turbo from 2016 is a good arcade driving game that has multiplayer. This Nadeo game has first and third person views.']
viggo-challenge_train_20_percent-540,"inform(name[Call of Duty: Advanced Warfare], release_year[2014], developer[Sledgehammer Games], genres[action, shooter], player_perspective[first person])",Call of Duty: Advanced Warfare is a first person action shooter. It was developed by Sledgehammer Games and released in 2014.,['Call of Duty: Advanced Warfare is a first person action shooter. It was developed by Sledgehammer Games and released in 2014.']
viggo-challenge_train_20_percent-541,"inform(name[The Last of Us], release_year[2013], esrb[M (for Mature)], rating[excellent], genres[action-adventure, shooter], player_perspective[third person], has_multiplayer[yes], platforms[PlayStation])","The Last of Us is an excellent action-adventure shooter game that is rated M (for Mature) and came out in 2013 for PlayStation. The game is in the third person, and you can play it multiplayer with other people.","['The Last of Us is an excellent action-adventure shooter game that is rated M (for Mature) and came out in 2013 for PlayStation. The game is in the third person, and you can play it multiplayer with other people.']"
viggo-challenge_train_20_percent-542,"inform(name[The Elder Scrolls V: Skyrim], release_year[2011], esrb[M (for Mature)], genres[adventure, role-playing])",The Elder Scrolls V: Skyrim is a mature adventure RPG from 2011.,['The Elder Scrolls V: Skyrim is a mature adventure RPG from 2011.']
viggo-challenge_train_20_percent-543,"inform(name[Super Mario World], release_year[1990], rating[excellent], genres[platformer], player_perspective[side view], platforms[Nintendo])","Super Mario World came out in 1990. It's an excellent platformer game from Nintendo, and you play with a side view.","[""Super Mario World came out in 1990. It's an excellent platformer game from Nintendo, and you play with a side view.""]"
viggo-challenge_train_20_percent-544,"inform(name[Alan Wake's American Nightmare], release_year[2012], rating[poor], genres[action-adventure, shooter], platforms[Xbox, PC], available_on_steam[yes], has_linux_release[no], has_mac_release[no])",Alan Wake's American Nightmare came out in 2012 to poor reviews. This action-adventure shooter is on Xbox and PC through Steam. There's no Linux or Mac support.,"[""Alan Wake's American Nightmare came out in 2012 to poor reviews. This action-adventure shooter is on Xbox and PC through Steam. There's no Linux or Mac support.""]"
viggo-challenge_train_20_percent-545,"inform(name[Mirror's Edge Catalyst], release_year[2016], developer[EA Digital Illusions CE], esrb[T (for Teen)], rating[average], genres[action-adventure, fighting], player_perspective[first person])","Mirror's Edge Catalyst was released in 2016 by EA Digital Illusions CE. It is an okay T-rated action-adventure game that uses fighting style for the platforming gameplay, presented entirely from a first person perspective.","[""Mirror's Edge Catalyst was released in 2016 by EA Digital Illusions CE. It is an okay T-rated action-adventure game that uses fighting style for the platforming gameplay, presented entirely from a first person perspective.""]"
viggo-challenge_train_20_percent-546,"inform(name[NHL 15], developer[EA Canada], esrb[E 10+ (for Everyone 10 and Older)], rating[average], genres[simulation, sport], player_perspective[bird view], has_multiplayer[yes], platforms[PlayStation, Xbox])",NHL 15 is an average sport simulation game by EA Canada for PlayStation and Xbox only. It's rated E 10+ (for Everyone 10 and Older). This game is played from the bird view perspective and can be played multiplayer.,"[""NHL 15 is an average sport simulation game by EA Canada for PlayStation and Xbox only. It's rated E 10+ (for Everyone 10 and Older). This game is played from the bird view perspective and can be played multiplayer.""]"
viggo-challenge_train_20_percent-547,"inform(name[Small World 2], rating[poor], genres[indie, trivia/board game], platforms[PC], has_linux_release[yes], has_mac_release[yes])","Small World 2 is an indie trivia/board game. It was released on PC, Linux, and Mac. It was rated as poor by the users.","['Small World 2 is an indie trivia/board game. It was released on PC, Linux, and Mac. It was rated as poor by the users.']"
viggo-challenge_train_20_percent-548,"inform(name[Age of Empires II: The Age of Kings], rating[good], genres[real-time strategy], platforms[PlayStation, PC], available_on_steam[no], has_linux_release[no], has_mac_release[yes])","Age of Empires II: The Age of Kings was a good real-time strategy game. It could be played on PlayStation and PC. It was released on Mac, but not Linux or Steam.","['Age of Empires II: The Age of Kings was a good real-time strategy game. It could be played on PlayStation and PC. It was released on Mac, but not Linux or Steam.']"
viggo-challenge_train_20_percent-549,"inform(name[Worms: Reloaded], release_year[2010], developer[Team17 Digital Ltd], esrb[E 10+ (for Everyone 10 and Older)], rating[average], genres[action, platformer, strategy], player_perspective[side view], has_multiplayer[yes])","Worms: Reloaded is a strategic side view platformer with a lot of action and a multiplayer mode. It was developed by Team17 Digital Ltd and came out in 2010 with an E 10+ rating, but got only mediocre reviews.","['Worms: Reloaded is a strategic side view platformer with a lot of action and a multiplayer mode. It was developed by Team17 Digital Ltd and came out in 2010 with an E 10+ rating, but got only mediocre reviews.']"
viggo-challenge_train_20_percent-550,"inform(name[Shadow of the Tomb Raider], exp_release_date[September 14, 2018], genres[adventure, shooter], player_perspective[third person])","Shadow of the Tomb Raider is expected to be released on September 14, 2018. It's a third person adventure-shooter.","[""Shadow of the Tomb Raider is expected to be released on September 14, 2018. It's a third person adventure-shooter.""]"
viggo-challenge_train_20_percent-551,"inform(name[The Sims], genres[simulation, strategy], has_multiplayer[no], platforms[PlayStation, Xbox, Nintendo, PC], available_on_steam[no])","Though it isn't available on Steam, The Sims is available on all major gaming platforms, such as PlayStation, Xbox, Nintendo, and PC. It is a simulation strategy game that does not have a multiplayer feature.","[""Though it isn't available on Steam, The Sims is available on all major gaming platforms, such as PlayStation, Xbox, Nintendo, and PC. It is a simulation strategy game that does not have a multiplayer feature.""]"
viggo-challenge_train_20_percent-552,"inform(name[Never Alone], release_year[2014], esrb[T (for Teen)], genres[adventure, indie, platformer], platforms[PlayStation, Xbox, PC], has_linux_release[yes], has_mac_release[no])","Never Alone is an adventure, indie, and platformer game. This can be played on a PlayStation, Xbox, PC, and Linux, but not on a Mac. The rating for this 2014 game is T (for Teen).","['Never Alone is an adventure, indie, and platformer game. This can be played on a PlayStation, Xbox, PC, and Linux, but not on a Mac. The rating for this 2014 game is T (for Teen).']"
viggo-challenge_train_20_percent-553,"inform(name[Metal Gear Solid 3: Snake Eater], release_year[2004], esrb[M (for Mature)], genres[action-adventure, shooter, tactical], has_multiplayer[no])",Metal Gear Solid 3: Snake Eater came out in 2004 as a single-player game only. It's a tactical shooter rated M (for Mature) with a lot of action and adventure.,"[""Metal Gear Solid 3: Snake Eater came out in 2004 as a single-player game only. It's a tactical shooter rated M (for Mature) with a lot of action and adventure.""]"
viggo-challenge_train_20_percent-554,"inform(name[Age of Wonders II: The Wizard's Throne], release_year[2002], rating[poor], genres[role-playing, turn-based strategy])","If you like role-playing games, Age of Wonders II: The Wizard's Throne is a turn-based strategy game from 2002. It has poor ratings.","[""If you like role-playing games, Age of Wonders II: The Wizard's Throne is a turn-based strategy game from 2002. It has poor ratings.""]"
viggo-challenge_train_20_percent-555,"inform(name[Dance Dance Revolution Universe 3], rating[poor], genres[music], has_multiplayer[yes], platforms[Xbox])","Dance Dance Revolution Universe 3 is a multiplayer music game release for Xbox. While featuring multiplayer, the game was received poorly by critics.","['Dance Dance Revolution Universe 3 is a multiplayer music game release for Xbox. While featuring multiplayer, the game was received poorly by critics.']"
viggo-challenge_train_20_percent-556,"inform(name[Uncharted 4: A Thief's End], developer[Naughty Dog], rating[excellent], genres[action-adventure, shooter], player_perspective[third person], platforms[PlayStation])",Uncharted 4: A Thief's End was developed by Naughty Dog. It's an excellent action-adventure shooter game that you play from the third person perspective. You can get it for PlayStation only.,"[""Uncharted 4: A Thief's End was developed by Naughty Dog. It's an excellent action-adventure shooter game that you play from the third person perspective. You can get it for PlayStation only.""]"
viggo-challenge_train_20_percent-557,"inform(name[Tom Clancy's Splinter Cell: Chaos Theory], developer[Ubisoft Montreal], rating[good], genres[action, tactical], platforms[PlayStation, Xbox, Nintendo, PC], available_on_steam[yes], has_linux_release[no], has_mac_release[no])","Tom Clancy's Splinter Cell: Chaos Theory by Ubisoft Montreal is a good action tactical game available on Steam. You can get it for PlayStation, Xbox, Nintendo and PC, but not Linux or Mac.","[""Tom Clancy's Splinter Cell: Chaos Theory by Ubisoft Montreal is a good action tactical game available on Steam. You can get it for PlayStation, Xbox, Nintendo and PC, but not Linux or Mac.""]"
viggo-challenge_train_20_percent-558,"inform(name[Need for Speed: Shift], developer[Slightly Mad Studios], esrb[E (for Everyone)], genres[driving/racing, simulation], player_perspective[first person, third person], has_multiplayer[yes])","Need for Speed: Shift was developed by Slightly Mad Studios, and was released with an E (for Everyone) rating. It's a driving/racing simulation game. It has a multiplayer option, and can be played in either first person, or third person.","[""Need for Speed: Shift was developed by Slightly Mad Studios, and was released with an E (for Everyone) rating. It's a driving/racing simulation game. It has a multiplayer option, and can be played in either first person, or third person.""]"
viggo-challenge_train_20_percent-559,"inform(name[Metroid Prime Pinball], esrb[E (for Everyone)], genres[pinball, puzzle])",Metroid Prime Pinball is a pinball puzzle game rated E.,['Metroid Prime Pinball is a pinball puzzle game rated E.']
viggo-challenge_train_20_percent-560,"inform(name[FIFA 12], developer[EA Canada], rating[average], genres[simulation, sport], player_perspective[bird view, side view])",FIFA 12 is a sport simulation game with both bird view and side view perspectives. It has received average ratings and was developed by EA Canada.,['FIFA 12 is a sport simulation game with both bird view and side view perspectives. It has received average ratings and was developed by EA Canada.']
viggo-challenge_train_20_percent-561,"inform(name[Need for Speed: The Run], release_year[2011], developer[Firebrand Games], genres[driving/racing], player_perspective[first person, third person])",Need for Speed: The Run is a racing game from Firebrand Games released on 2011. You can drive in a first person and third person perspective.,['Need for Speed: The Run is a racing game from Firebrand Games released on 2011. You can drive in a first person and third person perspective.']
viggo-challenge_train_20_percent-562,"inform(name[Guitar Hero: Smash Hits], genres[music], player_perspective[first person], has_multiplayer[yes])","Guitar Hero: Smash Hits is a music game that lets you play in a first person perspective. It even has multiplayer, so you can play with your friends.","['Guitar Hero: Smash Hits is a music game that lets you play in a first person perspective. It even has multiplayer, so you can play with your friends.']"
viggo-challenge_train_20_percent-563,"inform(name[Metroid Prime Pinball], developer[Fuse Games], esrb[E (for Everyone)], rating[average], genres[pinball, puzzle], platforms[Nintendo])",Metroid Prime Pinball is an average pinball game by Fuse Games that is rated E (for everyone). This puzzle game is only available for Nintendo.,['Metroid Prime Pinball is an average pinball game by Fuse Games that is rated E (for everyone). This puzzle game is only available for Nintendo.']
viggo-challenge_train_20_percent-564,"inform(name[The Crew 2], exp_release_date[June 29, 2018], developer[Ivory Tower], genres[driving/racing], player_perspective[third person], has_multiplayer[yes], platforms[PlayStation, Xbox, PC])","The Crew 2 is a third person driving/racing game by Ivory Tower. It has multiplayer and will be available on PlayStation, Xbox, and PC. It will be out on June 29, 2018.","['The Crew 2 is a third person driving/racing game by Ivory Tower. It has multiplayer and will be available on PlayStation, Xbox, and PC. It will be out on June 29, 2018.']"
viggo-challenge_train_20_percent-565,"inform(name[Metro 2033], release_year[2010], genres[action, role-playing, shooter], has_multiplayer[no])","Metro 2033 is a 2010 single-player action, role-playing shooter.","['Metro 2033 is a 2010 single-player action, role-playing shooter.']"
viggo-challenge_train_20_percent-566,"inform(name[The Witcher 3: Wild Hunt], release_year[2015], rating[excellent], genres[action-adventure, role-playing], has_multiplayer[no], platforms[PlayStation, Xbox, PC], available_on_steam[yes])","The Witcher 3: Wild Hunt is an excellent action-adventure role-playing title despite its lack of multiplayer. The 2015 release of the game made it to PlayStation, Xbox, PC and Steam.","['The Witcher 3: Wild Hunt is an excellent action-adventure role-playing title despite its lack of multiplayer. The 2015 release of the game made it to PlayStation, Xbox, PC and Steam.']"
viggo-challenge_train_20_percent-567,"inform(name[Tomb Raider: The Angel of Darkness], release_year[2003], esrb[T (for Teen)], genres[action-adventure, shooter], player_perspective[third person])",Tomb Raider: The Angel of Darkness is a third person action-adventure shooter that was released in 2003 with a T rating (for Teen).,['Tomb Raider: The Angel of Darkness is a third person action-adventure shooter that was released in 2003 with a T rating (for Teen).']
viggo-challenge_train_20_percent-568,"inform(name[StarCraft], release_year[1998], rating[good], genres[real-time strategy], player_perspective[bird view], has_multiplayer[yes])",StarCraft was released in 1998 as a real-time strategy played from the bird view perspective. It is a good game and even has a multiplayer mode.,['StarCraft was released in 1998 as a real-time strategy played from the bird view perspective. It is a good game and even has a multiplayer mode.']
viggo-challenge_train_20_percent-569,"inform(name[Grand Theft Auto V], release_year[2013], developer[Rockstar North], genres[action-adventure, driving/racing, shooter])","Grand Theft Auto V, developed in 2013 by developer Rockstar North, is an action-adventure driving and shooting game.","['Grand Theft Auto V, developed in 2013 by developer Rockstar North, is an action-adventure driving and shooting game.']"
viggo-challenge_train_20_percent-570,"inform(name[SpellForce 3], developer[Grimlore Games], rating[poor], genres[real-time strategy, role-playing], player_perspective[bird view])",SpellForce 3 is a real-time strategy game developed by Grimlore Games. The game incorporates role-playing elements with a bird view and was released to poor critical reception.,['SpellForce 3 is a real-time strategy game developed by Grimlore Games. The game incorporates role-playing elements with a bird view and was released to poor critical reception.']
viggo-challenge_train_20_percent-571,"inform(name[Dirt: Showdown], genres[driving/racing, sport], player_perspective[first person, third person], has_multiplayer[yes], platforms[PlayStation, Xbox, PC], available_on_steam[no], has_linux_release[no], has_mac_release[no])","Dirt: Showdown is a game that I'm currently playing on my Xbox. I am pretty sure you could get it on PlayStation and the PC, too. It is a sport driving/racing game. I love that is is multiplayer and you can view the race by first or third person. Sadly, it is not avialable on Steam, Linux, or Mac.","[""Dirt: Showdown is a game that I'm currently playing on my Xbox. I am pretty sure you could get it on PlayStation and the PC, too. It is a sport driving/racing game. I love that is is multiplayer and you can view the race by first or third person. Sadly, it is not avialable on Steam, Linux, or Mac.""]"
viggo-challenge_train_20_percent-572,"inform(name[A Way Out], release_year[2018], rating[good], genres[action-adventure], platforms[PlayStation, Xbox, PC], available_on_steam[no], has_linux_release[no], has_mac_release[no])","A Way Out is a fun action-adventure game from 2018. The game is available for PlayStation, Xbox, or PC. Mac, Linux, and Steam do not have the game.","['A Way Out is a fun action-adventure game from 2018. The game is available for PlayStation, Xbox, or PC. Mac, Linux, and Steam do not have the game.']"
viggo-challenge_train_20_percent-573,"inform(name[TrackMania Turbo], release_year[2016], rating[good], genres[arcade, driving/racing], player_perspective[first person, third person], has_multiplayer[yes])",TrackMania Turbo is a good arcade racing game from 2016. Players can compete with one another in multiplayer mode with both first and third person perspectives.,['TrackMania Turbo is a good arcade racing game from 2016. Players can compete with one another in multiplayer mode with both first and third person perspectives.']
viggo-challenge_train_20_percent-574,"inform(name[Assassin's Creed Chronicles: India], rating[poor], genres[action-adventure, platformer], platforms[PlayStation, Xbox, PC], has_linux_release[no], has_mac_release[no])","If you like action-adventure platformer games then you might want to try Assassin's Creed Chronicles: India despite the poor rating. It is released on the PlayStation, Xbox and PC but unfortunately has no support for Linux or Mac.","[""If you like action-adventure platformer games then you might want to try Assassin's Creed Chronicles: India despite the poor rating. It is released on the PlayStation, Xbox and PC but unfortunately has no support for Linux or Mac.""]"
viggo-challenge_train_20_percent-575,"inform(name[Diablo II], release_year[2000], developer[Blizzard North], genres[hack-and-slash, role-playing], player_perspective[bird view])",Blizzard North released Diablo II in 2000. It's a hack-and-slash role-playing game with a bird's eye perspective.,"[""Blizzard North released Diablo II in 2000. It's a hack-and-slash role-playing game with a bird's eye perspective.""]"
viggo-challenge_train_20_percent-576,"inform(name[Need for Speed: Shift], rating[average], genres[driving/racing, simulation], player_perspective[first person, third person], platforms[PlayStation, Xbox, PC], available_on_steam[yes], has_linux_release[no], has_mac_release[no])","Need for Speed: Shift is an okay racing simulator. With either first person or third person view, you can enjoy driving on PlayStation, Xbox, or PC. Although you will find it on Steam, there is no Mac or Linux release.","['Need for Speed: Shift is an okay racing simulator. With either first person or third person view, you can enjoy driving on PlayStation, Xbox, or PC. Although you will find it on Steam, there is no Mac or Linux release.']"
viggo-challenge_train_20_percent-577,"inform(name[Guitar Hero: Smash Hits], genres[music], player_perspective[first person], has_multiplayer[yes])",Guitar Hero: Smash Hits is a first person music game that has multiplayer.,['Guitar Hero: Smash Hits is a first person music game that has multiplayer.']
viggo-challenge_train_20_percent-578,"inform(name[Age of Wonders II: The Wizard's Throne], genres[role-playing, turn-based strategy], platforms[PC], available_on_steam[yes])",Age of Wonders II: The Wizard's Throne is a turn-based role-playing strategy game for PC only. It is available on Steam.,"[""Age of Wonders II: The Wizard's Throne is a turn-based role-playing strategy game for PC only. It is available on Steam.""]"
viggo-challenge_train_20_percent-579,"inform(name[Little Big Adventure], release_year[1994], developer[Adeline Software International], esrb[T (for Teen)], rating[average], genres[action-adventure], player_perspective[third person], has_multiplayer[no])",Little Big Adventure is an average third person action-adventure game with no multiplayer that is rated T (for Teen). It was developed by Adeline Software International and released in 1994.,['Little Big Adventure is an average third person action-adventure game with no multiplayer that is rated T (for Teen). It was developed by Adeline Software International and released in 1994.']
viggo-challenge_train_20_percent-580,"inform(name[Anthem], exp_release_date[February 22, 2019], genres[action-adventure, role-playing, shooter], player_perspective[third person], has_multiplayer[yes], platforms[PlayStation, Xbox, PC])","Anthem is a third person action-adventure role-playing shooter game with multiplayer. You can play it on PlayStation, Xbox, and PC, and will be out on February 22, 2019.","['Anthem is a third person action-adventure role-playing shooter game with multiplayer. You can play it on PlayStation, Xbox, and PC, and will be out on February 22, 2019.']"
viggo-challenge_train_20_percent-581,"inform(name[Euro Truck Simulator], release_year[2008], rating[poor], genres[driving/racing, simulation], player_perspective[first person])",Euro Truck Simulator from 2008 was a poor driving/racing simulation game. It was first person.,['Euro Truck Simulator from 2008 was a poor driving/racing simulation game. It was first person.']
viggo-challenge_train_20_percent-582,"inform(name[Rocket League], release_year[2015], esrb[E (for Everyone)], genres[sport, vehicular combat], has_multiplayer[yes])","A vehicular combat game featuring sport aspects, Rocket League, was released in 2015. The game is rated E (for Everyone) and offers a multiplayer mode.","['A vehicular combat game featuring sport aspects, Rocket League, was released in 2015. The game is rated E (for Everyone) and offers a multiplayer mode.']"
viggo-challenge_train_20_percent-583,"inform(name[The Last of Us], release_year[2013], developer[Naughty Dog], esrb[M (for Mature)], genres[action-adventure, shooter], player_perspective[third person], platforms[PlayStation])","The Last of Us is a 2013 action-adventure shooter that was developed by Naughty Dog for the PlayStation. You can play this from a third person perspective. However, this game is rated M for mature audiences.","['The Last of Us is a 2013 action-adventure shooter that was developed by Naughty Dog for the PlayStation. You can play this from a third person perspective. However, this game is rated M for mature audiences.']"
viggo-challenge_train_20_percent-584,"inform(name[Life is Strange], esrb[M (for Mature)], rating[good], genres[role-playing], player_perspective[third person])",Life is Strange is a good role-playing game played in third person. It is rated M (for Mature).,['Life is Strange is a good role-playing game played in third person. It is rated M (for Mature).']
viggo-challenge_train_20_percent-585,"inform(name[God of War], release_year[2018], rating[excellent], genres[action-adventure, platformer, role-playing], player_perspective[third person], platforms[PlayStation])",God of War is an excellent action-adventure platformer that came out in 2018 for PlayStation. The role-playing game is third person.,['God of War is an excellent action-adventure platformer that came out in 2018 for PlayStation. The role-playing game is third person.']
viggo-challenge_train_20_percent-586,"inform(name[NBA 2K19], exp_release_date[September 11, 2018], developer[Visual Concepts], genres[sport])","NBA 2K19 is a sports game that will be released on September 11, 2018 by the developer Visual Concepts.","['NBA 2K19 is a sports game that will be released on September 11, 2018 by the developer Visual Concepts.']"
viggo-challenge_train_20_percent-587,"inform(name[Undertale], rating[excellent], genres[adventure, indie, role-playing], platforms[PlayStation, Nintendo Switch, PC], available_on_steam[yes], has_linux_release[yes], has_mac_release[yes])","Undertale is an indie adventure role-playing game with an excellent rating. It's available on PlayStation, Nintendo Switch, and PC. You can also buy this game on the Steam store. If you were wondering if this game has a Linux or Mac release, the answer is yes and yes.","[""Undertale is an indie adventure role-playing game with an excellent rating. It's available on PlayStation, Nintendo Switch, and PC. You can also buy this game on the Steam store. If you were wondering if this game has a Linux or Mac release, the answer is yes and yes.""]"
viggo-challenge_train_20_percent-588,"inform(name[Outlast II], release_year[2017], rating[average], genres[adventure, indie], has_multiplayer[no], platforms[PlayStation, Xbox, Nintendo Switch, PC], has_linux_release[no], has_mac_release[yes])","If you're looking for an indie adventure game with decent reviews, you should try Outlast II. It came out in 2017 on PlayStation, Xbox, and Nintendo Switch. It's also on PC and Mac but not on Linux. It's single-player only.","[""If you're looking for an indie adventure game with decent reviews, you should try Outlast II. It came out in 2017 on PlayStation, Xbox, and Nintendo Switch. It's also on PC and Mac but not on Linux. It's single-player only.""]"
viggo-challenge_train_20_percent-589,"inform(name[Mafia], genres[driving/racing, fighting, shooter], has_multiplayer[no], platforms[PlayStation, Xbox, PC], available_on_steam[yes], has_linux_release[no], has_mac_release[no])","Mafia is a driving and fighting shooter game that was released for PlayStation, Xbox, and PC. It is available on Steam. It does not have multiplayer support and is not available on Mac or Linux.","['Mafia is a driving and fighting shooter game that was released for PlayStation, Xbox, and PC. It is available on Steam. It does not have multiplayer support and is not available on Mac or Linux.']"
viggo-challenge_train_20_percent-590,"inform(name[Super Bomberman], release_year[1993], developer[Hudson Soft], esrb[E (for Everyone)], rating[average], genres[action, strategy], player_perspective[bird view], has_multiplayer[no])",Super Bomberman is a bird's eye view action strategy game developed by Hudson Soft and released in 1993. The game has an E (for Everyone) rating and received average reviews from players. The game has no multiplayer support.,"[""Super Bomberman is a bird's eye view action strategy game developed by Hudson Soft and released in 1993. The game has an E (for Everyone) rating and received average reviews from players. The game has no multiplayer support.""]"
viggo-challenge_train_20_percent-591,"inform(name[Driver], release_year[1999], developer[Reflections Interactive], genres[driving/racing, simulation], platforms[PlayStation, PC], has_linux_release[no], has_mac_release[yes])","Maybe try Driver, it's a driving simulator released in 1999 by Reflections Interactive. It's available on PlayStation and PC with support for Mac but not Linux.","[""Maybe try Driver, it's a driving simulator released in 1999 by Reflections Interactive. It's available on PlayStation and PC with support for Mac but not Linux.""]"
viggo-challenge_train_20_percent-592,"inform(name[Alan Wake's American Nightmare], release_year[2012], esrb[T (for Teen)], rating[poor], genres[action-adventure, shooter], player_perspective[third person])","Alan Wake's American Nightmare is a third person shooter from 2012. It is an action-adventure with a T (for Teen). Unfortunately, its reviews were pretty poor.","[""Alan Wake's American Nightmare is a third person shooter from 2012. It is an action-adventure with a T (for Teen). Unfortunately, its reviews were pretty poor.""]"
viggo-challenge_train_20_percent-593,"inform(name[Euro Truck Simulator], rating[poor], genres[driving/racing, simulation], has_multiplayer[no], platforms[PC], available_on_steam[yes], has_linux_release[no], has_mac_release[yes])","Euro Truck Simulator driving/racing, simulation game with no multiplayer. It's out on PC, Steam, and Mac with no Linux release. It got poor reviews.","[""Euro Truck Simulator driving/racing, simulation game with no multiplayer. It's out on PC, Steam, and Mac with no Linux release. It got poor reviews.""]"
viggo-challenge_train_20_percent-594,"inform(name[Outlast II], rating[average], genres[adventure, indie], platforms[PlayStation, Xbox, Nintendo Switch, PC], has_linux_release[no], has_mac_release[yes])","Outlast II is an indie adventure game with average ratings for PlayStation, Xbox, Nintendo Switch, and PC. It is supported on Mac, but it is not on Linux.","['Outlast II is an indie adventure game with average ratings for PlayStation, Xbox, Nintendo Switch, and PC. It is supported on Mac, but it is not on Linux.']"
viggo-challenge_train_20_percent-595,"inform(name[Tony Hawk's Pro Skater 3], release_year[2001], developer[Neversoft Entertainment], genres[sport], player_perspective[third person])",Tony Hawk's Pro Skater 3 is a sports game that was released in 2001 from Neversoft Entertainment. It is played primarily in third person view.,"[""Tony Hawk's Pro Skater 3 is a sports game that was released in 2001 from Neversoft Entertainment. It is played primarily in third person view.""]"
viggo-challenge_train_20_percent-596,"inform(name[Assassin's Creed II], developer[Ubisoft Montreal], genres[action-adventure, platformer], player_perspective[third person])",Assassin's Creed II is an action-adventure platformer that was released by Ubisoft Montreal. It is played in the third person.,"[""Assassin's Creed II is an action-adventure platformer that was released by Ubisoft Montreal. It is played in the third person.""]"
viggo-challenge_train_20_percent-597,"inform(name[Spider-Man], exp_release_date[September 7, 2018], developer[Insomniac Games], genres[action-adventure], player_perspective[third person], platforms[PlayStation])","Insomniac Games should release Spider-Man on September 7, 2018. It will be a third person action-adventure game for PlayStation.","['Insomniac Games should release Spider-Man on September 7, 2018. It will be a third person action-adventure game for PlayStation.']"
viggo-challenge_train_20_percent-598,"inform(name[Age of Wonders II: The Wizard's Throne], release_year[2002], rating[poor], genres[role-playing, turn-based strategy], platforms[PC], has_linux_release[no], has_mac_release[no])",Age of Wonders II: The Wizard's Throne is a poorly-rated 2002 role-playing and turn-based strategy game. It's available on PC but doesn't have a Linux or Mac release.,"[""Age of Wonders II: The Wizard's Throne is a poorly-rated 2002 role-playing and turn-based strategy game. It's available on PC but doesn't have a Linux or Mac release.""]"
viggo-challenge_train_20_percent-599,"inform(name[Need for Speed: Shift], release_year[2009], developer[Slightly Mad Studios], genres[driving/racing, simulation], player_perspective[first person, third person], platforms[PlayStation, Xbox, PC], has_linux_release[no], has_mac_release[no])","The driving simulation game, Need for Speed: Shift, was developed in 2009 by Slightly Mad Studios for PlayStation, Xbox, and PC. This racing game can be played first or third person, but has no Linux or Mac release.","['The driving simulation game, Need for Speed: Shift, was developed in 2009 by Slightly Mad Studios for PlayStation, Xbox, and PC. This racing game can be played first or third person, but has no Linux or Mac release.']"
viggo-challenge_train_20_percent-600,"inform(name[TrackMania Turbo], release_year[2016], developer[Nadeo], rating[good], genres[arcade, driving/racing], player_perspective[first person, third person])",TrackMania Turbo is a fun game that came out in 2016. It was made by Nadeo and is a driving/racing arcade style of game. You can view the race in first person or third person.,['TrackMania Turbo is a fun game that came out in 2016. It was made by Nadeo and is a driving/racing arcade style of game. You can view the race in first person or third person.']
viggo-challenge_train_20_percent-601,"inform(name[Life is Strange], release_year[2015], rating[good], genres[role-playing], platforms[PlayStation, Xbox, PC], available_on_steam[yes], has_linux_release[yes], has_mac_release[yes])","Life is Strange from 2015 is a good RPG for PlayStation, Xbox, and PC through Steam. There is Mac and Linux support.","['Life is Strange from 2015 is a good RPG for PlayStation, Xbox, and PC through Steam. There is Mac and Linux support.']"
viggo-challenge_train_20_percent-602,"inform(name[Dance Dance Revolution Universe 3], esrb[E (for Everyone)], genres[music], platforms[Xbox])",Dance Dance Revolution Universe 3 is a music game you can play on Xbox. It's rated E (for Everyone).,"[""Dance Dance Revolution Universe 3 is a music game you can play on Xbox. It's rated E (for Everyone).""]"
viggo-challenge_train_20_percent-603,"inform(name[Resident Evil 4], release_year[2005], genres[action-adventure, shooter])","Resident Evil 4 came out in 2005, and many hail it as the game that redefined the action-adventure shooter genre.","['Resident Evil 4 came out in 2005, and many hail it as the game that redefined the action-adventure shooter genre.']"
viggo-challenge_train_20_percent-604,"inform(name[Euro Truck Simulator], rating[poor], genres[driving/racing, simulation], platforms[PC], has_linux_release[no], has_mac_release[yes])","Euro Truck Simulator is a poor driving/racing, simulation game. It's available for PC and Mac, but there was no Linux release.","[""Euro Truck Simulator is a poor driving/racing, simulation game. It's available for PC and Mac, but there was no Linux release.""]"
viggo-challenge_train_20_percent-605,"inform(name[Trivial Pursuit], developer[Electronic Arts], rating[poor], genres[trivia/board game], has_multiplayer[yes])",Trivial Pursuit is a poor multiplayer trivia/board game. It was developed by Electronic Arts.,['Trivial Pursuit is a poor multiplayer trivia/board game. It was developed by Electronic Arts.']
viggo-challenge_train_20_percent-606,"inform(name[Tony Hawk's Pro Skater 3], release_year[2001], esrb[T (for Teen)], genres[sport], player_perspective[third person])",Tony Hawk's Pro Skater 3 was a third person sport game released in 2001. It was rated T (for Teen).,"[""Tony Hawk's Pro Skater 3 was a third person sport game released in 2001. It was rated T (for Teen).""]"
viggo-challenge_train_20_percent-607,"inform(name[Far Cry 3], esrb[M (for Mature)], rating[good], genres[action-adventure, shooter], player_perspective[first person])",Far Cry 3 is a good first person shooter. The action-adventure game is rated M (for Mature).,['Far Cry 3 is a good first person shooter. The action-adventure game is rated M (for Mature).']
viggo-challenge_train_20_percent-608,"inform(name[Grand Theft Auto V], esrb[M (for Mature)], genres[action-adventure, driving/racing, shooter], player_perspective[first person, third person], has_multiplayer[yes])",Grand Theft Auto V is an action-adventure game that also has driving/racing and shooter mechanics in it. It has multiplayer and can be played in either the first person or third person perspective. It is rated M (for Mature).,['Grand Theft Auto V is an action-adventure game that also has driving/racing and shooter mechanics in it. It has multiplayer and can be played in either the first person or third person perspective. It is rated M (for Mature).']
viggo-challenge_train_20_percent-609,"inform(name[Little Nightmares], developer[Tarsier Studios], genres[adventure, platformer, puzzle], platforms[PlayStation, Xbox, PC], has_linux_release[yes], has_mac_release[no])","Little Nightmares is an adventure puzzle game by Tarsier Studios. The platformer game is available on PlayStation, Xbox, and PC. The title is not available on Mac, but can be played on Linux.","['Little Nightmares is an adventure puzzle game by Tarsier Studios. The platformer game is available on PlayStation, Xbox, and PC. The title is not available on Mac, but can be played on Linux.']"
viggo-challenge_train_20_percent-610,"inform(name[Assetto Corsa], release_year[2014], esrb[E (for Everyone)], genres[driving/racing, simulation, sport], has_multiplayer[yes], platforms[PlayStation, Xbox, PC], has_linux_release[yes], has_mac_release[no])","Assetto Corsa is a game that was released in 2014 and is a driving/racing simulation sport game that offers a multiplayer mode to play and compete with your friends and enemies alike. The game is rated E (for Everyone) and is available on PlayStation, Xbox, PC. It's also available on Linux, but not on Mac.","[""Assetto Corsa is a game that was released in 2014 and is a driving/racing simulation sport game that offers a multiplayer mode to play and compete with your friends and enemies alike. The game is rated E (for Everyone) and is available on PlayStation, Xbox, PC. It's also available on Linux, but not on Mac.""]"
viggo-challenge_train_20_percent-611,"inform(name[The Elder Scrolls V: Skyrim], genres[adventure, role-playing], has_multiplayer[no], platforms[PlayStation, Xbox, Nintendo, PC], available_on_steam[yes])","The Elder Scrolls V: Skyrim is an adventure role-playing game available on PlayStation, Xbox, Nintendo, and PC. It's available on Steam, but does not offer multiplayer.","[""The Elder Scrolls V: Skyrim is an adventure role-playing game available on PlayStation, Xbox, Nintendo, and PC. It's available on Steam, but does not offer multiplayer.""]"
viggo-challenge_train_20_percent-612,"inform(name[Grand Theft Auto V], release_year[2013], esrb[M (for Mature)], genres[action-adventure, driving/racing, shooter], has_multiplayer[yes])",Grand Theft Auto V was released in 2013 as an action-adventure shooter in which you can also drive around. It has multiplayer capabilities and is rated M (for Mature).,['Grand Theft Auto V was released in 2013 as an action-adventure shooter in which you can also drive around. It has multiplayer capabilities and is rated M (for Mature).']
viggo-challenge_train_20_percent-613,"inform(name[Ori and the Blind Forest], genres[adventure, platformer, puzzle], has_multiplayer[no], platforms[Xbox, PC])",Ori and the Blind Forest is an adventure puzzle platformer for Xbox and PC that has no multiplayer function.,['Ori and the Blind Forest is an adventure puzzle platformer for Xbox and PC that has no multiplayer function.']
viggo-challenge_train_20_percent-614,"inform(name[Max Payne], release_year[2001], genres[action-adventure, shooter], player_perspective[third person], platforms[PlayStation, Xbox, PC], available_on_steam[yes], has_linux_release[no], has_mac_release[yes])","If you like third person action-adventure shooter games, then you should try the 2001 video game called Max Payne. It released on the PlayStation, Xbox, PC, and Mac. It's available on Steam but unfortunately has no support for Linux.","[""If you like third person action-adventure shooter games, then you should try the 2001 video game called Max Payne. It released on the PlayStation, Xbox, PC, and Mac. It's available on Steam but unfortunately has no support for Linux.""]"
viggo-challenge_train_20_percent-615,"inform(name[Hellblade: Senua's Sacrifice], rating[excellent], genres[adventure, hack-and-slash, indie], platforms[PlayStation, Xbox, PC], available_on_steam[yes], has_linux_release[no], has_mac_release[no])","If you like hack-and-slash adventure games, you should try Hellblade: Senua's Sacrifice. It's an excellent indie game that you can play on PlayStation, Xbox, PC and it's available on Steam, though it doesn't run on Linux or Mac.","[""If you like hack-and-slash adventure games, you should try Hellblade: Senua's Sacrifice. It's an excellent indie game that you can play on PlayStation, Xbox, PC and it's available on Steam, though it doesn't run on Linux or Mac.""]"
viggo-challenge_train_20_percent-616,"inform(name[Crysis], release_year[2007], esrb[M (for Mature)], rating[good], genres[action-adventure, shooter])","A good action-adventure shooter for mature audiences is Crysis, released in 2007.","['A good action-adventure shooter for mature audiences is Crysis, released in 2007.']"
viggo-challenge_train_20_percent-617,"inform(name[Little Big Adventure], release_year[1994], rating[average], genres[action-adventure], platforms[PlayStation, PC], available_on_steam[yes], has_linux_release[no], has_mac_release[yes])","The 1994 action-adventure game, Little Big Adventure, was released for PlayStation and PC. The game, which has no great reviews, is on Steam and has a Mac release, but no Linux release.","['The 1994 action-adventure game, Little Big Adventure, was released for PlayStation and PC. The game, which has no great reviews, is on Steam and has a Mac release, but no Linux release.']"
viggo-challenge_train_20_percent-618,"inform(name[Tom Clancy's Splinter Cell: Chaos Theory], release_year[2005], genres[action, tactical], player_perspective[first person, third person], has_multiplayer[yes])",Tom Clancy's Splinter Cell: Chaos Theory is a tactical action game that was released in 2005. It has multiplayer capabilities and is played in first and third person perspective.,"[""Tom Clancy's Splinter Cell: Chaos Theory is a tactical action game that was released in 2005. It has multiplayer capabilities and is played in first and third person perspective.""]"
viggo-challenge_train_20_percent-619,"inform(name[Sid Meier's Civilization V], developer[Firaxis Games], esrb[E 10+ (for Everyone 10 and Older)], rating[good], genres[simulation, turn-based strategy], player_perspective[bird view])",Sid Meier's Civilization V is a turn-based simulation strategy that features a bird view perspective. It was developed by Firaxis Games and has ESRB rating of E 10+ (for everyone 10 and older). It has received overall good ratings.,"[""Sid Meier's Civilization V is a turn-based simulation strategy that features a bird view perspective. It was developed by Firaxis Games and has ESRB rating of E 10+ (for everyone 10 and older). It has received overall good ratings.""]"
viggo-challenge_train_20_percent-620,"inform(name[Superhot], release_year[2016], rating[average], genres[indie, shooter, tactical], platforms[PlayStation, Xbox, PC], available_on_steam[yes], has_linux_release[yes], has_mac_release[yes])","Superhot is an indie tactical shooter with overall average reviews. It's available on all platforms; PlayStation, Xbox, Linux, Mac, and originally launched on PC through Steam in 2016.","[""Superhot is an indie tactical shooter with overall average reviews. It's available on all platforms; PlayStation, Xbox, Linux, Mac, and originally launched on PC through Steam in 2016.""]"
viggo-challenge_train_20_percent-621,"inform(name[Need for Speed: Shift], release_year[2009], developer[Slightly Mad Studios], rating[average], genres[driving/racing, simulation], player_perspective[first person, third person])","Need for Speed: Shift from Slightly Mad Studios is a racing simulation game that came out in 2009. At an average rating, the game features both first and third person perspective.","['Need for Speed: Shift from Slightly Mad Studios is a racing simulation game that came out in 2009. At an average rating, the game features both first and third person perspective.']"
viggo-challenge_train_20_percent-622,"inform(name[The Elder Scrolls Online], release_year[2014], esrb[M (for Mature)], rating[average], genres[MMORPG], player_perspective[first person, third person])",The Elder Scrolls Online is an average MMORPG rated M (for Mature). The game was released in 2014 and features a first and third person point of view.,['The Elder Scrolls Online is an average MMORPG rated M (for Mature). The game was released in 2014 and features a first and third person point of view.']
viggo-challenge_train_20_percent-623,"inform(name[Small World 2], developer[Days of Wonder], genres[indie, trivia/board game], has_multiplayer[yes], platforms[PC], available_on_steam[yes])",Small World 2 from Days of Wonder is an indie trivia/board game with multiplayer for the PC through Steam.,['Small World 2 from Days of Wonder is an indie trivia/board game with multiplayer for the PC through Steam.']
viggo-challenge_train_20_percent-624,"inform(name[Silent Hill 2], release_year[2001], developer[Konami Computer Entertainment Tokyo], genres[action-adventure, puzzle], has_multiplayer[no])",Silent Hill 2 was released in 2001 by Konami Computer Entertainment Tokyo. It's a single-player action-adventure puzzle game.,"[""Silent Hill 2 was released in 2001 by Konami Computer Entertainment Tokyo. It's a single-player action-adventure puzzle game.""]"
viggo-challenge_train_20_percent-625,"inform(name[BioShock], developer[2K Boston], genres[action-adventure, role-playing, shooter], has_multiplayer[no], platforms[PlayStation, Xbox, PC], has_linux_release[no], has_mac_release[yes])","BioShock is an action-adventure shooter with some role-playing to it. The developers, 2K Boston, did not equip it with a multiplayer mode, but it can still be played on PlayStation, Xbox, and PC. You can play it on Mac, but there is no Linux release.","['BioShock is an action-adventure shooter with some role-playing to it. The developers, 2K Boston, did not equip it with a multiplayer mode, but it can still be played on PlayStation, Xbox, and PC. You can play it on Mac, but there is no Linux release.']"
viggo-challenge_train_20_percent-626,"inform(name[NBA 2K16], release_year[2015], developer[Visual Concepts], esrb[E 10+ (for Everyone 10 and Older)], rating[good], genres[sport], player_perspective[third person], has_multiplayer[yes])",NBA 2K16 is a 2015 third person multiplayer sport game that was developed by Visual Concepts. It has good reviews and was rated E 10+ (for Everyone 10 and Older).,['NBA 2K16 is a 2015 third person multiplayer sport game that was developed by Visual Concepts. It has good reviews and was rated E 10+ (for Everyone 10 and Older).']
viggo-challenge_train_20_percent-627,"inform(name[Might & Magic: Heroes VI], rating[average], genres[role-playing, turn-based strategy], platforms[PC], available_on_steam[yes], has_linux_release[no], has_mac_release[no])","If you're into PC role-playing games with turn-based strategy, look no further than Might & Magic: Heroes VI. Although this particular title isn't available on Linux or Mac, you can find it at the Steam store. People consider this game average, and it has received ratings that reflect that.","[""If you're into PC role-playing games with turn-based strategy, look no further than Might & Magic: Heroes VI. Although this particular title isn't available on Linux or Mac, you can find it at the Steam store. People consider this game average, and it has received ratings that reflect that.""]"
viggo-challenge_train_20_percent-628,"inform(name[Silent Hill 2], developer[Konami Computer Entertainment Tokyo], esrb[M (for Mature)], rating[excellent], genres[action-adventure, puzzle], player_perspective[third person])",Silent Hill 2 is an excellent third person action-adventure puzzle game. The game was developed by Konami Computer Entertainment Tokyo and was rated M (for Mature).,['Silent Hill 2 is an excellent third person action-adventure puzzle game. The game was developed by Konami Computer Entertainment Tokyo and was rated M (for Mature).']
viggo-challenge_train_20_percent-629,"inform(name[Driver], developer[Reflections Interactive], rating[average], genres[driving/racing, simulation], has_multiplayer[no], platforms[PlayStation, PC], available_on_steam[no])","Driver is a driving simulation game developed by Reflections Interactive which received average reviews. It has no multiplayer, but is available on PlayStation and PC. The game is not available on Steam.","['Driver is a driving simulation game developed by Reflections Interactive which received average reviews. It has no multiplayer, but is available on PlayStation and PC. The game is not available on Steam.']"
viggo-challenge_train_20_percent-630,"inform(name[Undertale], developer[tobyfox], rating[excellent], genres[adventure, indie, role-playing])","Undertale is an indie, adventure, role-playing game by the developer tobyfox. It have received overall excellent ratings.","['Undertale is an indie, adventure, role-playing game by the developer tobyfox. It have received overall excellent ratings.']"
viggo-challenge_train_20_percent-631,"inform(name[World of Warcraft], release_year[2004], genres[adventure, MMORPG], platforms[PC], available_on_steam[no], has_linux_release[no], has_mac_release[yes])","World of Warcraft is an adventure MMORPG game released in 2004. It's not available on Steam and you can't play on Linux, but you can play it on PC and Mac.","[""World of Warcraft is an adventure MMORPG game released in 2004. It's not available on Steam and you can't play on Linux, but you can play it on PC and Mac.""]"
viggo-challenge_train_20_percent-632,"inform(name[Diablo II], release_year[2000], genres[hack-and-slash, role-playing], has_multiplayer[yes], platforms[PC], available_on_steam[no], has_linux_release[no], has_mac_release[yes])","Diablo II was released in 2000. It is a hack-and-slash role-playing game that has a multiplayer option. The game is available for PC, and was released for Mac, but it is not available on Steam, or for Linux.","['Diablo II was released in 2000. It is a hack-and-slash role-playing game that has a multiplayer option. The game is available for PC, and was released for Mac, but it is not available on Steam, or for Linux.']"
viggo-challenge_train_20_percent-633,"inform(name[NBA 2K16], rating[good], genres[sport], player_perspective[third person], has_multiplayer[yes], platforms[PlayStation, Xbox, PC], available_on_steam[yes])","A good third person sports game with multiplayer is NBA 2k16. It's available on PlayStation or Xbox, or on Steam for PC.","[""A good third person sports game with multiplayer is NBA 2k16. It's available on PlayStation or Xbox, or on Steam for PC.""]"
viggo-challenge_train_20_percent-634,"inform(name[Tom Clancy's Splinter Cell: Chaos Theory], release_year[2005], developer[Ubisoft Montreal], esrb[M (for Mature)], genres[action, tactical], player_perspective[first person, third person], has_multiplayer[yes])","In 2005 Ubisoft Montreal released Tom Clancy's Splinter Cell: Chaos Theory, a multiplayer tactical action game rated M (for Mature). It allows you to switch between first and third person view.","[""In 2005 Ubisoft Montreal released Tom Clancy's Splinter Cell: Chaos Theory, a multiplayer tactical action game rated M (for Mature). It allows you to switch between first and third person view.""]"
viggo-challenge_train_20_percent-635,"inform(name[Mafia], release_year[2002], developer[Illusion Softworks], rating[excellent], genres[driving/racing, fighting, shooter], player_perspective[third person])","If you are looking for a shooter game that also has driving, racing and fighting you'll enjoy 2002's Mafia. You'll play in third person and the game has an excellent rating which is a solid nod to its developer Illusion Softworks.","[""If you are looking for a shooter game that also has driving, racing and fighting you'll enjoy 2002's Mafia. You'll play in third person and the game has an excellent rating which is a solid nod to its developer Illusion Softworks.""]"
viggo-challenge_train_20_percent-636,"inform(name[BioShock], release_year[2007], developer[2K Boston], genres[action-adventure, role-playing, shooter])","In 2007, 2K Boston released BioShock. It is an action-adventure role-playing shooter game.","['In 2007, 2K Boston released BioShock. It is an action-adventure role-playing shooter game.']"
viggo-challenge_train_20_percent-637,"inform(name[Super Bomberman], release_year[1993], developer[Hudson Soft], genres[action, strategy])",Super Bomberman was released by Hudson Soft in 1993 and is an action strategy game.,['Super Bomberman was released by Hudson Soft in 1993 and is an action strategy game.']
viggo-challenge_train_20_percent-638,"inform(name[Mafia], release_year[2002], developer[Illusion Softworks], esrb[M (for Mature)], rating[excellent], genres[driving/racing, fighting, shooter], player_perspective[third person], has_multiplayer[no])","If you want to try an awesome shooting and driving game, you should check out Mafia, by Illusion Softworks, which also includes some fighting elements. You can only play it single-player, but you can switch to the third person perspective. It is an M-rated game from 2002.","['If you want to try an awesome shooting and driving game, you should check out Mafia, by Illusion Softworks, which also includes some fighting elements. You can only play it single-player, but you can switch to the third person perspective. It is an M-rated game from 2002.']"
viggo-challenge_train_20_percent-639,"inform(name[Far Cry 3], developer[Ubisoft Massive], genres[action-adventure, shooter], player_perspective[first person])",Far Cry 3 is an action-adventure shooter from an entirely first person perspective. It's under the care of Ubisoft Massive.,"[""Far Cry 3 is an action-adventure shooter from an entirely first person perspective. It's under the care of Ubisoft Massive.""]"
viggo-challenge_train_20_percent-640,"inform(name[Tomb Raider: The Angel of Darkness], release_year[2003], esrb[T (for Teen)], genres[action-adventure, shooter], player_perspective[third person])",Tomb Raider: The Angel of Darkness is a third person action-adventure shooter from 2003. It has a T (for Teen) rating.,['Tomb Raider: The Angel of Darkness is a third person action-adventure shooter from 2003. It has a T (for Teen) rating.']
viggo-challenge_train_20_percent-641,"inform(name[Uncharted 4: A Thief's End], release_year[2016], developer[Naughty Dog], rating[excellent], genres[action-adventure, shooter], player_perspective[third person], platforms[PlayStation])","Uncharted 4: A Thief's End, by Naughty Dog came out 2016 with excellent ratings. It's an action-adventure third person shooter game exclusively for the PlayStation platform.","[""Uncharted 4: A Thief's End, by Naughty Dog came out 2016 with excellent ratings. It's an action-adventure third person shooter game exclusively for the PlayStation platform.""]"
viggo-challenge_train_20_percent-642,"inform(name[Quantum Break], release_year[2016], developer[Remedy Entertainment], rating[average], genres[adventure, shooter], player_perspective[third person])",Quantum Break by Remedy Entertainment in 2016 is a third person adventure shooter with average ratings.,['Quantum Break by Remedy Entertainment in 2016 is a third person adventure shooter with average ratings.']
viggo-challenge_train_20_percent-643,"inform(name[Need for Speed: Most Wanted], genres[driving/racing], player_perspective[first person, third person], has_multiplayer[yes], platforms[PlayStation, Xbox, Nintendo, PC], available_on_steam[no], has_linux_release[no], has_mac_release[no])","If you're in the market for a driving or racing game to play with your friends, Need for Speed: Most Wanted is a game to buy. It is available for the following platforms: PlayStation, Xbox, Nintendo and PC, although you will neither find it on Steam, nor on Mac or Linux systems. In the game, you can switch between first and third person view.","[""If you're in the market for a driving or racing game to play with your friends, Need for Speed: Most Wanted is a game to buy. It is available for the following platforms: PlayStation, Xbox, Nintendo and PC, although you will neither find it on Steam, nor on Mac or Linux systems. In the game, you can switch between first and third person view.""]"
viggo-challenge_train_20_percent-644,"recommend(name[The Forest of Doom], has_mac_release[yes])",Ever heard of The Forest of Doom on Mac?,['Ever heard of The Forest of Doom on Mac?']
viggo-challenge_train_20_percent-645,"recommend(name[Outlast II], genres[adventure, indie], player_perspective[first person])",Are you familiar with Outlast II? It's this great first person indie adventure game.,"[""Are you familiar with Outlast II? It's this great first person indie adventure game.""]"
viggo-challenge_train_20_percent-646,"recommend(name[Stronghold 2], developer[Firefly Studios], platforms[PC])","One of my favorite PC games made by Firefly Studios is Stronghold 2, are you familiar with it?","['One of my favorite PC games made by Firefly Studios is Stronghold 2, are you familiar with it?']"
viggo-challenge_train_20_percent-647,"recommend(name[Age of Empires II: The Age of Kings], release_year[1999], developer[Ensemble Studios])","Speaking of games from 1999, have you ever heard of the Ensemble Studios game Age of Empires II: The Age of Kings?","['Speaking of games from 1999, have you ever heard of the Ensemble Studios game Age of Empires II: The Age of Kings?']"
viggo-challenge_train_20_percent-648,"recommend(name[Assetto Corsa], developer[Kunos Simulazioni], player_perspective[first person])","While we're on the subject of first person games made by Kunos Simulazioni, have you ever played Assetto Corsa?","[""While we're on the subject of first person games made by Kunos Simulazioni, have you ever played Assetto Corsa?""]"
viggo-challenge_train_20_percent-649,"recommend(name[The Forest of Doom], platforms[PC])","Speaking of great PC games, have you heard of The Forest of Doom?","['Speaking of great PC games, have you heard of The Forest of Doom?']"
viggo-challenge_train_20_percent-650,"recommend(name[Super Mario World], genres[platformer], player_perspective[side view])","If you're after a side scrolling platformer, Super Mario World is a fun game. Have you ever played it before?","[""If you're after a side scrolling platformer, Super Mario World is a fun game. Have you ever played it before?""]"
viggo-challenge_train_20_percent-651,"recommend(name[Resident Evil 4], genres[action-adventure, shooter], platforms[Nintendo])","A fun action-adventure shooter for Nintendo is Resident Evil 4, have you heard of it?","['A fun action-adventure shooter for Nintendo is Resident Evil 4, have you heard of it?']"
viggo-challenge_train_20_percent-652,"recommend(name[Uncharted 4: A Thief's End], genres[action-adventure, shooter], player_perspective[third person])","When it comes to third person action-adventure shooters, Uncharted 4: A Thief's End is a pretty famous one. Have you played it before?","[""When it comes to third person action-adventure shooters, Uncharted 4: A Thief's End is a pretty famous one. Have you played it before?""]"
viggo-challenge_train_20_percent-653,"recommend(name[Resident Evil 4], genres[action-adventure, shooter], platforms[Nintendo])",Have you ever tried the Nintendo action-adventure shooting game Resident Evil 4?,['Have you ever tried the Nintendo action-adventure shooting game Resident Evil 4?']
viggo-challenge_train_20_percent-654,"recommend(name[Age of Empires II: The Age of Kings], developer[Ensemble Studios], esrb[T (for Teen)])","Speaking of T (for Teen) games from Ensemble Studios, have you heard of Age of Empires II: The Age of Kings?","['Speaking of T (for Teen) games from Ensemble Studios, have you heard of Age of Empires II: The Age of Kings?']"
viggo-challenge_train_20_percent-655,"recommend(name[The Wolf Among Us], release_year[2013], genres[adventure, point-and-click])","Since I know you like point-and-click games, have you tried the 2013 adventure game The Wolf Among Us?","['Since I know you like point-and-click games, have you tried the 2013 adventure game The Wolf Among Us?']"
viggo-challenge_train_20_percent-656,"recommend(name[Uncharted 4: A Thief's End], genres[action-adventure, shooter], player_perspective[third person])",If you're into third person action-adventure shooters then I'd recommend Uncharted 4: A Thief's End. Have you played it?,"[""If you're into third person action-adventure shooters then I'd recommend Uncharted 4: A Thief's End. Have you played it?""]"
viggo-challenge_train_20_percent-657,"recommend(name[Sid Meier's Civilization V], has_mac_release[yes])","I know there's not many Mac games out there, but a solid one is Sid Meier's Civilization V. Have you played it, by any chance?","[""I know there's not many Mac games out there, but a solid one is Sid Meier's Civilization V. Have you played it, by any chance?""]"
viggo-challenge_train_20_percent-658,"recommend(name[The Wolf Among Us], developer[Telltale Games], genres[adventure, point-and-click])","So, speaking of point-and-click adventure games released by Telltale Games, have you heard of The Wolf Among Us?","['So, speaking of point-and-click adventure games released by Telltale Games, have you heard of The Wolf Among Us?']"
viggo-challenge_train_20_percent-659,"recommend(name[Need for Speed: Most Wanted], release_year[2005], genres[driving/racing])","A 2005 driving/racing game I thought was fun was Need for Speed: Most Wanted, are you familiar with it?","['A 2005 driving/racing game I thought was fun was Need for Speed: Most Wanted, are you familiar with it?']"
viggo-challenge_train_20_percent-660,"recommend(name[The Wolf Among Us], has_multiplayer[no], platforms[PC])","One of my favorite single-player PC games is The Wolf Among Us, do you know about it?","['One of my favorite single-player PC games is The Wolf Among Us, do you know about it?']"
viggo-challenge_train_20_percent-661,"recommend(name[NBA 2K16], developer[Visual Concepts])",I know Visual Concepts is one of your favorite developers. Have you tried NBA 2K16 yet?,['I know Visual Concepts is one of your favorite developers. Have you tried NBA 2K16 yet?']
viggo-challenge_train_20_percent-662,"recommend(name[RollerCoaster Tycoon], developer[MicroProse], platforms[PC])",One of the all time classic PC games released by MicroProse was RollerCoaster Tycoon. Do you know of it?,['One of the all time classic PC games released by MicroProse was RollerCoaster Tycoon. Do you know of it?']
viggo-challenge_train_20_percent-663,"recommend(name[Age of Empires II: The Age of Kings], release_year[1999], developer[Ensemble Studios])","Speaking of 1999 releases from Ensemble Studios, have you heard of Age of Empires II: The Age of Kings?","['Speaking of 1999 releases from Ensemble Studios, have you heard of Age of Empires II: The Age of Kings?']"
viggo-challenge_train_20_percent-664,"recommend(name[The Witcher 3: Wild Hunt], genres[action-adventure, role-playing], player_perspective[third person])","Since you like action-adventure games from a third person perspective with role-playing elements, you should try this game I like, The Witcher 3: Wild Hunt?","['Since you like action-adventure games from a third person perspective with role-playing elements, you should try this game I like, The Witcher 3: Wild Hunt?']"
viggo-challenge_train_20_percent-665,"recommend(name[Undertale], developer[tobyfox], player_perspective[bird view])",Have you heard of Undertale? It's this bird view game from tobyfox.,"[""Have you heard of Undertale? It's this bird view game from tobyfox.""]"
viggo-challenge_train_20_percent-666,"recommend(name[Portal 2], release_year[2011], player_perspective[first person])",A first person game released back in 2011 that I enjoyed was Portal 2. Have you played it before?,['A first person game released back in 2011 that I enjoyed was Portal 2. Have you played it before?']
viggo-challenge_train_20_percent-667,"recommend(name[Never Alone], platforms[PlayStation])","Since you like PlayStation games, have you given Never Alone a try?","['Since you like PlayStation games, have you given Never Alone a try?']"
viggo-challenge_train_20_percent-668,"recommend(name[Age of Empires II: The Age of Kings], developer[Ensemble Studios], platforms[PlayStation])","Speaking of PlayStation games from Ensemble Studios, have you heard of Age of Empires II: The Age of Kings?","['Speaking of PlayStation games from Ensemble Studios, have you heard of Age of Empires II: The Age of Kings?']"
viggo-challenge_train_20_percent-669,"recommend(name[Worms: Reloaded], esrb[E 10+ (for Everyone 10 and Older)], platforms[PC])","If you're looking for an E 10+ rated game you can play on the PC, there's always Worms: Reloaded. Have you heard of it before?","[""If you're looking for an E 10+ rated game you can play on the PC, there's always Worms: Reloaded. Have you heard of it before?""]"
viggo-challenge_train_20_percent-670,"recommend(name[Portal 2], developer[Valve Corporation], platforms[PlayStation])",I know you're a fan of the Valve Corporation. Have you played Portal 2 on PlayStation?,"[""I know you're a fan of the Valve Corporation. Have you played Portal 2 on PlayStation?""]"
viggo-challenge_train_20_percent-671,"recommend(name[Resident Evil 4], esrb[M (for Mature)], has_multiplayer[no])",One of my favorite single-player games that got an M rating was Resident Evil 4. Have you ever played it?,['One of my favorite single-player games that got an M rating was Resident Evil 4. Have you ever played it?']
viggo-challenge_train_20_percent-672,"recommend(name[Resident Evil 4], developer[Capcom Production Studio 4], platforms[Nintendo])","While we're on the subject of games that Capcom Production Studio 4 made for Nintendo, have you heard of Resident Evil 4?","[""While we're on the subject of games that Capcom Production Studio 4 made for Nintendo, have you heard of Resident Evil 4?""]"
viggo-challenge_train_20_percent-673,"recommend(name[Sid Meier's Civilization V], developer[Firaxis Games])","Hey, I know Firaxis Games night not have the strongest reputation, but Sid Meier's Civilization V is worth a try. Have you checked it out?","[""Hey, I know Firaxis Games night not have the strongest reputation, but Sid Meier's Civilization V is worth a try. Have you checked it out?""]"
viggo-challenge_train_20_percent-674,"recommend(name[Portal 2], developer[Valve Corporation], platforms[PlayStation])","Speaking of PlayStation games made by Valve Corporation, have you ever played Portal 2?","['Speaking of PlayStation games made by Valve Corporation, have you ever played Portal 2?']"
viggo-challenge_train_20_percent-675,"recommend(name[Uncharted 4: A Thief's End], player_perspective[third person], platforms[PlayStation])","Speaking of third person PlayStation games, are you familiar with Uncharted 4: A Thief's End?","[""Speaking of third person PlayStation games, are you familiar with Uncharted 4: A Thief's End?""]"
viggo-challenge_train_20_percent-676,"recommend(name[Worms: Reloaded], has_linux_release[yes], has_mac_release[yes])","Speaking of strategy games suitable for Mac and Linux platform, have you heard of Worms: Reloaded?","['Speaking of strategy games suitable for Mac and Linux platform, have you heard of Worms: Reloaded?']"
viggo-challenge_train_20_percent-677,"recommend(name[Super Mario World], developer[Nintendo EAD], has_multiplayer[yes])","Since you seem to be a fan of multiplayer games by Nintendo EAD, I thought you might like Super Mario World too. Have you heard about this game?","['Since you seem to be a fan of multiplayer games by Nintendo EAD, I thought you might like Super Mario World too. Have you heard about this game?']"
viggo-challenge_train_20_percent-678,"recommend(name[NBA 2K16], available_on_steam[yes])","Speaking of Steam games, have you got NBA 2K16 yet?","['Speaking of Steam games, have you got NBA 2K16 yet?']"
viggo-challenge_train_20_percent-679,"recommend(name[The Forest of Doom], available_on_steam[yes])","Since you're fond of games on Steam, have you heard of The Forest of Doom?","[""Since you're fond of games on Steam, have you heard of The Forest of Doom?""]"
viggo-challenge_train_20_percent-680,"recommend(name[The Legend of Zelda: Ocarina of Time], release_year[1998], platforms[Nintendo])","Wait, you haven't played The Legend of Zelda: Ocarina of Time? Dude it's been out since 1998, I will literally lend you my copy and my Nintendo 64, you have to play it.","[""Wait, you haven't played The Legend of Zelda: Ocarina of Time? Dude it's been out since 1998, I will literally lend you my copy and my Nintendo 64, you have to play it.""]"
viggo-challenge_train_20_percent-681,"recommend(name[Resident Evil 4], release_year[2005], player_perspective[third person])",A good third person game I played from back in 2005 was Resident Evil 4. Have you ever played it before?,['A good third person game I played from back in 2005 was Resident Evil 4. Have you ever played it before?']
viggo-challenge_train_20_percent-682,"recommend(name[Stronghold 2], developer[Firefly Studios], platforms[PC])","Since you typically like PC games, you'd love Firefly Studios' Stronghold 2. Heard of it?","[""Since you typically like PC games, you'd love Firefly Studios' Stronghold 2. Heard of it?""]"
viggo-challenge_train_20_percent-683,"recommend(name[Madden NFL 15], player_perspective[third person])","If I remember correctly, you're into third person games. Have you played Madden NFL 15 by any chance?","[""If I remember correctly, you're into third person games. Have you played Madden NFL 15 by any chance?""]"
viggo-challenge_train_20_percent-684,"recommend(name[The Witcher 3: Wild Hunt], has_multiplayer[no], platforms[Xbox])","Hmm, a good single-player game for the Xbox, you say? Have you heard of The Witcher 3: Wild Hunt?","['Hmm, a good single-player game for the Xbox, you say? Have you heard of The Witcher 3: Wild Hunt?']"
viggo-challenge_train_20_percent-685,"recommend(name[The Forest of Doom], has_mac_release[yes])","If you like Mac games, you should give The Forest of Doom a try. Have you heard of it before?","['If you like Mac games, you should give The Forest of Doom a try. Have you heard of it before?']"
viggo-challenge_train_20_percent-686,"recommend(name[Assetto Corsa], genres[driving/racing, simulation, sport], player_perspective[first person])","While we're on the subject of first person driving/racing sport simulators, have you ever heard of Assetto Corsa?","[""While we're on the subject of first person driving/racing sport simulators, have you ever heard of Assetto Corsa?""]"
viggo-challenge_train_20_percent-687,"recommend(name[Need for Speed: The Run], esrb[T (for Teen)])",Have you played Need for Speed: The Run? I think your mom would be OK with it since it's rated T (for Teen).,"[""Have you played Need for Speed: The Run? I think your mom would be OK with it since it's rated T (for Teen).""]"
viggo-challenge_train_20_percent-688,"recommend(name[Need for Speed: Most Wanted], esrb[T (for Teen)], player_perspective[first person])","Since you mostly play teen rated games, and that preferably from the first person perspective, I wonder if you've tried Need for Speed: Most Wanted.","[""Since you mostly play teen rated games, and that preferably from the first person perspective, I wonder if you've tried Need for Speed: Most Wanted.""]"
viggo-challenge_train_20_percent-689,"recommend(name[The Wolf Among Us], available_on_steam[yes])","I know you use Steam a lot, so I wonder if you've tried The Wolf Among Us.","[""I know you use Steam a lot, so I wonder if you've tried The Wolf Among Us.""]"
viggo-challenge_train_20_percent-690,"recommend(name[The Wolf Among Us], esrb[M (for Mature)], platforms[PC])","I know you enjoy M rated games you can play on your PC, have you heard of The Wolf Among Us?","['I know you enjoy M rated games you can play on your PC, have you heard of The Wolf Among Us?']"
viggo-challenge_train_20_percent-691,"recommend(name[NBA 2K16], has_multiplayer[yes])","If you're into multiplayer games, you should pick up NBA 2K16. Has anyone mentioned this game to you before?","[""If you're into multiplayer games, you should pick up NBA 2K16. Has anyone mentioned this game to you before?""]"
viggo-challenge_train_20_percent-692,"recommend(name[The Wolf Among Us], platforms[PC])",I was looking for a new PC game and thought I'd ask you if you've ever heard of The Wolf Among Us?,"[""I was looking for a new PC game and thought I'd ask you if you've ever heard of The Wolf Among Us?""]"
viggo-challenge_train_20_percent-693,"recommend(name[Stronghold 2], has_multiplayer[yes], platforms[PC])","If you're looking for a PC game with multiplayer, Stronghold 2 is an option. Are you familiar with it?","[""If you're looking for a PC game with multiplayer, Stronghold 2 is an option. Are you familiar with it?""]"
viggo-challenge_train_20_percent-694,"recommend(name[Tony Hawk's Pro Skater 3], genres[sport], player_perspective[third person])","If we're talking about third person sport games, you really can't go wrong with Tony Hawk's Pro Skater 3. Have you ever played it?","[""If we're talking about third person sport games, you really can't go wrong with Tony Hawk's Pro Skater 3. Have you ever played it?""]"
viggo-challenge_train_20_percent-695,"recommend(name[Resident Evil 4], esrb[M (for Mature)], has_multiplayer[no])","Since you like M rated single-player games, then you'd love Resident Evil 4. Have you given that a whirl?","[""Since you like M rated single-player games, then you'd love Resident Evil 4. Have you given that a whirl?""]"
viggo-challenge_train_20_percent-696,"recommend(name[NBA 2K16], player_perspective[third person])","Speaking of third person games, have you tried NBA 2K16?","['Speaking of third person games, have you tried NBA 2K16?']"
viggo-challenge_train_20_percent-697,"recommend(name[Madden NFL 15], developer[EA Tiburon])","So while we're talking about games by EA Tiburon, have you played Madden NFL 15?","[""So while we're talking about games by EA Tiburon, have you played Madden NFL 15?""]"
viggo-challenge_train_20_percent-698,"recommend(name[The Wolf Among Us], has_multiplayer[no], platforms[PC])","Speaking of single-player games suitable on PC, have you heard of The Wolf Among Us?","['Speaking of single-player games suitable on PC, have you heard of The Wolf Among Us?']"
viggo-challenge_train_20_percent-699,"recommend(name[Assetto Corsa], has_multiplayer[yes], platforms[PC])","One multiplayer PC game I'm fond of is Assetto Corsa, have you tried it out?","[""One multiplayer PC game I'm fond of is Assetto Corsa, have you tried it out?""]"
viggo-challenge_train_20_percent-700,"recommend(name[The Witcher 3: Wild Hunt], player_perspective[third person])","Speaking of third person perspective games, have you tried The Witcher 3: Wild Hunt?","['Speaking of third person perspective games, have you tried The Witcher 3: Wild Hunt?']"
viggo-challenge_train_20_percent-701,"recommend(name[Portal 2], developer[Valve Corporation], has_multiplayer[yes])",My favorite multiplayer game from Valve Corporation is actually Portal 2. Are you familiar with it?,['My favorite multiplayer game from Valve Corporation is actually Portal 2. Are you familiar with it?']
viggo-challenge_train_20_percent-702,"recommend(name[NBA 2K16], player_perspective[third person])","Since you're into third person games, I bet you'd love NBA 2K16. Do you know anything about it?","[""Since you're into third person games, I bet you'd love NBA 2K16. Do you know anything about it?""]"
viggo-challenge_train_20_percent-703,"recommend(name[Call of Duty: Advanced Warfare], developer[Sledgehammer Games], has_multiplayer[yes])","Have you heard of Call of Duty: Advanced Warfare? Sledgehammer Games made it, it's a pretty fun multiplayer game.","[""Have you heard of Call of Duty: Advanced Warfare? Sledgehammer Games made it, it's a pretty fun multiplayer game.""]"
viggo-challenge_train_20_percent-704,"recommend(name[Super Bomberman], esrb[E (for Everyone)], platforms[PC])","If you're looking for a good family-friendly game for the PC, Super Bomberman has an E rating. Have you heard of it before?","[""If you're looking for a good family-friendly game for the PC, Super Bomberman has an E rating. Have you heard of it before?""]"
viggo-challenge_train_20_percent-705,"recommend(name[RollerCoaster Tycoon], genres[simulation, strategy], platforms[PC])","A strategy simulator for the PC that I enjoyed is RollerCoaster Tycoon, have you ever played it?","['A strategy simulator for the PC that I enjoyed is RollerCoaster Tycoon, have you ever played it?']"
viggo-challenge_train_20_percent-706,"recommend(name[F1 2014], genres[driving/racing, simulation, sport], player_perspective[third person])",A third person driving/racing sport simulator I enjoyed was F1 2014. Have you played it before?,['A third person driving/racing sport simulator I enjoyed was F1 2014. Have you played it before?']
viggo-challenge_train_20_percent-707,request(specifier[poorly balanced]),What do you think is the most poorly balanced game you've ever played?,"[""What do you think is the most poorly balanced game you've ever played?""]"
viggo-challenge_train_20_percent-708,request(specifier[calming]),Can you think of any calming video games?,['Can you think of any calming video games?']
viggo-challenge_train_20_percent-709,"request(release_year[2005], specifier[underrated])",What do you think is the most underrated game that was released in 2005?,['What do you think is the most underrated game that was released in 2005?']
viggo-challenge_train_20_percent-710,request(specifier[surprising]),Did you find any games really surprising when you first tried them?,['Did you find any games really surprising when you first tried them?']
viggo-challenge_train_20_percent-711,"request(release_year[2001], specifier[broken])",What's a game you know of from 2001 that was just plain broken?,"[""What's a game you know of from 2001 that was just plain broken?""]"
viggo-challenge_train_20_percent-712,"request(has_multiplayer[yes], specifier[dull])",Have you played a multiplayer game recently that was totally dull?,['Have you played a multiplayer game recently that was totally dull?']
viggo-challenge_train_20_percent-713,"request(esrb[M (for Mature)], specifier[tearjerking])",Have you ever played an M rated game that was tearjerking?,['Have you ever played an M rated game that was tearjerking?']
viggo-challenge_train_20_percent-714,"request(release_year[2014], specifier[terrible])",Were there even any terrible games in 2014?,['Were there even any terrible games in 2014?']
viggo-challenge_train_20_percent-715,request(specifier[worst looking]),What is the worst looking video game you ever encountered?,['What is the worst looking video game you ever encountered?']
viggo-challenge_train_20_percent-716,"request(player_perspective[first person], specifier[absorbing])",Can you recommend to me an absorbing first person game?,['Can you recommend to me an absorbing first person game?']
viggo-challenge_train_20_percent-717,request(specifier[oldest]),What's the oldest game you like?,"[""What's the oldest game you like?""]"
viggo-challenge_train_20_percent-718,request(specifier[worst looking]),What do you think is the worst looking video game that you know of?,['What do you think is the worst looking video game that you know of?']
viggo-challenge_train_20_percent-719,"request(player_perspective[first person], specifier[absorbing])",Have you played any first person perspective games lately that you would say are really absorbing?,['Have you played any first person perspective games lately that you would say are really absorbing?']
viggo-challenge_train_20_percent-720,"request(platforms[PlayStation], specifier[stunning])",Do you know of a PlayStation game that has really stunning graphics?,['Do you know of a PlayStation game that has really stunning graphics?']
viggo-challenge_train_20_percent-721,"request(platforms[PlayStation], specifier[relaxing])",Are there any games you like to play on PlayStation that are relaxing?,['Are there any games you like to play on PlayStation that are relaxing?']
viggo-challenge_train_20_percent-722,request(specifier[realistic]),Is there a game you can think of that you'd say is very realistic?,"[""Is there a game you can think of that you'd say is very realistic?""]"
viggo-challenge_train_20_percent-723,request(specifier[cheap]),Have you played any cheap games that you enjoyed?,['Have you played any cheap games that you enjoyed?']
viggo-challenge_train_20_percent-724,"request(esrb[E 10+ (for Everyone 10 and Older)], specifier[frightening])",Are there any E 10+ rated frightening games?,['Are there any E 10+ rated frightening games?']
viggo-challenge_train_20_percent-725,"request(genres[shooter], specifier[confusing])",What do you think is the most confusing shooter ever made?,['What do you think is the most confusing shooter ever made?']
viggo-challenge_train_20_percent-726,request(specifier[uninteresting]),What do you think is the most uninteresting video game you ever encountered?,['What do you think is the most uninteresting video game you ever encountered?']
viggo-challenge_train_20_percent-727,request(specifier[limiting]),What game have you played with a limiting storyline?,['What game have you played with a limiting storyline?']
viggo-challenge_train_20_percent-728,request(specifier[visually impressive]),Can you suggest a really visually impressive game?,['Can you suggest a really visually impressive game?']
viggo-challenge_train_20_percent-729,"request(esrb[M (for Mature)], specifier[gritty])",What's your favorite gritty rated M game?,"[""What's your favorite gritty rated M game?""]"
viggo-challenge_train_20_percent-730,"request(platforms[PlayStation], specifier[revolting])",Was there ever a PlayStation game you encountered that you felt was just revolting?,['Was there ever a PlayStation game you encountered that you felt was just revolting?']
viggo-challenge_train_20_percent-731,request(specifier[quick-to-learn]),Can you suggest a quick-to-learn game?,['Can you suggest a quick-to-learn game?']
viggo-challenge_train_20_percent-732,request(specifier[unfair]),Have you ever played a video game that just felt plain unfair?,['Have you ever played a video game that just felt plain unfair?']
viggo-challenge_train_20_percent-733,"request(developer[Bloober Team], specifier[silliest])",What do you think is the silliest game ever made by Bloober Team?,['What do you think is the silliest game ever made by Bloober Team?']
viggo-challenge_train_20_percent-734,request(specifier[rewarding]),Is their a video game you know of that felt very rewarding to play?,['Is their a video game you know of that felt very rewarding to play?']
viggo-challenge_train_20_percent-735,"request(release_year[2013], specifier[longest])","Of the games released in 2013, which do you think was the longest?","['Of the games released in 2013, which do you think was the longest?']"
viggo-challenge_train_20_percent-736,request(specifier[first]),What was the first game you played this year?,['What was the first game you played this year?']
viggo-challenge_train_20_percent-737,"request(genres[role-playing, text adventure], specifier[shortest])",What's the shortest role-playing text adventure game you know of?,"[""What's the shortest role-playing text adventure game you know of?""]"
viggo-challenge_train_20_percent-738,"request(has_linux_release[no], specifier[cheap])",Have you played any cheap games lately that don't have a Linux release?,"[""Have you played any cheap games lately that don't have a Linux release?""]"
viggo-challenge_train_20_percent-739,"request(genres[real-time strategy, simulation], specifier[other])",What other real-time strategy simulator have you played?,['What other real-time strategy simulator have you played?']
viggo-challenge_train_20_percent-740,"request(genres[driving/racing], specifier[complicated])",What would you say is a good example of a complicated driving/racing game?,['What would you say is a good example of a complicated driving/racing game?']
viggo-challenge_train_20_percent-741,"request(has_multiplayer[no], specifier[epic])",Can you recommend any single-player games with epic storylines?,['Can you recommend any single-player games with epic storylines?']
viggo-challenge_train_20_percent-742,request(specifier[annoying]),Have you played a game lately that you found annoying?,['Have you played a game lately that you found annoying?']
viggo-challenge_train_20_percent-743,request(specifier[scary]),Have you ever played a game that you found scary?,['Have you ever played a game that you found scary?']
viggo-challenge_train_20_percent-744,"request(has_multiplayer[no], specifier[epic])",What's the most epic single-player game that you played recently?,"[""What's the most epic single-player game that you played recently?""]"
viggo-challenge_train_20_percent-745,request(specifier[surprising]),What's a game whose quality you found surprising?,"[""What's a game whose quality you found surprising?""]"
viggo-challenge_train_20_percent-746,request(specifier[last]),What's the last video game you played?,"[""What's the last video game you played?""]"
viggo-challenge_train_20_percent-747,request(specifier[newest]),What's the newest game that you've played lately?,"[""What's the newest game that you've played lately?""]"
viggo-challenge_train_20_percent-748,request(specifier[last]),What's the last video game you finished?,"[""What's the last video game you finished?""]"
viggo-challenge_train_20_percent-749,"request(available_on_steam[yes], specifier[challenging])",Are there any challenging games you like that are on Steam?,['Are there any challenging games you like that are on Steam?']
viggo-challenge_train_20_percent-750,request(specifier[thrilling]),Are there any games you find really thrilling?,['Are there any games you find really thrilling?']
viggo-challenge_train_20_percent-751,"request(player_perspective[first person], specifier[oldest])",What's the oldest game with a first person perspective that you ever played?,"[""What's the oldest game with a first person perspective that you ever played?""]"
viggo-challenge_train_20_percent-752,"request(developer[Overkill Software], specifier[empowering])",What do you think is a good example of an empowering game developed by Overkill Software?,['What do you think is a good example of an empowering game developed by Overkill Software?']
viggo-challenge_train_20_percent-753,request(specifier[nostalgic]),Is there a game that makes you feel nostalgic?,['Is there a game that makes you feel nostalgic?']
viggo-challenge_train_20_percent-754,request(specifier[unusual]),Are there any unusual games you would recommend?,['Are there any unusual games you would recommend?']
viggo-challenge_train_20_percent-755,"request(genres[adventure, indie], specifier[short])",Do you know any short indie adventure games I could pick up?,['Do you know any short indie adventure games I could pick up?']
viggo-challenge_train_20_percent-756,"request(genres[action-adventure, role-playing, shooter], specifier[gory])","What's a really gory role playing action-adventure shooter? I'm looking for blood, you know?","[""What's a really gory role playing action-adventure shooter? I'm looking for blood, you know?""]"
viggo-challenge_train_20_percent-757,"request(developer[Neversoft Entertainment], specifier[other])",What other game developed by Neversoft Entertainment have you played?,['What other game developed by Neversoft Entertainment have you played?']
viggo-challenge_train_20_percent-758,request(specifier[realistic]),What's a good realistic game?,"[""What's a good realistic game?""]"
viggo-challenge_train_20_percent-759,"request(player_perspective[first person], specifier[exhilarating])","I'm looking for a game from a first person perspective that is really exhilarating, is there one you would recommend to me?","[""I'm looking for a game from a first person perspective that is really exhilarating, is there one you would recommend to me?""]"
viggo-challenge_train_20_percent-760,request(specifier[upcoming]),Are there any upcoming games you're interested in?,"[""Are there any upcoming games you're interested in?""]"
viggo-challenge_train_20_percent-761,"request(genres[role-playing, text adventure], specifier[shortest])",What's the shortest RPG text adventure you know of? I'm looking for something quick.,"[""What's the shortest RPG text adventure you know of? I'm looking for something quick.""]"
viggo-challenge_train_20_percent-762,"request(release_year[2014], specifier[terrible])",What's a truly terrible game released in 2014 that you know of?,"[""What's a truly terrible game released in 2014 that you know of?""]"
viggo-challenge_train_20_percent-763,request(specifier[last]),What is the last game you played?,['What is the last game you played?']
viggo-challenge_train_20_percent-764,"request(genres[action, platformer, strategy], specifier[fun])",Have you played any fun action strategy platformers lately?,['Have you played any fun action strategy platformers lately?']
viggo-challenge_train_20_percent-765,request(specifier[addictive]),Are there any games you find really addictive?,['Are there any games you find really addictive?']
viggo-challenge_train_20_percent-766,"request(platforms[Xbox], specifier[easiest])",What's the easiest game you've played on the Xbox?,"[""What's the easiest game you've played on the Xbox?""]"
viggo-challenge_train_20_percent-767,"request(developer[Hazelight Studios], specifier[classic])",Did Hazelight Studios make any classic games?,['Did Hazelight Studios make any classic games?']
viggo-challenge_train_20_percent-768,request(specifier[oldest]),What's the oldest video game you ever played?,"[""What's the oldest video game you ever played?""]"
viggo-challenge_train_20_percent-769,request(specifier[annoying]),Have you ever played a game that you just found annoying?,['Have you ever played a game that you just found annoying?']
viggo-challenge_train_20_percent-770,"request(player_perspective[third person], specifier[dynamic])",What's your favorite dynamic third person game?,"[""What's your favorite dynamic third person game?""]"
viggo-challenge_train_20_percent-771,request(specifier[short]),What's a nice short game I could play tonight?,"[""What's a nice short game I could play tonight?""]"
viggo-challenge_train_20_percent-772,"request(has_multiplayer[yes], specifier[addictive])",Have you ever encountered a multiplayer game that was truly addictive?,['Have you ever encountered a multiplayer game that was truly addictive?']
viggo-challenge_train_20_percent-773,request_attribute(esrb[]),What is your favorite ESRB content rating?,['What is your favorite ESRB content rating?']
viggo-challenge_train_20_percent-774,request_attribute(genres[]),What video game genre is the best in your opinion?,['What video game genre is the best in your opinion?']
viggo-challenge_train_20_percent-775,request_attribute(developer[]),Who is your favorite game developer?,['Who is your favorite game developer?']
viggo-challenge_train_20_percent-776,request_attribute(platforms[]),What's your favorite platform for games?,"[""What's your favorite platform for games?""]"
viggo-challenge_train_20_percent-777,request_attribute(available_on_steam[]),Are games that are available on Steam more likely to make it into your game library?,['Are games that are available on Steam more likely to make it into your game library?']
viggo-challenge_train_20_percent-778,request_attribute(esrb[]),"If the ESRB rating of a game matters to you, which one do you normally go with?","['If the ESRB rating of a game matters to you, which one do you normally go with?']"
viggo-challenge_train_20_percent-779,request_attribute(esrb[]),Do you generally look at the ESRB content rating of a game before playing it?,['Do you generally look at the ESRB content rating of a game before playing it?']
viggo-challenge_train_20_percent-780,request_attribute(platforms[]),Which platform is your choice for gaming?,['Which platform is your choice for gaming?']
viggo-challenge_train_20_percent-781,request_attribute(has_mac_release[]),Do you play video games on the Mac OS?,['Do you play video games on the Mac OS?']
viggo-challenge_train_20_percent-782,request_attribute(release_year[]),Do you have a favorite release year for video games?,['Do you have a favorite release year for video games?']
viggo-challenge_train_20_percent-783,request_attribute(has_mac_release[]),Do you use Mac as a platform for your gaming?,['Do you use Mac as a platform for your gaming?']
viggo-challenge_train_20_percent-784,request_attribute(has_linux_release[]),Does it matter to you if you can play a game on a Linux OS?,['Does it matter to you if you can play a game on a Linux OS?']
viggo-challenge_train_20_percent-785,request_attribute(has_linux_release[]),Do you play games on Linux at all?,['Do you play games on Linux at all?']
viggo-challenge_train_20_percent-786,request_attribute(has_multiplayer[]),"Do you enjoy playing games in multiplayer, with other people?","['Do you enjoy playing games in multiplayer, with other people?']"
viggo-challenge_train_20_percent-787,request_attribute(has_mac_release[]),Do you think Mac is a better gaming platform than others?,['Do you think Mac is a better gaming platform than others?']
viggo-challenge_train_20_percent-788,request_attribute(release_year[]),Which year do you think was the best for games?,['Which year do you think was the best for games?']
viggo-challenge_train_20_percent-789,request_attribute(esrb[]),Is there a particular ESRB content rating a game must have for you to even consider it?,['Is there a particular ESRB content rating a game must have for you to even consider it?']
viggo-challenge_train_20_percent-790,request_attribute(developer[]),Do you have a preference for certain game developers?,['Do you have a preference for certain game developers?']
viggo-challenge_train_20_percent-791,request_attribute(esrb[]),"If the content rating is important to you, which ESRB label do you mostly like your games to have?","['If the content rating is important to you, which ESRB label do you mostly like your games to have?']"
viggo-challenge_train_20_percent-792,"request_explanation(developer[Square], rating[excellent], platforms[PC])",What do you find so incredible about Square's PC games?,"[""What do you find so incredible about Square's PC games?""]"
viggo-challenge_train_20_percent-793,"request_explanation(rating[poor], player_perspective[bird view], available_on_steam[yes])",What is it about the bird view perspective games released on Steam that makes you dislike them so much?,['What is it about the bird view perspective games released on Steam that makes you dislike them so much?']
viggo-challenge_train_20_percent-794,"request_explanation(rating[excellent], genres[action-adventure, shooter], player_perspective[third person])","I'm curious, what makes third person action-adventure shooters so special to you?","[""I'm curious, what makes third person action-adventure shooters so special to you?""]"
viggo-challenge_train_20_percent-795,"request_explanation(rating[good], player_perspective[third person])","So I've been wondering for a while now, what is it about third person games that makes you feel they're good?","[""So I've been wondering for a while now, what is it about third person games that makes you feel they're good?""]"
viggo-challenge_train_20_percent-796,"request_explanation(esrb[M (for Mature)], rating[excellent], genres[action-adventure, shooter])",Why do you think M rated action adventure shooters are so amazing?,['Why do you think M rated action adventure shooters are so amazing?']
viggo-challenge_train_20_percent-797,"request_explanation(release_year[2018], rating[excellent])",What do you find so amazing about games from 2018?,['What do you find so amazing about games from 2018?']
viggo-challenge_train_20_percent-798,"request_explanation(rating[good], genres[adventure, point-and-click])",Why do you enjoy point and click adventure games so much?,['Why do you enjoy point and click adventure games so much?']
viggo-challenge_train_20_percent-799,"request_explanation(developer[Hudson Soft], rating[average], player_perspective[bird view])",What is it about the bird view perspective games made by Hudson Soft that makes you find them to be neither good nor terrible?,['What is it about the bird view perspective games made by Hudson Soft that makes you find them to be neither good nor terrible?']
viggo-challenge_train_20_percent-800,"request_explanation(developer[Codemasters Southam], rating[average], platforms[PlayStation])",Why do you think that the PlayStation releases from Codemasters Southam are just mediocre?,['Why do you think that the PlayStation releases from Codemasters Southam are just mediocre?']
viggo-challenge_train_20_percent-801,"request_explanation(developer[Blizzard North], rating[good], genres[hack-and-slash, role-playing])",What is it about the hack-and-slash RPGs made by Blizzard North that you find fun to play?,['What is it about the hack-and-slash RPGs made by Blizzard North that you find fun to play?']
viggo-challenge_train_20_percent-802,"request_explanation(esrb[M (for Mature)], rating[good], genres[role-playing])",What is it about M rated RPGs that makes you enjoy them like you do?,['What is it about M rated RPGs that makes you enjoy them like you do?']
viggo-challenge_train_20_percent-803,"request_explanation(rating[good], player_perspective[third person])",Why do you have so much fun with third person games?,['Why do you have so much fun with third person games?']
viggo-challenge_train_20_percent-804,"request_explanation(rating[poor], player_perspective[bird view], has_multiplayer[yes])",Why do you not like multiplayer games with a bird view perspective?,['Why do you not like multiplayer games with a bird view perspective?']
viggo-challenge_train_20_percent-805,"request_explanation(rating[poor], platforms[Xbox])",What about the Xbox do you find so unappealing?,['What about the Xbox do you find so unappealing?']
viggo-challenge_train_20_percent-806,"request_explanation(rating[excellent], genres[action-adventure, shooter], player_perspective[third person])",Why do you love third person action-adventure shooters so much?,['Why do you love third person action-adventure shooters so much?']
viggo-challenge_train_20_percent-807,"request_explanation(rating[good], platforms[PlayStation])",What is it you like about games on PlayStation?,['What is it you like about games on PlayStation?']
viggo-challenge_train_20_percent-808,"request_explanation(rating[good], genres[driving/racing, simulation, sport], player_perspective[third person])",How come you prefer sport racing sim games with a third person view?,['How come you prefer sport racing sim games with a third person view?']
viggo-challenge_train_20_percent-809,"request_explanation(developer[Days of Wonder], rating[poor])",What is it about games made by Days of Wonder that makes you unable to stand them?,['What is it about games made by Days of Wonder that makes you unable to stand them?']
viggo-challenge_train_20_percent-810,"request_explanation(rating[good], player_perspective[side view])",Why do you find side view games so enjoyable?,['Why do you find side view games so enjoyable?']
viggo-challenge_train_20_percent-811,"request_explanation(developer[Valve Corporation], rating[excellent], platforms[PC])",Why do you think that the PC games made by Valve Corporation are amazing?,['Why do you think that the PC games made by Valve Corporation are amazing?']
viggo-challenge_train_20_percent-812,"request_explanation(release_year[1993], developer[Hudson Soft], rating[average])",Why are you unimpressed by Hudson Soft's 1993 catalog of games?,"[""Why are you unimpressed by Hudson Soft's 1993 catalog of games?""]"
viggo-challenge_train_20_percent-813,"request_explanation(rating[excellent], player_perspective[third person], has_multiplayer[yes])",I can't help but wonder why you like third person multiplayer games so much.,"[""I can't help but wonder why you like third person multiplayer games so much.""]"
viggo-challenge_train_20_percent-814,"request_explanation(esrb[M (for Mature)], rating[poor])",What is it about M rated games that you find so off-putting?,['What is it about M rated games that you find so off-putting?']
viggo-challenge_train_20_percent-815,"request_explanation(rating[excellent], player_perspective[third person], available_on_steam[yes])",How come you're so fond of third person games on Steam?,"[""How come you're so fond of third person games on Steam?""]"
viggo-challenge_train_20_percent-816,"request_explanation(rating[good], has_multiplayer[yes], available_on_steam[yes])",Why do you like to play multiplayer games on Steam?,['Why do you like to play multiplayer games on Steam?']
viggo-challenge_train_20_percent-817,"request_explanation(developer[Telltale Games], rating[good])",Can you please explain to me a bit more about why you enjoy games developed by Telltale Games?,['Can you please explain to me a bit more about why you enjoy games developed by Telltale Games?']
viggo-challenge_train_20_percent-818,"request_explanation(developer[Codemasters Southam], rating[average], platforms[PlayStation])",What is it about Codemasters Southam's PlayStation games that makes you say they're just average?,"[""What is it about Codemasters Southam's PlayStation games that makes you say they're just average?""]"
viggo-challenge_train_20_percent-819,"request_explanation(developer[Valve Corporation], rating[excellent], has_multiplayer[no])",What makes you adore Valve Corporation's single-player games like do?,"[""What makes you adore Valve Corporation's single-player games like do?""]"
viggo-challenge_train_20_percent-820,"request_explanation(release_year[2017], rating[excellent], platforms[PC])","I was curious, what is it about the PC games released in 2017 that you feel makes them so great?","['I was curious, what is it about the PC games released in 2017 that you feel makes them so great?']"
viggo-challenge_train_20_percent-821,"request_explanation(developer[Codemasters Southam], rating[average], genres[driving/racing, sport])",What is it about the sport racing games made by Codemasters Southam that makes you find them merely average?,['What is it about the sport racing games made by Codemasters Southam that makes you find them merely average?']
viggo-challenge_train_20_percent-822,"request_explanation(esrb[M (for Mature)], rating[excellent], genres[action-adventure, shooter])","If you don't mind answering, why do you love M rated action-adventure shooters so much?","[""If you don't mind answering, why do you love M rated action-adventure shooters so much?""]"
viggo-challenge_train_20_percent-823,"request_explanation(release_year[2010], developer[Firaxis Games], rating[good])",Why do you think that the games Firaxis Games released in 2010 are pretty fun?,['Why do you think that the games Firaxis Games released in 2010 are pretty fun?']
viggo-challenge_train_20_percent-824,"request_explanation(release_year[2010], developer[Firaxis Games], rating[good])",What do you enjoy about 2010 games released by Firaxis Games?,['What do you enjoy about 2010 games released by Firaxis Games?']
viggo-challenge_train_20_percent-825,"request_explanation(release_year[2005], rating[excellent])",What is it about games released in 2005 that makes you think it's such a fantastic year for video games?,"[""What is it about games released in 2005 that makes you think it's such a fantastic year for video games?""]"
viggo-challenge_train_20_percent-826,"request_explanation(rating[excellent], player_perspective[third person], has_multiplayer[yes])",What is it about third person multiplayer games that makes you such a huge fan of them?,['What is it about third person multiplayer games that makes you such a huge fan of them?']
viggo-challenge_train_20_percent-827,"request_explanation(rating[poor], genres[indie, trivia/board game])",Why don't you ever enjoy indie trivia/board games?,"[""Why don't you ever enjoy indie trivia/board games?""]"
viggo-challenge_train_20_percent-828,"request_explanation(developer[Ubisoft Montreal], rating[good])",Why do you like games from Ubisoft Montreal?,['Why do you like games from Ubisoft Montreal?']
viggo-challenge_train_20_percent-829,"request_explanation(developer[Blizzard North], rating[good], has_mac_release[yes])",How do you find playing Blizzard North games fun on Mac?,['How do you find playing Blizzard North games fun on Mac?']
viggo-challenge_train_20_percent-830,"request_explanation(rating[poor], has_mac_release[yes])",What is it about games that have a Mac release that makes you hate them?,['What is it about games that have a Mac release that makes you hate them?']
viggo-challenge_train_20_percent-831,"request_explanation(rating[poor], player_perspective[bird view], has_multiplayer[yes])",What specifically isn't fun about multiplayer games played from a bird view perspective?,"[""What specifically isn't fun about multiplayer games played from a bird view perspective?""]"
viggo-challenge_train_20_percent-832,"request_explanation(esrb[M (for Mature)], rating[excellent], genres[action-adventure, shooter])",So what aspects of M rated action-adventure shooters makes you say they're excellent?,"[""So what aspects of M rated action-adventure shooters makes you say they're excellent?""]"
viggo-challenge_train_20_percent-833,"request_explanation(rating[poor], genres[text adventure], available_on_steam[yes])",Why don't you like to play text adventure games on Steam?,"[""Why don't you like to play text adventure games on Steam?""]"
viggo-challenge_train_20_percent-834,"request_explanation(rating[average], genres[sport], has_multiplayer[yes])",So what is it about multiplayer sports games that you find so average?,['So what is it about multiplayer sports games that you find so average?']
viggo-challenge_train_20_percent-835,"request_explanation(rating[excellent], platforms[PC])",Why do you love playing games on the PC more than any other platforms?,['Why do you love playing games on the PC more than any other platforms?']
viggo-challenge_train_20_percent-836,"request_explanation(developer[Square], rating[excellent], platforms[PC])",I wonder why you love PC games made by Square so much.,['I wonder why you love PC games made by Square so much.']
viggo-challenge_train_20_percent-837,"request_explanation(developer[Ninja Theory], rating[excellent], player_perspective[third person])",What's so excellent about Ninja Theory's third person games?,"[""What's so excellent about Ninja Theory's third person games?""]"
viggo-challenge_train_20_percent-838,"request_explanation(release_year[2017], rating[poor], genres[text adventure])",So why don't you like the text adventure games that have been released in 2017?,"[""So why don't you like the text adventure games that have been released in 2017?""]"
viggo-challenge_train_20_percent-839,"request_explanation(release_year[2017], rating[poor], genres[text adventure])",What's wrong with text adventure games from 2017?,"[""What's wrong with text adventure games from 2017?""]"
viggo-challenge_train_20_percent-840,"request_explanation(rating[poor], genres[text adventure], available_on_steam[yes])",What is it about the text adventure games available on Steam that makes you think they're of such poor quality?,"[""What is it about the text adventure games available on Steam that makes you think they're of such poor quality?""]"
viggo-challenge_train_20_percent-841,"request_explanation(rating[average], genres[driving/racing, sport], platforms[PlayStation])",Why do you think PlayStation's racing sports games are typically nothing extraordinary?,"[""Why do you think PlayStation's racing sports games are typically nothing extraordinary?""]"
viggo-challenge_train_20_percent-842,"request_explanation(rating[excellent], genres[driving/racing, fighting, shooter], player_perspective[third person])","Now I'm wondering, why do you find third person driving/racing shooter games with fighting elements to be so fantastic?","[""Now I'm wondering, why do you find third person driving/racing shooter games with fighting elements to be so fantastic?""]"
viggo-challenge_train_20_percent-843,"request_explanation(esrb[M (for Mature)], rating[excellent])","Why do you always seem to really, really love M rated games?","['Why do you always seem to really, really love M rated games?']"
viggo-challenge_train_20_percent-844,"request_explanation(esrb[T (for Teen)], rating[average], genres[sport])",Why do you feel that T rated sports games are in general merely okay?,['Why do you feel that T rated sports games are in general merely okay?']
viggo-challenge_train_20_percent-845,"request_explanation(developer[Ninja Theory], rating[excellent], player_perspective[third person])",Why are the third person games made by Ninja Theory some of your favorite games ever?,['Why are the third person games made by Ninja Theory some of your favorite games ever?']
viggo-challenge_train_20_percent-846,"request_explanation(esrb[M (for Mature)], rating[poor])",What do you dislike about M rated games?,['What do you dislike about M rated games?']
viggo-challenge_train_20_percent-847,"request_explanation(esrb[M (for Mature)], rating[excellent], platforms[PlayStation])",What is it about M rated PlayStation games you love so much?,['What is it about M rated PlayStation games you love so much?']
viggo-challenge_train_20_percent-848,"request_explanation(rating[good], genres[driving/racing, simulation, sport], player_perspective[third person])",Why do you like a third person perspective in sport racing simulators?,['Why do you like a third person perspective in sport racing simulators?']
viggo-challenge_train_20_percent-849,"request_explanation(rating[good], genres[adventure, platformer, puzzle])",What is it you find interesting about adventure platformers with puzzles?,['What is it you find interesting about adventure platformers with puzzles?']
viggo-challenge_train_20_percent-850,"request_explanation(developer[Valve Corporation], rating[excellent], platforms[PC])",Why do you find Valve Corporation's PC games to be top tier?,"[""Why do you find Valve Corporation's PC games to be top tier?""]"
viggo-challenge_train_20_percent-851,"request_explanation(rating[poor], has_multiplayer[no])","If you don't mind me asking, why is it if a game doesn't have multiplayer you just don't like it at all?","[""If you don't mind me asking, why is it if a game doesn't have multiplayer you just don't like it at all?""]"
viggo-challenge_train_20_percent-852,"request_explanation(release_year[2017], developer[Grimlore Games], rating[poor])",Why do you think Grimlore Games made such poor games in 2017?,['Why do you think Grimlore Games made such poor games in 2017?']
viggo-challenge_train_20_percent-853,"request_explanation(developer[Illusion Softworks], rating[excellent], platforms[Xbox])","I'm really curious now, what is it about the Xbox games made by Illusion Softworks that makes you think they're so amazing?","[""I'm really curious now, what is it about the Xbox games made by Illusion Softworks that makes you think they're so amazing?""]"
viggo-challenge_train_20_percent-854,"suggest(name[Mirror's Edge Catalyst], release_year[2016], esrb[T (for Teen)])","I'm curious if you like any games rated T (for Teen) from 2016, like Mirror's Edge Catalyst?","[""I'm curious if you like any games rated T (for Teen) from 2016, like Mirror's Edge Catalyst?""]"
viggo-challenge_train_20_percent-855,"suggest(name[Tetris], release_year[1986])","I was wondering, have you ever played a game that was released way back in 1986, like for example Tetris?","['I was wondering, have you ever played a game that was released way back in 1986, like for example Tetris?']"
viggo-challenge_train_20_percent-856,"suggest(name[Rocket League], release_year[2015], developer[Psyonix])",Are you into Psyonix? Have you tried out their 2015 hit Rocket League?,['Are you into Psyonix? Have you tried out their 2015 hit Rocket League?']
viggo-challenge_train_20_percent-857,"suggest(name[Might & Magic: Heroes VI], genres[role-playing, turn-based strategy])",Do you sometimes play turn based RPG games like Might & Magic: Heroes VI?,['Do you sometimes play turn based RPG games like Might & Magic: Heroes VI?']
viggo-challenge_train_20_percent-858,"suggest(name[Silent Hill 2], genres[action-adventure, puzzle], player_perspective[third person])","I'm curious, do you like to play third person action-adventure puzzle games, such as Silent Hill 2?","[""I'm curious, do you like to play third person action-adventure puzzle games, such as Silent Hill 2?""]"
viggo-challenge_train_20_percent-859,"suggest(name[Guitar Hero: Smash Hits], platforms[Nintendo])","Do you like games available on the Nintendo, such as Guitar Hero: Smash Hits?","['Do you like games available on the Nintendo, such as Guitar Hero: Smash Hits?']"
viggo-challenge_train_20_percent-860,"suggest(name[Worms: Reloaded], genres[action, platformer, strategy], player_perspective[side view])","I was wondering, have you played any strategy action platformers with a side view perspective, like for example Worms: Reloaded?","['I was wondering, have you played any strategy action platformers with a side view perspective, like for example Worms: Reloaded?']"
viggo-challenge_train_20_percent-861,"suggest(name[Worms: Reloaded], developer[Team17 Digital Ltd])","Do you have any experience with games made by Team17 Digital Ltd, like for example Worms: Reloaded?","['Do you have any experience with games made by Team17 Digital Ltd, like for example Worms: Reloaded?']"
viggo-challenge_train_20_percent-862,"suggest(name[Rocket League], genres[sport, vehicular combat], player_perspective[third person])",Are you into third person sport games with vehicular combat like Rocket League?,['Are you into third person sport games with vehicular combat like Rocket League?']
viggo-challenge_train_20_percent-863,"suggest(name[Worms: Reloaded], genres[action, platformer, strategy], player_perspective[side view])","Do you also enjoy side view platformers involving both action and strategy, such as Worms: Reloaded?","['Do you also enjoy side view platformers involving both action and strategy, such as Worms: Reloaded?']"
viggo-challenge_train_20_percent-864,"suggest(name[The Witcher 3: Wild Hunt], release_year[2015], developer[CD Projekt RED])","Have you played any of the games by CD Projekt RED from 2015, for example The Witcher 3: Wild Hunt?","['Have you played any of the games by CD Projekt RED from 2015, for example The Witcher 3: Wild Hunt?']"
viggo-challenge_train_20_percent-865,"suggest(name[Bus Driver], developer[SCS Software], has_mac_release[no])","You ever played one of SCS Software's PC games although without a Mac release, like Bus Driver?","[""You ever played one of SCS Software's PC games although without a Mac release, like Bus Driver?""]"
viggo-challenge_train_20_percent-866,"suggest(name[The Sims], esrb[T (for Teen)], player_perspective[bird view])",Do you also like bird view games rated T (for Teen) such as The Sims?,['Do you also like bird view games rated T (for Teen) such as The Sims?']
viggo-challenge_train_20_percent-867,"suggest(name[Might & Magic: Heroes VI], developer[Black Hole Entertainment])","I am curious to know if remember ever playing a game made by Black Hole Entertainment, such as Might & Magic: Heroes VI.","['I am curious to know if remember ever playing a game made by Black Hole Entertainment, such as Might & Magic: Heroes VI.']"
viggo-challenge_train_20_percent-868,"suggest(name[Metro 2033], release_year[2010], platforms[Xbox])","I'm wondering, have you played any 2010 Xbox games, like for example Metro 2033?","[""I'm wondering, have you played any 2010 Xbox games, like for example Metro 2033?""]"
viggo-challenge_train_20_percent-869,"suggest(name[Little Big Adventure], has_multiplayer[no], platforms[PC])","What do you think of PC games with no multiplayer, just like that Little Big Adventure? Could that be fun?","['What do you think of PC games with no multiplayer, just like that Little Big Adventure? Could that be fun?']"
viggo-challenge_train_20_percent-870,"suggest(name[Rocket League], release_year[2015], has_multiplayer[yes])","What do you think of the multiplayer aspect of the 2015 release, Rocket League?","['What do you think of the multiplayer aspect of the 2015 release, Rocket League?']"
viggo-challenge_train_20_percent-871,"suggest(name[Mirror's Edge Catalyst], release_year[2016], has_multiplayer[yes])",Do you enjoy games from 2016 with multiplayer like Mirror's Edge Catalyst?,"[""Do you enjoy games from 2016 with multiplayer like Mirror's Edge Catalyst?""]"
viggo-challenge_train_20_percent-872,"suggest(name[The Witcher 3: Wild Hunt], release_year[2015], developer[CD Projekt RED])","Do you also like other games from 2015 made by CD Projekt RED, like The Witcher 3: Wild Hunt?","['Do you also like other games from 2015 made by CD Projekt RED, like The Witcher 3: Wild Hunt?']"
viggo-challenge_train_20_percent-873,"suggest(name[Metro 2033], developer[4A Games], platforms[Xbox])",Do you like 4A Games' titles on Xbox such as Metro 2033?,"[""Do you like 4A Games' titles on Xbox such as Metro 2033?""]"
viggo-challenge_train_20_percent-874,"suggest(name[Little Big Adventure], developer[Adeline Software International], player_perspective[third person])",Have you played any third person games by Adeline Software International like Little Big Adventure?,['Have you played any third person games by Adeline Software International like Little Big Adventure?']
viggo-challenge_train_20_percent-875,"suggest(name[Little Big Adventure], developer[Adeline Software International], player_perspective[third person])","Do you like third person games from Adeline Software International, such as Little Big Adventure?","['Do you like third person games from Adeline Software International, such as Little Big Adventure?']"
viggo-challenge_train_20_percent-876,"suggest(name[Bus Driver], esrb[E (for Everyone)], available_on_steam[yes])","Do you tend to play any E rated games on Steam, like for example Bus Driver?","['Do you tend to play any E rated games on Steam, like for example Bus Driver?']"
viggo-challenge_train_20_percent-877,"suggest(name[Resident Evil 4], available_on_steam[yes])","Have you tried out games on Steam, like Resident Evil 4?","['Have you tried out games on Steam, like Resident Evil 4?']"
viggo-challenge_train_20_percent-878,"suggest(name[NBA 2K16], release_year[2015], developer[Visual Concepts])","Do you have any experience with one of the games released by Visual Concepts in 2015, such as NBA 2K16?","['Do you have any experience with one of the games released by Visual Concepts in 2015, such as NBA 2K16?']"
viggo-challenge_train_20_percent-879,"suggest(name[Undertale], developer[tobyfox], has_multiplayer[no])","Would you be interested in trying any single-player games by tobyfox, such as Undertale?","['Would you be interested in trying any single-player games by tobyfox, such as Undertale?']"
viggo-challenge_train_20_percent-880,"suggest(name[NBA 2K16], esrb[E 10+ (for Everyone 10 and Older)], genres[sport])",Are you into E10+ sports games like NBA 2K16?,['Are you into E10+ sports games like NBA 2K16?']
viggo-challenge_train_20_percent-881,"suggest(name[Portal 2], release_year[2011])","Do you still play games from 2011, such as Portal 2, by any chance?","['Do you still play games from 2011, such as Portal 2, by any chance?']"
viggo-challenge_train_20_percent-882,"suggest(name[Super Bomberman], esrb[E (for Everyone)], player_perspective[bird view])","So I'm curious, have you played any E rated games with a bird view perspective, like for example Super Bomberman?","[""So I'm curious, have you played any E rated games with a bird view perspective, like for example Super Bomberman?""]"
viggo-challenge_train_20_percent-883,"suggest(name[The Witcher 3: Wild Hunt], release_year[2015], esrb[M (for Mature)])","Do you have any of the games rated M (for Mature) that came out in 2015 on your wish list, such as The Witcher 3: Wild Hunt?","['Do you have any of the games rated M (for Mature) that came out in 2015 on your wish list, such as The Witcher 3: Wild Hunt?']"
viggo-challenge_train_20_percent-884,"suggest(name[Tom Clancy's Splinter Cell: Chaos Theory], developer[Ubisoft Montreal], esrb[M (for Mature)])","I'm curious, would you be interested in playing any M rated games developed by Ubisoft Montreal, such as Tom Clancy's Splinter Cell: Chaos Theory?","[""I'm curious, would you be interested in playing any M rated games developed by Ubisoft Montreal, such as Tom Clancy's Splinter Cell: Chaos Theory?""]"
viggo-challenge_train_20_percent-885,"suggest(name[Resident Evil 4], available_on_steam[yes])","So do you have any experience playing games on Steam, like for example Resident Evil 4?","['So do you have any experience playing games on Steam, like for example Resident Evil 4?']"
viggo-challenge_train_20_percent-886,"suggest(name[Super Bomberman], release_year[1993], esrb[E (for Everyone)])","Are you a fan of E rated classic games, like the 1993 hit Super Bomberman?","['Are you a fan of E rated classic games, like the 1993 hit Super Bomberman?']"
viggo-challenge_train_20_percent-887,"suggest(name[The Witcher 3: Wild Hunt], developer[CD Projekt RED], platforms[Xbox])","Are you into games on the Xbox? If you are, you should check out CD Projekt RED's The Witcher 3: Wild Hunt.","[""Are you into games on the Xbox? If you are, you should check out CD Projekt RED's The Witcher 3: Wild Hunt.""]"
viggo-challenge_train_20_percent-888,"suggest(name[Tony Hawk's Pro Skater 3], has_multiplayer[yes], platforms[PlayStation])","have you given any multiplayer PlayStation games a try, like Tony Hawk's Pro Skater 3?","[""have you given any multiplayer PlayStation games a try, like Tony Hawk's Pro Skater 3?""]"
viggo-challenge_train_20_percent-889,"suggest(name[Metro 2033], release_year[2010], developer[4A Games])","So I was wondering, have you played any of the 2010 games developed by 4A Games, for instance Metro 2033?","['So I was wondering, have you played any of the 2010 games developed by 4A Games, for instance Metro 2033?']"
viggo-challenge_train_20_percent-890,"suggest(name[Super Bomberman], release_year[1993], developer[Hudson Soft])","Just curious, what do you think of games by Hudson Soft released in 1993, such as Super Bomberman?","['Just curious, what do you think of games by Hudson Soft released in 1993, such as Super Bomberman?']"
viggo-challenge_train_20_percent-891,"suggest(name[Metro 2033], developer[4A Games], platforms[Xbox])",Do you also like any Xbox games by 4A Games such as Metro 2033?,['Do you also like any Xbox games by 4A Games such as Metro 2033?']
viggo-challenge_train_20_percent-892,"suggest(name[Might & Magic: Heroes VI], genres[role-playing, turn-based strategy])","I was wondering if you had any experience with turn-based strategy games with role-playing elements, for example games like Might & Magic: Heroes VI.","['I was wondering if you had any experience with turn-based strategy games with role-playing elements, for example games like Might & Magic: Heroes VI.']"
viggo-challenge_train_20_percent-893,"suggest(name[The Witcher 3: Wild Hunt], genres[action-adventure, role-playing], player_perspective[third person])","Do you have an opinion on third person action-adventure role-playing games, such as The Witcher 3: Wild Hunt?","['Do you have an opinion on third person action-adventure role-playing games, such as The Witcher 3: Wild Hunt?']"
viggo-challenge_train_20_percent-894,"suggest(name[Worms: Reloaded], genres[action, platformer, strategy], player_perspective[side view])",Do you enjoy side view action platformer strategy games like Worms: Reloaded?,['Do you enjoy side view action platformer strategy games like Worms: Reloaded?']
viggo-challenge_train_20_percent-895,"suggest(name[RollerCoaster Tycoon], genres[simulation, strategy], player_perspective[bird view])","I've been thinking about buying a simulation strategy game that uses a bird view perspective, would you recommend RollerCoaster Tycoon?","[""I've been thinking about buying a simulation strategy game that uses a bird view perspective, would you recommend RollerCoaster Tycoon?""]"
viggo-challenge_train_20_percent-896,"suggest(name[Might & Magic: Heroes VI], developer[Black Hole Entertainment])","Are you a fan of games made by Black Hole Entertainment, such as Might & Magic: Heroes VI?","['Are you a fan of games made by Black Hole Entertainment, such as Might & Magic: Heroes VI?']"
viggo-challenge_train_20_percent-897,"suggest(name[The Sims], release_year[2000], developer[Maxis])",Do you like Maxis' games from 2000 like The Sims?,"[""Do you like Maxis' games from 2000 like The Sims?""]"
viggo-challenge_train_20_percent-898,"suggest(name[Tony Hawk's Pro Skater 3], genres[sport], player_perspective[third person])","I'm wondering if you like third person sport games, such as Tony Hawk's Pro Skater 3?","[""I'm wondering if you like third person sport games, such as Tony Hawk's Pro Skater 3?""]"
viggo-challenge_train_20_percent-899,"suggest(name[Super Bomberman], player_perspective[bird view], has_multiplayer[no])","What is your opinion on bird's eye view games that have no multiplayer option, such as Super Bomberman? Any of them good?","[""What is your opinion on bird's eye view games that have no multiplayer option, such as Super Bomberman? Any of them good?""]"
viggo-challenge_train_20_percent-900,"suggest(name[Silent Hill 2], esrb[M (for Mature)], platforms[PC])","Do you enjoy M rated PC games, like for example Silent Hill 2?","['Do you enjoy M rated PC games, like for example Silent Hill 2?']"
viggo-challenge_train_20_percent-901,"suggest(name[BioShock], developer[2K Boston], available_on_steam[yes])","Just curious, do you think 2K Boston's games available on Steam are any good, for instance BioShock?","[""Just curious, do you think 2K Boston's games available on Steam are any good, for instance BioShock?""]"
viggo-challenge_train_20_percent-902,"suggest(name[MotorStorm: Apocalypse], genres[vehicular combat], has_multiplayer[yes])","Do you enjoy multiplayer sports games with vehicular combat, like MotorStorm: Apocalypse?","['Do you enjoy multiplayer sports games with vehicular combat, like MotorStorm: Apocalypse?']"
viggo-challenge_train_20_percent-903,"suggest(name[Age of Empires II: The Age of Kings], has_mac_release[yes])","Do you ever play the Mac version of games when they have it, like Age of Empires II: The Age of Kings?","['Do you ever play the Mac version of games when they have it, like Age of Empires II: The Age of Kings?']"
viggo-challenge_train_20_percent-904,"suggest(name[Little Big Adventure], has_multiplayer[no], platforms[PC])","Do you enjoy playing single-player PC games, like Little Big Adventure?","['Do you enjoy playing single-player PC games, like Little Big Adventure?']"
viggo-challenge_train_20_percent-905,"suggest(name[Tetris], developer[Spectrum HoloByte, Inc.])","If you don't mind me asking, have you ever played a game that was developed by Spectrum HoloByte, Inc., like for example Tetris?","[""If you don't mind me asking, have you ever played a game that was developed by Spectrum HoloByte, Inc., like for example Tetris?""]"
viggo-challenge_train_20_percent-906,"suggest(name[Undertale], release_year[2015], developer[tobyfox])","Have you enjoyed played any games by tobyfox that came out in 2015, such as Undertale?","['Have you enjoyed played any games by tobyfox that came out in 2015, such as Undertale?']"
viggo-challenge_train_20_percent-907,"suggest(name[Little Big Adventure], release_year[1994], developer[Adeline Software International])","Do you have any good experience with Adeline Software International's 1994 games, for instance, Little Big Adventure?","[""Do you have any good experience with Adeline Software International's 1994 games, for instance, Little Big Adventure?""]"
viggo-challenge_train_20_percent-908,"suggest(name[Metro 2033], release_year[2010], platforms[Xbox])","Just curious, have you enjoyed any Xbox games that came out in 2010, such as Metro 2033?","['Just curious, have you enjoyed any Xbox games that came out in 2010, such as Metro 2033?']"
viggo-challenge_train_20_percent-909,"suggest(name[Resident Evil 4], developer[Capcom Production Studio 4])","So I've been curious, have you ever played a game made by Capcom Production Studio 4, such as Resident Evil 4?","[""So I've been curious, have you ever played a game made by Capcom Production Studio 4, such as Resident Evil 4?""]"
viggo-challenge_train_20_percent-910,"suggest(name[Bus Driver], developer[SCS Software], available_on_steam[yes])","You ever played one of SCS Software's games on Steam, like for example Bus Driver?","[""You ever played one of SCS Software's games on Steam, like for example Bus Driver?""]"
viggo-challenge_train_20_percent-911,"suggest(name[BioShock], has_mac_release[yes])","Have you had fun with other Mac games, like BioShock?","['Have you had fun with other Mac games, like BioShock?']"
viggo-challenge_train_20_percent-912,"suggest(name[MotorStorm: Apocalypse], genres[vehicular combat], has_multiplayer[yes])","I was wondering, do you enjoy multiplayer vehicular combat games, like for instance MotorStorm: Apocalypse?","['I was wondering, do you enjoy multiplayer vehicular combat games, like for instance MotorStorm: Apocalypse?']"
viggo-challenge_train_20_percent-913,"suggest(name[Age of Empires II: The Age of Kings], developer[Ensemble Studios])","I wonder, have you played any titles from Ensemble Studios, like Age of Empires II: The Age of Kings?","['I wonder, have you played any titles from Ensemble Studios, like Age of Empires II: The Age of Kings?']"
viggo-challenge_train_20_percent-914,"suggest(name[NBA 2K16], player_perspective[third person], platforms[PlayStation])","Have you played any third person games for the PlayStation, like NBA 2K16?","['Have you played any third person games for the PlayStation, like NBA 2K16?']"
viggo-challenge_train_20_percent-915,"verify_attribute(name[The Elder Scrolls V: Skyrim], esrb[M (for Mature)], rating[good])",I know you thought that the M rated The Elder Scrolls V: Skyrim was good. Do you generally prefer games that have the M (for Mature) rating?,['I know you thought that the M rated The Elder Scrolls V: Skyrim was good. Do you generally prefer games that have the M (for Mature) rating?']
viggo-challenge_train_20_percent-916,"verify_attribute(name[BioShock], esrb[M (for Mature)], rating[good])",I know you enjoyed BioShock a fair amount. Would you say that you like to play M rated games in general?,['I know you enjoyed BioShock a fair amount. Would you say that you like to play M rated games in general?']
viggo-challenge_train_20_percent-917,"verify_attribute(name[Need for Speed: Most Wanted], developer[EA Redwood Shores], rating[good], genres[driving/racing])","Previously you told me you like to play racing games like Need for Speed: Most Wanted. So, do you play other games from EA Redwood Shores?","['Previously you told me you like to play racing games like Need for Speed: Most Wanted. So, do you play other games from EA Redwood Shores?']"
viggo-challenge_train_20_percent-918,"verify_attribute(name[Lara Croft and the Temple of Osiris], developer[Crystal Dynamics], rating[average], platforms[PC])","So if I remember right, you feel that Lara Croft and the Temple of Osiris is thoroughly average in quality. Do you feel the same about the rest of Crystal Dynamics' PC game lineup?","[""So if I remember right, you feel that Lara Croft and the Temple of Osiris is thoroughly average in quality. Do you feel the same about the rest of Crystal Dynamics' PC game lineup?""]"
viggo-challenge_train_20_percent-919,"verify_attribute(name[World of Warcraft], rating[good], genres[adventure, MMORPG])","You mentioned that World of Warcraft was pretty good in your book. In general, do you find adventure MMORPGs to be fun?","['You mentioned that World of Warcraft was pretty good in your book. In general, do you find adventure MMORPGs to be fun?']"
viggo-challenge_train_20_percent-920,"verify_attribute(name[Silent Hill 2], esrb[M (for Mature)], rating[excellent], player_perspective[third person])",You told me you loved Silent Hill 2. Do you love other third person games rated M (for Mature)?,['You told me you loved Silent Hill 2. Do you love other third person games rated M (for Mature)?']
viggo-challenge_train_20_percent-921,"verify_attribute(name[Football Manager 2015], release_year[2014], rating[good], genres[simulation, sport, strategy])",I was surprised when you told me you liked Football Manager 2015. Do you like other sports sim strategy title from 2014?,['I was surprised when you told me you liked Football Manager 2015. Do you like other sports sim strategy title from 2014?']
viggo-challenge_train_20_percent-922,"verify_attribute(name[Need for Speed: Most Wanted], developer[EA Redwood Shores], rating[good], genres[driving/racing])",I remember you saying you thought that Need for Speed: Most Wanted was good. Do you like any other EA Redwood Shores driving/racing games?,['I remember you saying you thought that Need for Speed: Most Wanted was good. Do you like any other EA Redwood Shores driving/racing games?']
viggo-challenge_train_20_percent-923,"verify_attribute(name[Small World 2], developer[Days of Wonder], rating[poor], available_on_steam[yes])",I recall that you disliked Small World 2. Have you never been fond of games from Days of Wonder on Steam?,['I recall that you disliked Small World 2. Have you never been fond of games from Days of Wonder on Steam?']
viggo-challenge_train_20_percent-924,"verify_attribute(name[NHL 15], rating[average], genres[simulation, sport], player_perspective[bird view])","You said you were indifferent towards NHL 15. Typically, do you feel similar to other play bird's-eye view sport simulations?","[""You said you were indifferent towards NHL 15. Typically, do you feel similar to other play bird's-eye view sport simulations?""]"
viggo-challenge_train_20_percent-925,"verify_attribute(name[Rollcage], developer[Attention To Detail], rating[average], genres[action, driving/racing])",I remember you telling me that you didn't feel too strongly about Rollcage. But does that opinion also hold true for other action racing games by Attention To Detail?,"[""I remember you telling me that you didn't feel too strongly about Rollcage. But does that opinion also hold true for other action racing games by Attention To Detail?""]"
viggo-challenge_train_20_percent-926,"verify_attribute(name[The Forest of Doom], developer[Tin Man Games], rating[average], available_on_steam[yes])",I know you mentioned you felt that The Forest of Doom was just an okay game. Would you say the selection of Tin Man Games on Steam lacks more solid games?,['I know you mentioned you felt that The Forest of Doom was just an okay game. Would you say the selection of Tin Man Games on Steam lacks more solid games?']
viggo-challenge_train_20_percent-927,"verify_attribute(name[Worms: Reloaded], rating[average], genres[action, platformer, strategy])","Do you find all action strategy platformers lukewarm, or just Worms: Reloaded?","['Do you find all action strategy platformers lukewarm, or just Worms: Reloaded?']"
viggo-challenge_train_20_percent-928,"verify_attribute(name[Guitar Hero: Smash Hits], esrb[T (for Teen)], rating[poor], platforms[Nintendo])",You mentioned disliking Guitar Hero: Smash Hits. Is this the case for all Nintendo games rated T?,['You mentioned disliking Guitar Hero: Smash Hits. Is this the case for all Nintendo games rated T?']
viggo-challenge_train_20_percent-929,"verify_attribute(name[Small World 2], rating[poor], genres[indie, trivia/board game])",You've mentioned how bad Small World 2 was. Do you just not enjoy indie games in the trivia/board game genre at all?,"[""You've mentioned how bad Small World 2 was. Do you just not enjoy indie games in the trivia/board game genre at all?""]"
viggo-challenge_train_20_percent-930,"verify_attribute(name[Assassin's Creed II], rating[good], genres[action-adventure, platformer], player_perspective[third person])","So you said that you had a good time playing Assassin's Creed II. Generally speaking, do you like playing third person action-adventure platformers?","[""So you said that you had a good time playing Assassin's Creed II. Generally speaking, do you like playing third person action-adventure platformers?""]"
viggo-challenge_train_20_percent-931,"verify_attribute(name[Rollcage], developer[Attention To Detail], rating[average], genres[action, driving/racing])",You mentioned that you didn't hate Rollcage but it didn't impress you either. Do you think there is a lot to improve in all action racing games developed by Attention To Detail?,"[""You mentioned that you didn't hate Rollcage but it didn't impress you either. Do you think there is a lot to improve in all action racing games developed by Attention To Detail?""]"
viggo-challenge_train_20_percent-932,"verify_attribute(name[World of Warcraft], rating[good], genres[adventure, MMORPG])","Do you find playing adventure MMORPGs fun, or did you just enjoy World of Warcraft?","['Do you find playing adventure MMORPGs fun, or did you just enjoy World of Warcraft?']"
viggo-challenge_train_20_percent-933,"verify_attribute(name[Uncharted 4: A Thief's End], rating[excellent], platforms[PlayStation])","You like Uncharted 4: A Thief's End a lot, I remember. Would you have even touched it though if it wasn't on the PlayStation?","[""You like Uncharted 4: A Thief's End a lot, I remember. Would you have even touched it though if it wasn't on the PlayStation?""]"
viggo-challenge_train_20_percent-934,"verify_attribute(name[Tomb Raider: The Last Revelation], rating[good], player_perspective[third person], platforms[PlayStation])",I remember you saying that you enjoy Tomb Raider: The Last Revelation. Would you say you strongly prefer third person perspective games on PlayStation?,['I remember you saying that you enjoy Tomb Raider: The Last Revelation. Would you say you strongly prefer third person perspective games on PlayStation?']
viggo-challenge_train_20_percent-935,"verify_attribute(name[Need for Speed: The Run], developer[Firebrand Games], rating[average], genres[driving/racing])",Earlier you said you found Need for Speed: The Run to be average. Are you typically not very impressed by driving/racing games from Firebrand Games?,['Earlier you said you found Need for Speed: The Run to be average. Are you typically not very impressed by driving/racing games from Firebrand Games?']
viggo-challenge_train_20_percent-936,"verify_attribute(name[Tetris], release_year[1986], rating[excellent], platforms[Nintendo])","You said that Tetris was one of your all time favorite games. Was 1986 a great year for Nintendo games overall, or was it just this game?","['You said that Tetris was one of your all time favorite games. Was 1986 a great year for Nintendo games overall, or was it just this game?']"
viggo-challenge_train_20_percent-937,"verify_attribute(name[Commandos: Behind Enemy Lines], release_year[1998], developer[Pyro Studios], rating[good])",You previously mentioned liking Commandos: Behind Enemy Lines. Generally are you a fan of games from 1998 by Pyro Studios?,['You previously mentioned liking Commandos: Behind Enemy Lines. Generally are you a fan of games from 1998 by Pyro Studios?']
viggo-challenge_train_20_percent-938,"verify_attribute(name[Uncharted 4: A Thief's End], rating[excellent], has_multiplayer[yes])",I know you thought that Uncharted 4: A Thief's End was a truly excellent game. Do you also love other games that have a multiplayer option?,"[""I know you thought that Uncharted 4: A Thief's End was a truly excellent game. Do you also love other games that have a multiplayer option?""]"
viggo-challenge_train_20_percent-939,"verify_attribute(name[Max Payne], developer[Remedy Entertainment], esrb[M (for Mature)], rating[good])","So you found Max Payne to be enjoyable to play, if I remember right. Do you also enjoy Remedy Entertainment's other M rated games?","[""So you found Max Payne to be enjoyable to play, if I remember right. Do you also enjoy Remedy Entertainment's other M rated games?""]"
viggo-challenge_train_20_percent-940,"verify_attribute(name[Need for Speed: Most Wanted], rating[good], genres[driving/racing], player_perspective[third person])",I remember you said you enjoyed Need for Speed: Most Wanted. Would you say you are a fan of third person driving/racing games?,['I remember you said you enjoyed Need for Speed: Most Wanted. Would you say you are a fan of third person driving/racing games?']
viggo-challenge_train_20_percent-941,"verify_attribute(name[Euro Truck Simulator], developer[SCS Software], rating[poor], available_on_steam[yes])","You said earlier that you found Euro Truck Simulator to not be very enjoyable. Do you dislike games developed by SCS Software on Steam, in general?","['You said earlier that you found Euro Truck Simulator to not be very enjoyable. Do you dislike games developed by SCS Software on Steam, in general?']"
viggo-challenge_train_20_percent-942,"verify_attribute(name[Driver], developer[Reflections Interactive], esrb[T (for Teen)], rating[average])","A moment ago you said that Driver was simply okay, not bad, not good. Would you say that games by Reflections Interactive labelled with the T rating are simply missing something?","['A moment ago you said that Driver was simply okay, not bad, not good. Would you say that games by Reflections Interactive labelled with the T rating are simply missing something?']"
viggo-challenge_train_20_percent-943,"verify_attribute(name[Football Manager 2015], rating[good], genres[simulation, sport, strategy], has_multiplayer[yes])","I agree, playing Football Manager 2015 with friends online has been pretty fun. Do you normally like playing sports strategy simulations?","['I agree, playing Football Manager 2015 with friends online has been pretty fun. Do you normally like playing sports strategy simulations?']"
viggo-challenge_train_20_percent-944,"verify_attribute(name[Max Payne], rating[good], genres[action-adventure, shooter], platforms[PC])",I remember you mentioned that you liked Max Payne on the PC. Do you feel this way about the other action-adventure shooter games?,['I remember you mentioned that you liked Max Payne on the PC. Do you feel this way about the other action-adventure shooter games?']
viggo-challenge_train_20_percent-945,"verify_attribute(name[Rocket League], rating[good], genres[sport, vehicular combat], player_perspective[third person])",Earlier you said you enjoyed Rocket League. Do you frequently prefer third person sports games featuring vehicular combat?,['Earlier you said you enjoyed Rocket League. Do you frequently prefer third person sports games featuring vehicular combat?']
viggo-challenge_train_20_percent-946,"verify_attribute(name[The Elder Scrolls V: Skyrim], esrb[M (for Mature)], rating[good])",So you mentioned that you thought The Elder Scrolls V: Skyrim was a fun game. Do you have similar thoughts about other M rated games?,['So you mentioned that you thought The Elder Scrolls V: Skyrim was a fun game. Do you have similar thoughts about other M rated games?']
viggo-challenge_train_20_percent-947,"verify_attribute(name[BioShock], rating[good], genres[action-adventure, role-playing, shooter])","Hey, so you enjoyed BioShock. Is such an action-adventure shooter style of games with RPG elements something you dig?","['Hey, so you enjoyed BioShock. Is such an action-adventure shooter style of games with RPG elements something you dig?']"
viggo-challenge_train_20_percent-948,"verify_attribute(name[Need for Speed: Payback], esrb[T (for Teen)], rating[poor], genres[driving/racing])",You said earlier that you didn't like Need for Speed: Payback. Are you usually not fond of driving/racing games rated T (for Teen)?,"[""You said earlier that you didn't like Need for Speed: Payback. Are you usually not fond of driving/racing games rated T (for Teen)?""]"
viggo-challenge_train_20_percent-949,"verify_attribute(name[The Vanishing of Ethan Carter], developer[The Astronauts], rating[average], platforms[Xbox])","You said you felt so-so about The Vanishing of Ethan Carter. In general, would you say you felt the same about other releases from The Astronauts on Xbox?","['You said you felt so-so about The Vanishing of Ethan Carter. In general, would you say you felt the same about other releases from The Astronauts on Xbox?']"
viggo-challenge_train_20_percent-950,"verify_attribute(name[Tom Clancy's The Division], rating[average], has_multiplayer[yes], platforms[PC])",You said earlier that multiplayer on Tom Clancy's The Division was average. Do you find that opinion true for most PC games.,"[""You said earlier that multiplayer on Tom Clancy's The Division was average. Do you find that opinion true for most PC games.""]"
viggo-challenge_train_20_percent-951,"verify_attribute(name[Small World 2], developer[Days of Wonder], rating[poor])",I remember you telling me that you didn't like Small World 2. Would you say you're overall not a fan of games by Days of Wonder?,"[""I remember you telling me that you didn't like Small World 2. Would you say you're overall not a fan of games by Days of Wonder?""]"
viggo-challenge_train_20_percent-952,"verify_attribute(name[Small World 2], rating[poor], available_on_steam[yes])","Do you tend to not enjoy playing games on Steam, or is it just a problem with Small World 2?","['Do you tend to not enjoy playing games on Steam, or is it just a problem with Small World 2?']"
viggo-challenge_train_20_percent-953,"verify_attribute(name[Max Payne], rating[good], genres[action-adventure, shooter], player_perspective[third person])",You said that you enjoyed Max Payne. Is this the case with all action-adventure third person shooter games?,['You said that you enjoyed Max Payne. Is this the case with all action-adventure third person shooter games?']
viggo-challenge_train_20_percent-954,"verify_attribute(name[BioShock], rating[good], player_perspective[first person])",I know that BioShock is a game you like. Is the first person player perspective a preference of yours in the games you play?,['I know that BioShock is a game you like. Is the first person player perspective a preference of yours in the games you play?']
viggo-challenge_train_20_percent-955,"verify_attribute(name[Tom Clancy's The Division], release_year[2016], rating[average], player_perspective[third person])",Previously you told me that you aren't a real big fan of Tom Clancy's The Division. Do you prefer third person shooters from a different year than 2016?,"[""Previously you told me that you aren't a real big fan of Tom Clancy's The Division. Do you prefer third person shooters from a different year than 2016?""]"
viggo-challenge_train_20_percent-956,"verify_attribute(name[Stronghold 2], rating[average], genres[real-time strategy, simulation], platforms[PC])",You said earlier that you were not that fond of Stronghold 2. Is that often the case with real-time strategy simulation games for the PC?,['You said earlier that you were not that fond of Stronghold 2. Is that often the case with real-time strategy simulation games for the PC?']
viggo-challenge_train_20_percent-957,"verify_attribute(name[Skyforge], rating[poor], player_perspective[third person], available_on_steam[yes])",You said that you disliked Skyforge. Does that mean it's safe to assume that you dislike third person games on Steam in general?,"[""You said that you disliked Skyforge. Does that mean it's safe to assume that you dislike third person games on Steam in general?""]"
viggo-challenge_train_20_percent-958,"verify_attribute(name[Guitar Hero: Smash Hits], esrb[T (for Teen)], rating[poor], platforms[Nintendo])",You said earlier that you didn't like Guitar Hero: Smash Hits. Are you generally not a fan of Nintendo games rated T (for Teen)?,"[""You said earlier that you didn't like Guitar Hero: Smash Hits. Are you generally not a fan of Nintendo games rated T (for Teen)?""]"
viggo-challenge_train_20_percent-959,"verify_attribute(name[Worms: Reloaded], developer[Team17 Digital Ltd], rating[average])","I wonder if you think Team17 Digital Ltd is no more than an average developer, or rather that Worms: Reloaded was just an anomaly for them.","['I wonder if you think Team17 Digital Ltd is no more than an average developer, or rather that Worms: Reloaded was just an anomaly for them.']"
viggo-challenge_train_20_percent-960,"verify_attribute(name[Life is Strange], developer[Dontnod Entertainment], rating[good], genres[role-playing])",You mentioned earlier that you liked Life is Strange. Are you commonly fond of role-playing games from Dontnod Entertainment?,['You mentioned earlier that you liked Life is Strange. Are you commonly fond of role-playing games from Dontnod Entertainment?']
viggo-challenge_train_20_percent-961,"verify_attribute(name[Commandos: Behind Enemy Lines], rating[good], player_perspective[bird view], has_multiplayer[yes])","Earlier, you said you liked Commandos: Behind Enemy Lines. Do you usually enjoy multiplayer games from a bird's-eye view?","[""Earlier, you said you liked Commandos: Behind Enemy Lines. Do you usually enjoy multiplayer games from a bird's-eye view?""]"
viggo-challenge_train_20_percent-962,"verify_attribute(name[Stronghold 2], rating[average], genres[real-time strategy, simulation], platforms[PC])",I know you're kind of hit or miss with Stronghold 2. Do you feel so-so about other real-time strategy or simulation games on PC?,"[""I know you're kind of hit or miss with Stronghold 2. Do you feel so-so about other real-time strategy or simulation games on PC?""]"
viggo-challenge_train_20_percent-963,"verify_attribute(name[The Legend of Zelda: Ocarina of Time], release_year[1998], rating[excellent], platforms[Nintendo])",I remember how much you dug The Legend of Zelda: Ocarina of Time from 1998. Do you generally dig other similar Nintendo game?,['I remember how much you dug The Legend of Zelda: Ocarina of Time from 1998. Do you generally dig other similar Nintendo game?']
viggo-challenge_train_20_percent-964,"verify_attribute(name[Driver], developer[Reflections Interactive], esrb[T (for Teen)], rating[average])",I remember you said you found Driver to be average. Are you normally not impressed by T (for Teen) rated games by Reflections Interactive?,['I remember you said you found Driver to be average. Are you normally not impressed by T (for Teen) rated games by Reflections Interactive?']
viggo-challenge_train_20_percent-965,"verify_attribute(name[Euro Truck Simulator], developer[SCS Software], rating[poor], available_on_steam[yes])",Previously you told me that you did not like Euro Truck Simulator. Are you disappointed with SCS Software's overall selection of games on Steam?,"[""Previously you told me that you did not like Euro Truck Simulator. Are you disappointed with SCS Software's overall selection of games on Steam?""]"
viggo-challenge_train_20_percent-966,"verify_attribute(name[The Elder Scrolls V: Skyrim], rating[good], platforms[PlayStation])","You mentioned that you enjoyed playing The Elder Scrolls V: Skyrim. In general, do you enjoy playing games for the PlayStation?","['You mentioned that you enjoyed playing The Elder Scrolls V: Skyrim. In general, do you enjoy playing games for the PlayStation?']"
viggo-challenge_train_20_percent-967,"verify_attribute(name[Assassin's Creed II], release_year[2009], rating[good], platforms[PlayStation])","A while ago you mentioned Assassin's Creed II, and said you liked it. Do you feel like a lot of good games were released for the PlayStation in 2009?","[""A while ago you mentioned Assassin's Creed II, and said you liked it. Do you feel like a lot of good games were released for the PlayStation in 2009?""]"
viggo-challenge_train_20_percent-968,"verify_attribute(name[Tomb Raider: The Angel of Darkness], rating[poor], player_perspective[third person], platforms[PlayStation])",You said that you didn't like Tomb Raider: The Angel of Darkness. Do you tend to not like third person games for PlayStation?,"[""You said that you didn't like Tomb Raider: The Angel of Darkness. Do you tend to not like third person games for PlayStation?""]"
viggo-challenge_train_20_percent-969,"verify_attribute(name[Need for Speed: The Run], release_year[2011], developer[Firebrand Games], rating[average])",I remember you thought Need for Speed: The Run was just average. Does that sentiment hold for all Firebrand Games from 2011?,['I remember you thought Need for Speed: The Run was just average. Does that sentiment hold for all Firebrand Games from 2011?']
viggo-challenge_train_20_percent-970,"verify_attribute(name[NHL 15], developer[EA Canada], rating[average], genres[simulation, sport])","I know you feel that NHL 15 is neither particularly great, nor particularly terrible. Do you feel the same way about the other sport simulators made by EA Canada?","['I know you feel that NHL 15 is neither particularly great, nor particularly terrible. Do you feel the same way about the other sport simulators made by EA Canada?']"
viggo-challenge_train_20_percent-971,"verify_attribute(name[Little Big Adventure], developer[Adeline Software International], rating[average], player_perspective[third person])",I recall that you were not that fond of Little Big Adventure. Would you say Adeline Software International has room to improve in third person games overall?,['I recall that you were not that fond of Little Big Adventure. Would you say Adeline Software International has room to improve in third person games overall?']
viggo-challenge_train_20_percent-972,"verify_attribute(name[Uncharted 4: A Thief's End], esrb[T (for Teen)], rating[excellent], player_perspective[third person])","You said that you loved Uncharted 4: A Thief's End. In general, do you like to play third person games that are rated T?","[""You said that you loved Uncharted 4: A Thief's End. In general, do you like to play third person games that are rated T?""]"
viggo-challenge_train_20_percent-973,"verify_attribute(name[Skyforge], rating[poor], genres[adventure, hack-and-slash, MMORPG], player_perspective[third person])","You said you hated Skyforge. Do you hate most other third person, hack-and-slash adventure MMORPGs?","['You said you hated Skyforge. Do you hate most other third person, hack-and-slash adventure MMORPGs?']"
viggo-challenge_train_20_percent-974,"verify_attribute(name[The Vanishing of Ethan Carter], esrb[M (for Mature)], rating[average], player_perspective[first person])",I recall that you found The Vanishing of Ethan Carter to be average. Generally are you not impressed with first person perspective games rated M (for Mature)?,['I recall that you found The Vanishing of Ethan Carter to be average. Generally are you not impressed with first person perspective games rated M (for Mature)?']
viggo-challenge_train_20_percent-975,"verify_attribute(name[Silent Hill 2], rating[excellent], genres[action-adventure, puzzle], player_perspective[third person])",I think you mentioned having an excellent time when you played Silent Hill 2. Do you generally enjoy all third person action-adventure games with puzzles in them?,['I think you mentioned having an excellent time when you played Silent Hill 2. Do you generally enjoy all third person action-adventure games with puzzles in them?']
viggo-challenge_train_20_percent-976,"verify_attribute(name[Assassin's Creed Chronicles: India], developer[Climax Studios], rating[poor], has_multiplayer[no])","I know you mentioned not liking Assassin's Creed Chronicles: India. I'm curious, do you think all of Climax Studios' single-player only games are bad?","[""I know you mentioned not liking Assassin's Creed Chronicles: India. I'm curious, do you think all of Climax Studios' single-player only games are bad?""]"
viggo-challenge_train_20_percent-977,"verify_attribute(name[The Room], developer[Fireproof Games], rating[excellent], genres[indie, point-and-click, puzzle])",You previously mentioned that you loved The Room. Are you frequently a big fan of indie point-and-click puzzle games from Fireproof Games?,['You previously mentioned that you loved The Room. Are you frequently a big fan of indie point-and-click puzzle games from Fireproof Games?']
viggo-challenge_train_20_percent-978,"verify_attribute(name[Driver], rating[average], genres[driving/racing, simulation], has_mac_release[yes])","I know you are not the biggest fan of Driver, but do you generally feel ambivalent towards most driving/racing simulators on Mac?","['I know you are not the biggest fan of Driver, but do you generally feel ambivalent towards most driving/racing simulators on Mac?']"
viggo-challenge_train_20_percent-979,"verify_attribute(name[Tony Hawk's Pro Skater 3], rating[average], genres[sport], has_multiplayer[yes])","I know you didn't hate Tony Hawk's Pro Skater 3, but didn't love it either. Do you feel kinda the same way about other sports games with multiplayer?","[""I know you didn't hate Tony Hawk's Pro Skater 3, but didn't love it either. Do you feel kinda the same way about other sports games with multiplayer?""]"
viggo-challenge_train_20_percent-980,"verify_attribute(name[Skyforge], developer[Allods Online], rating[poor])",You told me you dislike Skyforge. Do you feel like Allods Online makes a mess of games in general?,['You told me you dislike Skyforge. Do you feel like Allods Online makes a mess of games in general?']
viggo-challenge_train_20_percent-981,"verify_attribute(name[Tomb Raider: The Last Revelation], release_year[1999], rating[good], genres[action-adventure, puzzle, shooter])",So you like playing Tomb Raider: The Last Revelation. Do you feel like 1999 was a good year for action-adventure shooter games with puzzles?,['So you like playing Tomb Raider: The Last Revelation. Do you feel like 1999 was a good year for action-adventure shooter games with puzzles?']
viggo-challenge_train_20_percent-982,"verify_attribute(name[Silent Hill 2], rating[excellent], genres[action-adventure, puzzle], player_perspective[third person])","You said that Silent Hill 2 was totally rad. I'm curious, do you in general really love third person perspective action adventure games with puzzles?","[""You said that Silent Hill 2 was totally rad. I'm curious, do you in general really love third person perspective action adventure games with puzzles?""]"
viggo-challenge_train_20_percent-983,"verify_attribute(name[Tony Hawk's Pro Skater 3], rating[average], genres[sport], has_multiplayer[yes])","You said you were not that fond of Tony Hawk's Pro Skater 3. In general, do you like to play multiplayer sports games?","[""You said you were not that fond of Tony Hawk's Pro Skater 3. In general, do you like to play multiplayer sports games?""]"
viggo-challenge_train_20_percent-984,"verify_attribute(name[Outlast II], developer[Red Barrels], rating[average], player_perspective[first person])",You mentioned that Outlast II was so-so in quality. Does it perhaps have to do with the use of a first person perspective by Red Barrels in their games?,['You mentioned that Outlast II was so-so in quality. Does it perhaps have to do with the use of a first person perspective by Red Barrels in their games?']
viggo-challenge_train_20_percent-985,"verify_attribute(name[Transport Tycoon], rating[average], has_mac_release[no])",I've heard you're nonplussed about Transport Tycoon. Is this the case for all games that don't have a Mac release?,"[""I've heard you're nonplussed about Transport Tycoon. Is this the case for all games that don't have a Mac release?""]"
viggo-challenge_train_20_percent-986,"verify_attribute(name[Metal Gear Solid 3: Snake Eater], rating[excellent], genres[action-adventure, shooter, tactical], platforms[PlayStation])",I know you thought Metal Gear Solid 3: Snake Eater was great. Do you think other action-adventure tactical shooters on PlayStation are great normally?,['I know you thought Metal Gear Solid 3: Snake Eater was great. Do you think other action-adventure tactical shooters on PlayStation are great normally?']
viggo-challenge_train_20_percent-987,"verify_attribute(name[Driver], release_year[1999], rating[average], platforms[PC])",You mentioned earlier that you found Driver to be average. Generally are you not impressed with PC games from 1999?,['You mentioned earlier that you found Driver to be average. Generally are you not impressed with PC games from 1999?']
viggo-challenge_train_20_percent-988,"verify_attribute(name[Far Cry 3], developer[Ubisoft Massive], rating[good], platforms[PC])",You said Far Cry 3 was pretty fun a moment ago. Would you say Ubisoft Massive has a good reputation for their PC games?,['You said Far Cry 3 was pretty fun a moment ago. Would you say Ubisoft Massive has a good reputation for their PC games?']
viggo-challenge_train_20_percent-989,"verify_attribute(name[Skyforge], rating[poor], player_perspective[third person])","If my memory is right, you said you didn't like Skyforge. Is the third person perspective something you don't like in games?","[""If my memory is right, you said you didn't like Skyforge. Is the third person perspective something you don't like in games?""]"
viggo-challenge_train_20_percent-990,"verify_attribute(name[Tomb Raider: The Angel of Darkness], release_year[2003], developer[Core Design], rating[poor])","If I remember correctly, you did not like Tomb Raider: The Angel of Darkness. Did Core Design let go off their high standard in 2003, you think?","['If I remember correctly, you did not like Tomb Raider: The Angel of Darkness. Did Core Design let go off their high standard in 2003, you think?']"
viggo-challenge_train_20_percent-991,"verify_attribute(name[Tony Hawk's Pro Skater 3], rating[average], genres[sport], player_perspective[third person])",You mentioned that you found Tony Hawk's Pro Skater 3 to be an okay game. Do you in general just find third person perspective sports games to be meh?,"[""You mentioned that you found Tony Hawk's Pro Skater 3 to be an okay game. Do you in general just find third person perspective sports games to be meh?""]"
viggo-challenge_train_20_percent-992,"verify_attribute(name[Tomb Raider: The Last Revelation], developer[Core Design], rating[good], platforms[PlayStation])","Earlier you mentioned liking the game Tomb Raider: The Last Revelation. How about other games by Core Design for the PlayStation, do you like them as well?","['Earlier you mentioned liking the game Tomb Raider: The Last Revelation. How about other games by Core Design for the PlayStation, do you like them as well?']"
viggo-challenge_train_20_percent-993,"verify_attribute(name[Dance Dance Revolution Universe 3], developer[Konami], rating[poor], genres[music])",You mentioned disliking Dance Dance Revolution Universe 3. Are you generally not fond of music games from Konami?,['You mentioned disliking Dance Dance Revolution Universe 3. Are you generally not fond of music games from Konami?']
viggo-challenge_train_20_percent-994,"verify_attribute(name[World of Warcraft], rating[good], genres[adventure, MMORPG])",In our conversation you mentioned liking World of Warcraft. Would you say the adventure MMORPG genre is one of your favorites?,['In our conversation you mentioned liking World of Warcraft. Would you say the adventure MMORPG genre is one of your favorites?']
viggo-challenge_train_20_percent-995,"verify_attribute(name[Need for Speed: Most Wanted], rating[good], player_perspective[third person])",You had good things to say about Need for Speed: Most Wanted. Is that usually your opinion of games with a third person perspective?,['You had good things to say about Need for Speed: Most Wanted. Is that usually your opinion of games with a third person perspective?']
viggo-challenge_train_20_percent-996,"verify_attribute(name[Need for Speed: Most Wanted], rating[good], has_multiplayer[yes], platforms[PlayStation])",You said earlier that you enjoyed Need for Speed: Most Wanted. Do you like playing other PlayStation games with multiplayer?,['You said earlier that you enjoyed Need for Speed: Most Wanted. Do you like playing other PlayStation games with multiplayer?']
viggo-challenge_train_20_percent-997,"verify_attribute(name[Little Nightmares], developer[Tarsier Studios], rating[good], platforms[PlayStation])",You said that you like to play Little Nightmares. Does it mean that you regularly play other Tarsier Studios' titles on PlayStation?,"[""You said that you like to play Little Nightmares. Does it mean that you regularly play other Tarsier Studios' titles on PlayStation?""]"
viggo-challenge_train_20_percent-998,"verify_attribute(name[Far Cry 3], developer[Ubisoft Massive], rating[good], platforms[PC])",You said that you liked Far Cry 3. Do you regularly play games from Ubisoft Massive on PC?,['You said that you liked Far Cry 3. Do you regularly play games from Ubisoft Massive on PC?']
viggo-challenge_train_20_percent-999,"verify_attribute(name[Metro 2033], rating[good], genres[action, role-playing, shooter], player_perspective[first person])",You mentioned earlier that you liked Metro 2033. Do you regularly play first person action games with role-playing and shooting?,['You mentioned earlier that you liked Metro 2033. Do you regularly play first person action games with role-playing and shooting?']
viggo-challenge_train_20_percent-1000,"verify_attribute(name[Dance Dance Revolution Universe 3], rating[poor], genres[music], platforms[Xbox])",You mentioned disliking Dance Dance Revolution Universe 3. Are you just not about music games on Xbox?,['You mentioned disliking Dance Dance Revolution Universe 3. Are you just not about music games on Xbox?']
viggo-challenge_train_20_percent-1001,"verify_attribute(name[Stronghold 2], rating[average], has_multiplayer[yes], available_on_steam[yes])",You previously mentioned that Stronghold 2 was merely average. Are you usually unimpressed with multiplayer games on Steam?,['You previously mentioned that Stronghold 2 was merely average. Are you usually unimpressed with multiplayer games on Steam?']
viggo-challenge_train_20_percent-1002,"verify_attribute(name[The Vanishing of Ethan Carter], esrb[M (for Mature)], rating[average], platforms[Xbox])",I remember you mentioning that The Vanishing of Ethan Carter was so-so in quality. Do you in general feel that way about M rated games released on the Xbox?,['I remember you mentioning that The Vanishing of Ethan Carter was so-so in quality. Do you in general feel that way about M rated games released on the Xbox?']
viggo-challenge_train_20_percent-1003,"verify_attribute(name[Metro 2033], developer[4A Games], rating[good], available_on_steam[yes])",You mentioned liking Metro 2033. Are you usually a fan of games from 4A Games on Steam?,['You mentioned liking Metro 2033. Are you usually a fan of games from 4A Games on Steam?']
viggo-challenge_train_20_percent-1004,"verify_attribute(name[Far Cry 3], rating[good], genres[action-adventure, shooter], has_multiplayer[yes])",You said that you liked Far Cry 3. Do you frequently like to play multiplayer action-adventure shooters?,['You said that you liked Far Cry 3. Do you frequently like to play multiplayer action-adventure shooters?']
viggo-challenge_train_20_percent-1005,"verify_attribute(name[Guitar Hero: Smash Hits], rating[poor], genres[music], has_multiplayer[yes])",You said that you disliked Guitar Hero: Smash Hits. Is it common for you to dislike music multiplayer games?,['You said that you disliked Guitar Hero: Smash Hits. Is it common for you to dislike music multiplayer games?']
viggo-challenge_train_20_percent-1006,"verify_attribute(name[Life is Strange], rating[good], player_perspective[third person], has_multiplayer[no])",I know that you liked Life is Strange. Do you have fun playing third person perspective single-player games in general?,['I know that you liked Life is Strange. Do you have fun playing third person perspective single-player games in general?']
viggo-challenge_train_20_percent-1007,"verify_attribute(name[Tomb Raider: The Angel of Darkness], developer[Core Design], rating[poor], has_multiplayer[no])",You previously mentioned disliking Tomb Raider: The Angel of Darkness. In general are you not fond of single-player games from Core Design?,['You previously mentioned disliking Tomb Raider: The Angel of Darkness. In general are you not fond of single-player games from Core Design?']
viggo-challenge_train_20_percent-1008,"verify_attribute(name[The Forest of Doom], release_year[2014], rating[average], platforms[PC])",I remember you saying that The Forest of Doom was an okay game. Would you say other PC games from 2014 are mostly just okay games?,['I remember you saying that The Forest of Doom was an okay game. Would you say other PC games from 2014 are mostly just okay games?']
viggo-challenge_train_20_percent-1009,"verify_attribute(name[The Room], developer[Fireproof Games], rating[excellent], genres[indie, point-and-click, puzzle])",You said that The Room was a really excellent game. Do you also love other indie point-and-click puzzle games developed by Fireproof Games?,['You said that The Room was a really excellent game. Do you also love other indie point-and-click puzzle games developed by Fireproof Games?']
viggo-challenge_train_20_percent-1010,"verify_attribute(name[The Forest of Doom], rating[average], genres[role-playing, text adventure], has_linux_release[yes])","You mentioned earlier that you felt indifferent about The Forest of Doom. Do you often feel the same about other role-playing, text adventure games on Linux?","['You mentioned earlier that you felt indifferent about The Forest of Doom. Do you often feel the same about other role-playing, text adventure games on Linux?']"
viggo-challenge_train_20_percent-1011,"verify_attribute(name[The Legend of Zelda: Ocarina of Time], rating[excellent], genres[action-adventure, puzzle, role-playing], has_multiplayer[no])",You said earlier that you loved The Legend of Zelda: Ocarina of Time. Do you always enjoy a good single-player action-adventure game with puzzles and role playing?,['You said earlier that you loved The Legend of Zelda: Ocarina of Time. Do you always enjoy a good single-player action-adventure game with puzzles and role playing?']
viggo-challenge_train_20_percent-1012,"verify_attribute(name[Tony Hawk's Pro Skater 3], rating[average], genres[sport], player_perspective[third person])","If I remember right, you felt like Tony Hawk's Pro Skater 3 was just okay. Do you typically feel that third person sports games aren't really your thing?","[""If I remember right, you felt like Tony Hawk's Pro Skater 3 was just okay. Do you typically feel that third person sports games aren't really your thing?""]"
viggo-challenge_train_20_percent-1013,"verify_attribute(name[Commandos: Behind Enemy Lines], rating[good], player_perspective[bird view], has_multiplayer[yes])",I heard you say that you liked Commandos: Behind Enemy Lines. Do you feel that multiplayer games tend to be more fun from a bird's eye view?,"[""I heard you say that you liked Commandos: Behind Enemy Lines. Do you feel that multiplayer games tend to be more fun from a bird's eye view?""]"
viggo-challenge_train_20_percent-1014,"verify_attribute(name[Euro Truck Simulator], developer[SCS Software], rating[poor], genres[driving/racing, simulation])",You said that you disliked Euro Truck Simulator. Do you make a habit of disliking driving and racing simulators by SCS Software?,['You said that you disliked Euro Truck Simulator. Do you make a habit of disliking driving and racing simulators by SCS Software?']
viggo-challenge_train_20_percent-1015,"verify_attribute(name[Assassin's Creed II], developer[Ubisoft Montreal], esrb[M (for Mature)], rating[good])",I know you said earlier that Assassin's Creed II was quite good. Would you say you're a fan of M rated games developed by Ubisoft Montreal?,"[""I know you said earlier that Assassin's Creed II was quite good. Would you say you're a fan of M rated games developed by Ubisoft Montreal?""]"
viggo-challenge_train_20_percent-1016,"verify_attribute(name[Mass Effect 2], developer[BioWare], rating[excellent], genres[action-adventure, role-playing, shooter])",You mentioned absolutely loving BioWare's Mass Effect 2. Do you feel the same way about other action-adventure RPGs which are shooters?,"[""You mentioned absolutely loving BioWare's Mass Effect 2. Do you feel the same way about other action-adventure RPGs which are shooters?""]"
viggo-challenge_train_20_percent-1017,"verify_attribute(name[Uncharted 4: A Thief's End], rating[excellent], player_perspective[third person], has_multiplayer[yes])",I remember you saying that you really loved Uncharted 4: A Thief's End. Is that the case with most of the third person perspective games that offer a multiplayer mode?,"[""I remember you saying that you really loved Uncharted 4: A Thief's End. Is that the case with most of the third person perspective games that offer a multiplayer mode?""]"
viggo-challenge_train_20_percent-1018,"verify_attribute(name[Metro 2033], rating[good], genres[action, role-playing, shooter], platforms[PC])",You mentioned enjoying Metro 2033. Are you typically fond of action games on PC with shooting and role-playing?,['You mentioned enjoying Metro 2033. Are you typically fond of action games on PC with shooting and role-playing?']
viggo-challenge_train_20_percent-1019,"verify_attribute(name[Crysis], rating[good], player_perspective[first person], platforms[Xbox])",Earlier you mentioned enjoying Crysis. Are you generally fond of first person perspective games for Xbox titles?,['Earlier you mentioned enjoying Crysis. Are you generally fond of first person perspective games for Xbox titles?']
viggo-challenge_train_20_percent-1020,"verify_attribute(name[Tom Clancy's The Division], developer[Massive Entertainment], rating[average], available_on_steam[yes])",You said you were ambivalent towards Tom Clancy's The Division. Is this the case for all games by Massive Entertainment on Steam?,"[""You said you were ambivalent towards Tom Clancy's The Division. Is this the case for all games by Massive Entertainment on Steam?""]"
