gem_id,meaning_representation,target,references
viggo-challenge_train_10_percent-0,"confirm(name[Diablo II], has_multiplayer[yes])",Are you talking about the Diablo II that has multiplayer?,['Are you talking about the Diablo II that has multiplayer?']
viggo-challenge_train_10_percent-1,"confirm(name[Ancient Cities], developer[Uncasual Games], player_perspective[bird view])",Do you mean Ancient Cities from Uncasual Games? The one with a bird view?,['Do you mean Ancient Cities from Uncasual Games? The one with a bird view?']
viggo-challenge_train_10_percent-2,"confirm(name[Anthem], developer[BioWare], platforms[PlayStation])",Is that Anthem developed by BioWare that you can play on PlayStation?,['Is that Anthem developed by BioWare that you can play on PlayStation?']
viggo-challenge_train_10_percent-3,"confirm(name[The Elder Scrolls Online], genres[MMORPG], platforms[PC])",Is The Elder Scrolls Online you just mentioned the PC MMORPG?,['Is The Elder Scrolls Online you just mentioned the PC MMORPG?']
viggo-challenge_train_10_percent-4,"confirm(name[Superhot], release_year[2016], platforms[PlayStation])","Would that be Superhot, the 2016 game released on PlayStation?","['Would that be Superhot, the 2016 game released on PlayStation?']"
viggo-challenge_train_10_percent-5,"confirm(name[BioShock], platforms[PC], available_on_steam[yes])",Is the BioShock you're talking about the one for the PC that you can get on Steam?,"[""Is the BioShock you're talking about the one for the PC that you can get on Steam?""]"
viggo-challenge_train_10_percent-6,"confirm(name[NBA 2K19], exp_release_date[September 11, 2018])","Are you talking about NBA 2K19 that's coming out September 11, 2018?","[""Are you talking about NBA 2K19 that's coming out September 11, 2018?""]"
viggo-challenge_train_10_percent-7,"confirm(name[The Crew 2], exp_release_date[June 29, 2018], genres[driving/racing])","The Crew 2, the driving/racing game expected to be released June 29, 2018?","['The Crew 2, the driving/racing game expected to be released June 29, 2018?']"
viggo-challenge_train_10_percent-8,"confirm(name[Layers of Fear], player_perspective[first person], platforms[PlayStation])","Layers of Fear, the first person PlayStation game?","['Layers of Fear, the first person PlayStation game?']"
viggo-challenge_train_10_percent-9,"confirm(name[BioShock], platforms[PC], available_on_steam[yes])","Are you talking about BioShock, the PC game you can buy on Steam?","['Are you talking about BioShock, the PC game you can buy on Steam?']"
viggo-challenge_train_10_percent-10,"confirm(name[Tomb Raider: The Angel of Darkness], player_perspective[third person], platforms[PC])",Do you mean Tomb Raider: The Angel of Darkness with a third person perspective that you can play on PC?,['Do you mean Tomb Raider: The Angel of Darkness with a third person perspective that you can play on PC?']
viggo-challenge_train_10_percent-11,"confirm(name[Mafia], release_year[2002], developer[Illusion Softworks])","Is that Mafia, the title from Illusion Softworks released in 2002?","['Is that Mafia, the title from Illusion Softworks released in 2002?']"
viggo-challenge_train_10_percent-12,"confirm(name[Ori and the Blind Forest], has_multiplayer[no])",Is it the Ori and the Blind Forest that you're talking about the one that doesn't have any multiplayer?,"[""Is it the Ori and the Blind Forest that you're talking about the one that doesn't have any multiplayer?""]"
viggo-challenge_train_10_percent-13,"confirm(name[Worms: Reloaded], release_year[2010], platforms[PC])",I presume you're talking about the 2010 PC game Worms: Reloaded?,"[""I presume you're talking about the 2010 PC game Worms: Reloaded?""]"
viggo-challenge_train_10_percent-14,"confirm(name[Grand Theft Auto V], esrb[M (for Mature)])","This is the Grand Theft Auto V that's got an M rating, correct?","[""This is the Grand Theft Auto V that's got an M rating, correct?""]"
viggo-challenge_train_10_percent-15,"confirm(name[Heroes of Might and Magic III: The Restoration of Erathia], player_perspective[bird view], platforms[PC])","Do you mean Heroes of Might and Magic III: The Restoration of Erathia with a bird's eye view, for PC?","[""Do you mean Heroes of Might and Magic III: The Restoration of Erathia with a bird's eye view, for PC?""]"
viggo-challenge_train_10_percent-16,"confirm(name[Might & Magic: Heroes VI], developer[Black Hole Entertainment], available_on_steam[yes])",Is the Might & Magic: Heroes VI you just mentioned the one developed by Black Hole Entertainment and available on Steam?,['Is the Might & Magic: Heroes VI you just mentioned the one developed by Black Hole Entertainment and available on Steam?']
viggo-challenge_train_10_percent-17,"confirm(name[Tony Hawk's Pro Skater 3], player_perspective[third person], platforms[PC])","By Tony Hawk's Pro Skater 3, do you mean the PC game with the third person perspective?","[""By Tony Hawk's Pro Skater 3, do you mean the PC game with the third person perspective?""]"
viggo-challenge_train_10_percent-18,"confirm(name[The Crew 2], exp_release_date[June 29, 2018], genres[driving/racing])","Are you referring to The Crew 2, the upcoming driving/racing title releasing June 29, 2018?","['Are you referring to The Crew 2, the upcoming driving/racing title releasing June 29, 2018?']"
viggo-challenge_train_10_percent-19,"confirm(name[Heroes of Might and Magic III: The Restoration of Erathia], esrb[E (for Everyone)], has_mac_release[yes])","The E rated game on Mac, Heroes of Might and Magic III: The Restoration of Erathia?","['The E rated game on Mac, Heroes of Might and Magic III: The Restoration of Erathia?']"
viggo-challenge_train_10_percent-20,"confirm(name[The Crew 2], developer[Ivory Tower], platforms[PlayStation])",By The Crew 2 are you talking about the PlayStation game created by Ivory Tower?,['By The Crew 2 are you talking about the PlayStation game created by Ivory Tower?']
viggo-challenge_train_10_percent-21,"confirm(name[Heroes of Might and Magic III: The Restoration of Erathia], esrb[E (for Everyone)], has_mac_release[yes])","By Heroes of Might and Magic III: The Restoration of Erathia, do you mean the E rated game that got a Mac release?","['By Heroes of Might and Magic III: The Restoration of Erathia, do you mean the E rated game that got a Mac release?']"
viggo-challenge_train_10_percent-22,"confirm(name[Need for Speed: The Run], platforms[Nintendo])",Are you talking about Need for Speed: The Run on Nintendo?,['Are you talking about Need for Speed: The Run on Nintendo?']
viggo-challenge_train_10_percent-23,"confirm(name[Shadow of the Tomb Raider], developer[Eidos Montréal], player_perspective[third person])",Are you talking about the Shadow of the Tomb Raider that was created by Eidos Montréal and has a third person perspective?,['Are you talking about the Shadow of the Tomb Raider that was created by Eidos Montréal and has a third person perspective?']
viggo-challenge_train_10_percent-24,"confirm(name[Horizon: Zero Dawn], esrb[T (for Teen)])",Are you speaking of the Horizon: Zero Dawn that got the T rating from the ESRB?,['Are you speaking of the Horizon: Zero Dawn that got the T rating from the ESRB?']
viggo-challenge_train_10_percent-25,"confirm(name[Superhot], release_year[2016], platforms[PlayStation])",Is the Superhot you're referring to the one that came out in 2016 for the PlayStation?,"[""Is the Superhot you're referring to the one that came out in 2016 for the PlayStation?""]"
viggo-challenge_train_10_percent-26,"confirm(name[Diablo II], release_year[2000])","Are you talking about one of my favorite games, Diablo II, that came out in 2000?","['Are you talking about one of my favorite games, Diablo II, that came out in 2000?']"
viggo-challenge_train_10_percent-27,"confirm(name[Superhot], release_year[2016], has_multiplayer[no])",Is the Superhot you're referring to the single-player game that came out in 2016?,"[""Is the Superhot you're referring to the single-player game that came out in 2016?""]"
viggo-challenge_train_10_percent-28,"confirm(name[Tony Hawk's Pro Skater 3], platforms[PC], available_on_steam[no])","You mean Tony Hawk's Pro Skater 3, the PC game that isn't available on Steam?","[""You mean Tony Hawk's Pro Skater 3, the PC game that isn't available on Steam?""]"
viggo-challenge_train_10_percent-29,"confirm(name[Ancient Cities], platforms[PC])","You mean the Ancient Cities that's on the PC, right?","[""You mean the Ancient Cities that's on the PC, right?""]"
viggo-challenge_train_10_percent-30,"confirm(name[Ancient Cities], developer[Uncasual Games], player_perspective[bird view])","Is the Ancient Cities you are talking about the one with the bird view perspective, and developed by Uncasual Games?","['Is the Ancient Cities you are talking about the one with the bird view perspective, and developed by Uncasual Games?']"
viggo-challenge_train_10_percent-31,"give_opinion(name[Undertale], developer[tobyfox], rating[excellent])","I love playing games by tobyfox, they're so fun. Take Undertale, for example.","[""I love playing games by tobyfox, they're so fun. Take Undertale, for example.""]"
viggo-challenge_train_10_percent-32,"give_opinion(name[The Elder Scrolls V: Skyrim], rating[good], platforms[PC], available_on_steam[yes])",I had fun playing The Elder Scrolls V: Skyrim. I generally like playing games from Steam on my PC.,['I had fun playing The Elder Scrolls V: Skyrim. I generally like playing games from Steam on my PC.']
viggo-challenge_train_10_percent-33,"give_opinion(name[Sid Meier's Civilization V], developer[Firaxis Games], rating[good], has_multiplayer[yes])","I like multiplayer games like Sid Meier's Civilization V, and Firaxis Games is one of my favorite developers.","[""I like multiplayer games like Sid Meier's Civilization V, and Firaxis Games is one of my favorite developers.""]"
viggo-challenge_train_10_percent-34,"give_opinion(name[Far Cry 3], rating[good], platforms[PlayStation])","I eventually picked up Far Cry 3 for my PlayStation after hearing of the hype, and thankfully, it's a pretty good game.","[""I eventually picked up Far Cry 3 for my PlayStation after hearing of the hype, and thankfully, it's a pretty good game.""]"
viggo-challenge_train_10_percent-35,"give_opinion(name[Far Cry 3], rating[good], player_perspective[first person])","I liked Far Cry 3, the immersion that you get from the first person experience is unlike any other game.","['I liked Far Cry 3, the immersion that you get from the first person experience is unlike any other game.']"
viggo-challenge_train_10_percent-36,"give_opinion(name[The Room], release_year[2012], rating[excellent], genres[indie, point-and-click, puzzle])",The Room is a downright amazing indie game. 2012 was a great year for point-and-click puzzle games.,['The Room is a downright amazing indie game. 2012 was a great year for point-and-click puzzle games.']
viggo-challenge_train_10_percent-37,"give_opinion(name[The Last of Us], rating[excellent], player_perspective[third person], platforms[PlayStation])","The Last of Us was a truly excellent game. I loved how the third person perspective enhanced the experience, and it being for the PlayStation was an added bonus.","['The Last of Us was a truly excellent game. I loved how the third person perspective enhanced the experience, and it being for the PlayStation was an added bonus.']"
viggo-challenge_train_10_percent-38,"give_opinion(name[NBA 2K16], developer[Visual Concepts], rating[good], genres[sport])",I enjoyed NBA 2K16 quite a bit. Visual Concepts usually does well with sports games.,['I enjoyed NBA 2K16 quite a bit. Visual Concepts usually does well with sports games.']
viggo-challenge_train_10_percent-39,"give_opinion(name[Lara Croft and the Temple of Osiris], rating[average], genres[action-adventure, puzzle, shooter])","Lara Croft and the Temple of Osiris was an okay game I guess. I think that I'm just a bit burnt out on action-adventure puzzle shooters, but I don't find them terrible at least.","[""Lara Croft and the Temple of Osiris was an okay game I guess. I think that I'm just a bit burnt out on action-adventure puzzle shooters, but I don't find them terrible at least.""]"
viggo-challenge_train_10_percent-40,"give_opinion(name[Ori and the Blind Forest], developer[Moon Studios], rating[excellent], has_multiplayer[no])",Ori and the Blind Forest is a home run for Moon Studios. This gorgeous single-player game is among my favorites now.,['Ori and the Blind Forest is a home run for Moon Studios. This gorgeous single-player game is among my favorites now.']
viggo-challenge_train_10_percent-41,"give_opinion(name[Lara Croft and the Temple of Osiris], rating[average], genres[action-adventure, puzzle, shooter])","As an action-adventure puzzle shooter, Lara Croft and the Temple of Osiris had a lot going on. It pulled it off but it's not great.","[""As an action-adventure puzzle shooter, Lara Croft and the Temple of Osiris had a lot going on. It pulled it off but it's not great.""]"
viggo-challenge_train_10_percent-42,"give_opinion(name[Rocket League], release_year[2015], rating[good], genres[sport, vehicular combat])","I normally find vehicular combat sports games to be so-so at best, but 2015 was a surprisingly strong year for gaming and I actually thought Rocket League had something to it.","['I normally find vehicular combat sports games to be so-so at best, but 2015 was a surprisingly strong year for gaming and I actually thought Rocket League had something to it.']"
viggo-challenge_train_10_percent-43,"give_opinion(name[Rocket League], developer[Psyonix], rating[good], player_perspective[third person])",I think Rocket League is a solid game. It is one of the many good third person perspective games developed by Psyonix.,['I think Rocket League is a solid game. It is one of the many good third person perspective games developed by Psyonix.']
viggo-challenge_train_10_percent-44,"give_opinion(name[Age of Wonders II: The Wizard's Throne], rating[poor], genres[role-playing, turn-based strategy])",Role-playing games that are turn-based strategy are all played out. Take for example Age of Wonders II: The Wizard's Throne; it's so boring.,"[""Role-playing games that are turn-based strategy are all played out. Take for example Age of Wonders II: The Wizard's Throne; it's so boring.""]"
viggo-challenge_train_10_percent-45,"give_opinion(name[Life is Strange], rating[good], genres[role-playing], player_perspective[third person])","I do like Life is Strange. In fact, I enjoy third person role-playing games generally.","['I do like Life is Strange. In fact, I enjoy third person role-playing games generally.']"
viggo-challenge_train_10_percent-46,"give_opinion(name[Diablo II], developer[Blizzard North], rating[good], has_mac_release[yes])","Diablo II is a good game, I'd say. Blizzard North makes quality content, and the fact that it actually has a Mac release is nice.","[""Diablo II is a good game, I'd say. Blizzard North makes quality content, and the fact that it actually has a Mac release is nice.""]"
viggo-challenge_train_10_percent-47,"give_opinion(name[Metroid Prime Pinball], developer[Fuse Games], rating[average], platforms[Nintendo])","Frankly, I think Metroid Prime Pinball could be somewhat better. Fuse Games had never really excelled in the Nintendo platform.","['Frankly, I think Metroid Prime Pinball could be somewhat better. Fuse Games had never really excelled in the Nintendo platform.']"
viggo-challenge_train_10_percent-48,"give_opinion(name[The Elder Scrolls V: Skyrim], developer[Bethesda Game Studios], rating[good], has_multiplayer[no])","Bethesda Game Studios did a good job with The Elder Scrolls V: Skyrim, the single-player campaign is so much fun.","['Bethesda Game Studios did a good job with The Elder Scrolls V: Skyrim, the single-player campaign is so much fun.']"
viggo-challenge_train_10_percent-49,"give_opinion(name[Super Mario World], rating[excellent], player_perspective[side view], has_multiplayer[yes])",I would rather play Super Mario World than eat or sleep! I can't remember a side view multiplayer game that was more exciting and fun.,"[""I would rather play Super Mario World than eat or sleep! I can't remember a side view multiplayer game that was more exciting and fun.""]"
viggo-challenge_train_10_percent-50,"give_opinion(name[MotorStorm: Apocalypse], rating[poor], has_multiplayer[yes], platforms[PlayStation])","I didn't think MotorStorm: Apocalypse was any good. But then, multiplayer PlayStation games are often boring, in my experience.","[""I didn't think MotorStorm: Apocalypse was any good. But then, multiplayer PlayStation games are often boring, in my experience.""]"
viggo-challenge_train_10_percent-51,"give_opinion(name[Call of Duty: Advanced Warfare], developer[Sledgehammer Games], rating[average], has_multiplayer[yes])","In my opinion, Sledgehammer Games messed up the multiplayer mode in Call of Duty: Advanced Warfare, though otherwise it was good enough.","['In my opinion, Sledgehammer Games messed up the multiplayer mode in Call of Duty: Advanced Warfare, though otherwise it was good enough.']"
viggo-challenge_train_10_percent-52,"give_opinion(name[Stronghold 2], developer[Firefly Studios], esrb[T (for Teen)], rating[average])","For a game from Firefly Studios, Stronghold 2 is so-so. Not bad for a teen rated game.","['For a game from Firefly Studios, Stronghold 2 is so-so. Not bad for a teen rated game.']"
viggo-challenge_train_10_percent-53,"give_opinion(name[Payday 2], developer[Overkill Software], rating[average], has_multiplayer[yes])","Payday 2 isn't the worst game in the world, I'd say. It's got multiplayer which is always a plus, but Overkill Software just doesn't make games that stand out much.","[""Payday 2 isn't the worst game in the world, I'd say. It's got multiplayer which is always a plus, but Overkill Software just doesn't make games that stand out much.""]"
viggo-challenge_train_10_percent-54,"give_opinion(name[Tom Clancy's Splinter Cell: Chaos Theory], esrb[M (for Mature)], rating[good], genres[action, tactical])",I thought that Tom Clancy's Splinter Cell: Chaos Theory was a pretty fun game. I like tactical action games like it and the M rating meant it didn't need to hold back with its content.,"[""I thought that Tom Clancy's Splinter Cell: Chaos Theory was a pretty fun game. I like tactical action games like it and the M rating meant it didn't need to hold back with its content.""]"
viggo-challenge_train_10_percent-55,"give_opinion(name[MotorStorm: Apocalypse], esrb[T (for Teen)], rating[poor], player_perspective[third person])","MotorStorm: Apocalypse was a dud, to be honest. I feel like this sort of third person game needs an M rating, and it only had a T.","['MotorStorm: Apocalypse was a dud, to be honest. I feel like this sort of third person game needs an M rating, and it only had a T.']"
viggo-challenge_train_10_percent-56,"give_opinion(name[Stronghold 2], rating[average], platforms[PC], has_linux_release[no])","I thought that Stronghold 2 was okay because it was released for PC, but I wish they had released a Linux version.","['I thought that Stronghold 2 was okay because it was released for PC, but I wish they had released a Linux version.']"
viggo-challenge_train_10_percent-57,"give_opinion(name[Portal 2], rating[excellent], player_perspective[first person], has_multiplayer[yes])","I've been having an absolute blast playing Portal 2. First person games are always my favorite, but the multiplayer makes it even better.","[""I've been having an absolute blast playing Portal 2. First person games are always my favorite, but the multiplayer makes it even better.""]"
viggo-challenge_train_10_percent-58,"give_opinion(name[Age of Wonders II: The Wizard's Throne], rating[poor], player_perspective[bird view])",I didn't enjoy Age of Wonders II: The Wizard's Throne at all. It's because I just can't stand the bird view perspective the game used.,"[""I didn't enjoy Age of Wonders II: The Wizard's Throne at all. It's because I just can't stand the bird view perspective the game used.""]"
viggo-challenge_train_10_percent-59,"give_opinion(name[Lara Croft and the Temple of Osiris], rating[average], has_multiplayer[yes])",Lara Croft and the Temple of Osiris is an all around average experience briefly elevated by its decent multiplayer,['Lara Croft and the Temple of Osiris is an all around average experience briefly elevated by its decent multiplayer']
viggo-challenge_train_10_percent-60,"give_opinion(name[Mirror's Edge Catalyst], rating[average], player_perspective[first person], platforms[PlayStation])","Man, I thought Mirror's Edge Catalyst could have been so much better as a first person game for the PlayStation.","[""Man, I thought Mirror's Edge Catalyst could have been so much better as a first person game for the PlayStation.""]"
viggo-challenge_train_10_percent-61,"give_opinion(name[Quantum Break], developer[Remedy Entertainment], rating[average])","I've never played a game from Remedy Entertainment that I really loved. Take Quantum Break, for example, it's decent but not great.","[""I've never played a game from Remedy Entertainment that I really loved. Take Quantum Break, for example, it's decent but not great.""]"
viggo-challenge_train_10_percent-62,"give_opinion(name[World of Warcraft], release_year[2004], rating[good])","World of Warcraft is a very good game, even considering it launched in 2004.","['World of Warcraft is a very good game, even considering it launched in 2004.']"
viggo-challenge_train_10_percent-63,"give_opinion(name[Madden NFL 15], rating[average], platforms[Xbox])","Madden NFL 15 is a decent game, but Xbox just isn't my favorite platform.","[""Madden NFL 15 is a decent game, but Xbox just isn't my favorite platform.""]"
viggo-challenge_train_10_percent-64,"give_opinion(name[Madden NFL 15], release_year[2014], rating[average])",Madden NFL 15 was a pretty average sports game for 2014.,['Madden NFL 15 was a pretty average sports game for 2014.']
viggo-challenge_train_10_percent-65,"give_opinion(name[The Wolf Among Us], developer[Telltale Games], rating[good], platforms[PC])",I thought The Wolf Among Us was pretty good. The developer Telltale Games just knows how to make a quality PC game.,['I thought The Wolf Among Us was pretty good. The developer Telltale Games just knows how to make a quality PC game.']
viggo-challenge_train_10_percent-66,"give_opinion(name[Metroid Prime Pinball], rating[average], genres[pinball, puzzle], has_multiplayer[yes])",Metroid Prime Pinball is a pretty average multiplayer game in the pinball puzzle genre.,['Metroid Prime Pinball is a pretty average multiplayer game in the pinball puzzle genre.']
viggo-challenge_train_10_percent-67,"give_opinion(name[Rocket League], rating[good], genres[sport, vehicular combat], has_multiplayer[yes])","I think that vehicular combat sports games can be fun as long as they have multiplayer, which is why I enjoy Rocket League.","['I think that vehicular combat sports games can be fun as long as they have multiplayer, which is why I enjoy Rocket League.']"
viggo-challenge_train_10_percent-68,"give_opinion(name[SpellForce 3], developer[Grimlore Games], rating[poor], available_on_steam[yes])","I'm not a big fan of games by Grimlore Games on Steam. SpellForce 3, for example, was a plain torture to play through.","[""I'm not a big fan of games by Grimlore Games on Steam. SpellForce 3, for example, was a plain torture to play through.""]"
viggo-challenge_train_10_percent-69,"give_opinion(name[Guitar Hero: Smash Hits], developer[Beenox], rating[poor])",Guitar Hero: Smash Hits is just not my kind of game. I find Beenox games are often not very fun.,['Guitar Hero: Smash Hits is just not my kind of game. I find Beenox games are often not very fun.']
viggo-challenge_train_10_percent-70,"give_opinion(name[Metroid Prime Pinball], release_year[2005], rating[average], genres[pinball, puzzle])","Metroid Prime Pinball is just okay. I usually like games released in 2005, since that was a strong year, but I'm not really a big fan of puzzle pinball games.","[""Metroid Prime Pinball is just okay. I usually like games released in 2005, since that was a strong year, but I'm not really a big fan of puzzle pinball games.""]"
viggo-challenge_train_10_percent-71,"give_opinion(name[Payday 2], esrb[M (for Mature)], rating[average], genres[role-playing, shooter])","I like gritty M rated RPGs, but the shooter elements in Payday 2 held it back and I was left feeling it was just okay.","['I like gritty M rated RPGs, but the shooter elements in Payday 2 held it back and I was left feeling it was just okay.']"
viggo-challenge_train_10_percent-72,"give_opinion(name[Call of Duty: Advanced Warfare], rating[average], player_perspective[first person], platforms[PlayStation])","Call of Duty: Advanced Warfare was just plain average. I like games that are on the PlayStation normally, but the first person perspective made the experience kind of mediocre.","['Call of Duty: Advanced Warfare was just plain average. I like games that are on the PlayStation normally, but the first person perspective made the experience kind of mediocre.']"
viggo-challenge_train_10_percent-73,"give_opinion(name[Tom Clancy's Splinter Cell: Chaos Theory], rating[good], genres[action, tactical], has_multiplayer[yes])",I'm pretty into Tom Clancy's Splinter Cell: Chaos Theory. I've always been a fan of multiplayer tactical action games.,"[""I'm pretty into Tom Clancy's Splinter Cell: Chaos Theory. I've always been a fan of multiplayer tactical action games.""]"
viggo-challenge_train_10_percent-74,"give_opinion(name[Mirror's Edge Catalyst], developer[EA Digital Illusions CE], rating[average], genres[action-adventure, fighting])",EA Digital Illusions CE gets a solid C for this entry into the action-adventure fighting game genre. Mirror's Edge Catalyst is nothing special.,"[""EA Digital Illusions CE gets a solid C for this entry into the action-adventure fighting game genre. Mirror's Edge Catalyst is nothing special.""]"
viggo-challenge_train_10_percent-75,"give_opinion(name[Age of Wonders II: The Wizard's Throne], rating[poor], has_mac_release[no])","Age of Wonders II: The Wizard's Throne didn't come to Mac, but that's alright, because the game is pretty terrible anyway.","[""Age of Wonders II: The Wizard's Throne didn't come to Mac, but that's alright, because the game is pretty terrible anyway.""]"
viggo-challenge_train_10_percent-76,"give_opinion(name[Quantum Break], developer[Remedy Entertainment], rating[average])","Quantum Break is an OK game from an okay developer, Remedy Entertainment.","['Quantum Break is an OK game from an okay developer, Remedy Entertainment.']"
viggo-challenge_train_10_percent-77,"give_opinion(name[Silent Hill 2], rating[excellent], platforms[PC])",PC is the best platform because we get games like Silent Hill 2.,['PC is the best platform because we get games like Silent Hill 2.']
viggo-challenge_train_10_percent-78,"give_opinion(name[The Last of Us], rating[excellent], player_perspective[third person], has_multiplayer[yes])",I loved The Last of Us. Third person multiplayer games are always super fun.,['I loved The Last of Us. Third person multiplayer games are always super fun.']
viggo-challenge_train_10_percent-79,"give_opinion(name[Diablo II], developer[Blizzard North], rating[good], genres[hack-and-slash, role-playing])",Diablo II from Blizzard North is a good game and a nice example of the hack-and-slash role playing genre.,['Diablo II from Blizzard North is a good game and a nice example of the hack-and-slash role playing genre.']
viggo-challenge_train_10_percent-80,"give_opinion(name[Silent Hill 2], developer[Konami Computer Entertainment Tokyo], rating[excellent])","I love Silent Hill 2, just like most Konami Computer Entertainment Tokyo games.","['I love Silent Hill 2, just like most Konami Computer Entertainment Tokyo games.']"
viggo-challenge_train_10_percent-81,"give_opinion(name[Age of Wonders II: The Wizard's Throne], rating[poor], has_mac_release[no])","Age of Wonders II: The Wizard's Throne doesn't have a Mac release, but that's OK since it's not a good game anyway.","[""Age of Wonders II: The Wizard's Throne doesn't have a Mac release, but that's OK since it's not a good game anyway.""]"
viggo-challenge_train_10_percent-82,"give_opinion(name[Sid Meier's Civilization V], rating[good], has_linux_release[yes], has_mac_release[yes])","I think Sid Meier's Civilization V is pretty good. It's a game I can play on both Mac and Linux, which is very nice to have.","[""I think Sid Meier's Civilization V is pretty good. It's a game I can play on both Mac and Linux, which is very nice to have.""]"
viggo-challenge_train_10_percent-83,"give_opinion(name[The Wolf Among Us], rating[good], genres[adventure, point-and-click], available_on_steam[yes])","The Wolf Among Us is a pretty fun game. I've always enjoyed point-and-click adventure games like it, and it being available on Steam is a nice bonus.","[""The Wolf Among Us is a pretty fun game. I've always enjoyed point-and-click adventure games like it, and it being available on Steam is a nice bonus.""]"
viggo-challenge_train_10_percent-84,"inform(name[NBA 2K19], exp_release_date[September 11, 2018], developer[Visual Concepts], genres[sport], platforms[PlayStation, Xbox, Nintendo Switch, PC])","NBA 2K19 is a sport game developed by Visual Concepts. It is set to release on September 11, 2018 for PlayStation, Xbox, Nintendo Switch, and PC.","['NBA 2K19 is a sport game developed by Visual Concepts. It is set to release on September 11, 2018 for PlayStation, Xbox, Nintendo Switch, and PC.']"
viggo-challenge_train_10_percent-85,"inform(name[World of Warcraft], esrb[T (for Teen)], rating[good], genres[adventure, MMORPG], platforms[PC], has_linux_release[no], has_mac_release[yes])",World of Warcraft is a good adventure MMORPG game for PC and Mac. It's not available for Linux. The game is rated T (for Teen).,"[""World of Warcraft is a good adventure MMORPG game for PC and Mac. It's not available for Linux. The game is rated T (for Teen).""]"
viggo-challenge_train_10_percent-86,"inform(name[Payday 2], genres[role-playing, shooter], player_perspective[first person], has_multiplayer[yes])","Payday 2 is a role-playing, first person shooter that can be played in multiplayer with your friends.","['Payday 2 is a role-playing, first person shooter that can be played in multiplayer with your friends.']"
viggo-challenge_train_10_percent-87,"inform(name[Rollcage], genres[action, driving/racing], platforms[PlayStation, PC], has_linux_release[no], has_mac_release[no])",Rollcage is an action racing game. It's available on PlayStation and PC but has no Linux or Mac releases.,"[""Rollcage is an action racing game. It's available on PlayStation and PC but has no Linux or Mac releases.""]"
viggo-challenge_train_10_percent-88,"inform(name[Tomb Raider: The Angel of Darkness], esrb[T (for Teen)], genres[action-adventure, shooter], player_perspective[third person], has_multiplayer[no])","Tomb Raider: The Angel of Darkness is a action-adventure, shooter game. It sports the third person perspective and does not support multiplayer. It is rated T (for Teen).","['Tomb Raider: The Angel of Darkness is a action-adventure, shooter game. It sports the third person perspective and does not support multiplayer. It is rated T (for Teen).']"
viggo-challenge_train_10_percent-89,"inform(name[Stronghold 2], release_year[2005], genres[real-time strategy, simulation], has_multiplayer[yes])",Stronghold 2 is a real-time strategy simulation game released in 2005 with multiplayer support.,['Stronghold 2 is a real-time strategy simulation game released in 2005 with multiplayer support.']
viggo-challenge_train_10_percent-90,"inform(name[Need for Speed: The Run], release_year[2011], rating[average], genres[driving/racing], player_perspective[first person, third person], platforms[PlayStation, Xbox, Nintendo, PC], available_on_steam[no])","Need for Speed: The Run is an average driving/racing game. This came out in 2011 and can be played on PlayStation, Nintendo, PC or Xbox. This game is not available on Steam and can be played in either third person or first person.","['Need for Speed: The Run is an average driving/racing game. This came out in 2011 and can be played on PlayStation, Nintendo, PC or Xbox. This game is not available on Steam and can be played in either third person or first person.']"
viggo-challenge_train_10_percent-91,"inform(name[Age of Wonders II: The Wizard's Throne], release_year[2002], rating[poor], genres[role-playing, turn-based strategy], platforms[PC], has_linux_release[no], has_mac_release[no])",Age of Wonders II: The Wizard's Throne is a pretty bad turn-based role-playing strategy game from 2002. It was only released on PC--no Mac or Linux.,"[""Age of Wonders II: The Wizard's Throne is a pretty bad turn-based role-playing strategy game from 2002. It was only released on PC--no Mac or Linux.""]"
viggo-challenge_train_10_percent-92,"inform(name[Stronghold 2], developer[Firefly Studios], genres[real-time strategy, simulation], platforms[PC], has_linux_release[no], has_mac_release[no])","Stronghold 2 by Firefly Studios is a real-time strategy simulation game for PC, but it is not supported on Linux or Mac.","['Stronghold 2 by Firefly Studios is a real-time strategy simulation game for PC, but it is not supported on Linux or Mac.']"
viggo-challenge_train_10_percent-93,"inform(name[Trivial Pursuit], release_year[2009], rating[poor], genres[trivia/board game])","Trivial Pursuit came out back in 2009 and it got mostly negative reviews. It's a board game where you answer trivia questions, and it's not very well-executed.","[""Trivial Pursuit came out back in 2009 and it got mostly negative reviews. It's a board game where you answer trivia questions, and it's not very well-executed.""]"
viggo-challenge_train_10_percent-94,"inform(name[NBA 2K19], exp_release_date[September 11, 2018], genres[sport], platforms[PlayStation, Xbox, Nintendo Switch, PC])","NBA 2K19 is an NBA basketball sports games poised to be released across all platforms on September 11, 2018. To be specific, this game will be released for PlayStation, Xbox, Nintendo Switch, and PC.","['NBA 2K19 is an NBA basketball sports games poised to be released across all platforms on September 11, 2018. To be specific, this game will be released for PlayStation, Xbox, Nintendo Switch, and PC.']"
viggo-challenge_train_10_percent-95,"inform(name[The Room], release_year[2012], rating[excellent], genres[indie, point-and-click, puzzle])",The Room is an excellent indie point-and-click puzzle game released in 2012.,['The Room is an excellent indie point-and-click puzzle game released in 2012.']
viggo-challenge_train_10_percent-96,"inform(name[Metroid Prime Pinball], release_year[2005], developer[Fuse Games], esrb[E (for Everyone)], genres[pinball, puzzle], platforms[Nintendo])","Metroid Prime Pinball is a 2005 pinball, puzzle game developed by Fuse Games for Nintendo. It is rated E (for Everyone).","['Metroid Prime Pinball is a 2005 pinball, puzzle game developed by Fuse Games for Nintendo. It is rated E (for Everyone).']"
viggo-challenge_train_10_percent-97,"inform(name[Need for Speed: Most Wanted], release_year[2005], rating[good], genres[driving/racing], has_multiplayer[yes])",Need for Speed: Most Wanted is good multiplayer driving/racing game that came out in 2005.,['Need for Speed: Most Wanted is good multiplayer driving/racing game that came out in 2005.']
viggo-challenge_train_10_percent-98,"inform(name[Need for Speed: Most Wanted], release_year[2005], genres[driving/racing], has_multiplayer[yes], platforms[PlayStation, Xbox, Nintendo, PC], available_on_steam[no], has_linux_release[no], has_mac_release[no])","A racing game that you should check out is Need For Speed: Most Wanted. It's a multiplayer game released in 2005 for PlayStation, Xbox, Nintendo, and PC. It was not released for Steam, Linux, or Mac.","[""A racing game that you should check out is Need For Speed: Most Wanted. It's a multiplayer game released in 2005 for PlayStation, Xbox, Nintendo, and PC. It was not released for Steam, Linux, or Mac.""]"
viggo-challenge_train_10_percent-99,"inform(name[Ori and the Blind Forest], developer[Moon Studios], rating[excellent], genres[adventure, platformer, puzzle], has_multiplayer[no])",Ori and the Blind Forest is a fantastic adventure platformer with puzzles that has been developed by Moon Studios. The game doesn't have multiplayer support.,"[""Ori and the Blind Forest is a fantastic adventure platformer with puzzles that has been developed by Moon Studios. The game doesn't have multiplayer support.""]"
viggo-challenge_train_10_percent-100,"inform(name[Final Fantasy VII], rating[excellent], genres[adventure, role-playing], platforms[PlayStation, PC], has_linux_release[no], has_mac_release[no])",Final Fantasy VII is an excellent adventure RPG for the PlayStation and PC. There's no Linux or Mac release.,"[""Final Fantasy VII is an excellent adventure RPG for the PlayStation and PC. There's no Linux or Mac release.""]"
viggo-challenge_train_10_percent-101,"inform(name[Bus Driver], rating[poor], genres[driving/racing, indie, simulation])",Bus Driver is a poor indie driving simulator.,['Bus Driver is a poor indie driving simulator.']
viggo-challenge_train_10_percent-102,"inform(name[Need for Speed: The Run], release_year[2011], rating[average], genres[driving/racing], player_perspective[first person, third person], platforms[PlayStation, Xbox, Nintendo, PC], available_on_steam[no])","Release in 2011, Need for Speed: The Run is an average racing game that can be played on PlayStation, Xbox, Nintendo and even PC, but it isn't available on Steam. You can switch between the first person and third person perspective.","[""Release in 2011, Need for Speed: The Run is an average racing game that can be played on PlayStation, Xbox, Nintendo and even PC, but it isn't available on Steam. You can switch between the first person and third person perspective.""]"
viggo-challenge_train_10_percent-103,"inform(name[Small World 2], developer[Days of Wonder], genres[indie, trivia/board game], has_multiplayer[yes], platforms[PC], available_on_steam[yes])",Small World 2 from Days of Wonder is an indie trivia/board game with multiplayer for the PC through Steam.,['Small World 2 from Days of Wonder is an indie trivia/board game with multiplayer for the PC through Steam.']
viggo-challenge_train_10_percent-104,"inform(name[SpellForce 3], rating[poor], genres[real-time strategy, role-playing])","SpellForce 3 is real-time strategy, role-playing game. It has received poor ratings.","['SpellForce 3 is real-time strategy, role-playing game. It has received poor ratings.']"
viggo-challenge_train_10_percent-105,"inform(name[Assassin's Creed Chronicles: India], rating[poor], genres[action-adventure, platformer], platforms[PlayStation, Xbox, PC], has_linux_release[no], has_mac_release[no])","Assassin's Creed Chronicles: India is an action-adventure platformer which received poor ratings from players. The game is available on PlayStation, Xbox, PC and has no Linux or Mac release.","[""Assassin's Creed Chronicles: India is an action-adventure platformer which received poor ratings from players. The game is available on PlayStation, Xbox, PC and has no Linux or Mac release.""]"
viggo-challenge_train_10_percent-106,"inform(name[The Last of Us], release_year[2013], rating[excellent], genres[action-adventure, shooter], player_perspective[third person], platforms[PlayStation])",The Last of Us is an excellent third person shooter game that is action-adventure. The game is on PlayStation only and came out in 2013.,['The Last of Us is an excellent third person shooter game that is action-adventure. The game is on PlayStation only and came out in 2013.']
viggo-challenge_train_10_percent-107,"inform(name[Tom Clancy's The Division], release_year[2016], esrb[M (for Mature)], rating[average], genres[role-playing, shooter, tactical], has_multiplayer[yes])","If you enjoy role-playing shooter games with a tactical angle, try Tom Clancy's The Division. It came out in 2016 and it's a game with multiplayer support that has received average ratings. It's rated M (for Mature).","[""If you enjoy role-playing shooter games with a tactical angle, try Tom Clancy's The Division. It came out in 2016 and it's a game with multiplayer support that has received average ratings. It's rated M (for Mature).""]"
viggo-challenge_train_10_percent-108,"inform(name[Metro 2033], release_year[2010], genres[action, role-playing, shooter], has_multiplayer[no])","Metro 2033 is a 2010 single-player action, role-playing shooter.","['Metro 2033 is a 2010 single-player action, role-playing shooter.']"
viggo-challenge_train_10_percent-109,"inform(name[Hellblade: Senua's Sacrifice], release_year[2017], genres[adventure, hack-and-slash, indie], player_perspective[third person])",Hellblade: Senua's Sacrifice is a 2017 third person indie adventure hack-and-slash game.,"[""Hellblade: Senua's Sacrifice is a 2017 third person indie adventure hack-and-slash game.""]"
viggo-challenge_train_10_percent-110,"inform(name[God of War], release_year[2018], developer[SIE Santa Monica Studio], rating[excellent], genres[action-adventure, platformer, role-playing], player_perspective[third person], has_multiplayer[no], platforms[PlayStation])",God of War is an excellent 2018 PlayStation game developed by SIE Santa Monica Studio. It doesn't have multiplayer. It is an action-adventure platformer with a third person perspective that even involves role-playing.,"[""God of War is an excellent 2018 PlayStation game developed by SIE Santa Monica Studio. It doesn't have multiplayer. It is an action-adventure platformer with a third person perspective that even involves role-playing.""]"
viggo-challenge_train_10_percent-111,"inform(name[Spider-Man], exp_release_date[September 7, 2018], developer[Insomniac Games], genres[action-adventure], player_perspective[third person], platforms[PlayStation])","Spider-Man is a third person action-adventure game. It is developed by Insomniac Games for PlayStation. It will be released on September 7, 2018.","['Spider-Man is a third person action-adventure game. It is developed by Insomniac Games for PlayStation. It will be released on September 7, 2018.']"
viggo-challenge_train_10_percent-112,"inform(name[World of Warcraft], esrb[T (for Teen)], rating[good], genres[adventure, MMORPG], platforms[PC], has_linux_release[no], has_mac_release[yes])","World of Warcraft is a good adventure MMORPG for PC. It was released with a T (for Teen) rating. Currently, it has a Mac release, but no Linux release.","['World of Warcraft is a good adventure MMORPG for PC. It was released with a T (for Teen) rating. Currently, it has a Mac release, but no Linux release.']"
viggo-challenge_train_10_percent-113,"inform(name[The Vanishing of Ethan Carter], esrb[M (for Mature)], rating[average], genres[adventure, indie])",The Vanishing of Ethan Carter is an average indie adventure game rated M (for Mature).,['The Vanishing of Ethan Carter is an average indie adventure game rated M (for Mature).']
viggo-challenge_train_10_percent-114,"inform(name[World of Warcraft], release_year[2004], developer[Blizzard Entertainment], rating[good], genres[adventure, MMORPG], player_perspective[third person])",World of Warcraft is a good third person adventure MMORPG. It was released in 2004 and developed by Blizzard Entertainment.,['World of Warcraft is a good third person adventure MMORPG. It was released in 2004 and developed by Blizzard Entertainment.']
viggo-challenge_train_10_percent-115,"inform(name[The Last of Us], release_year[2013], esrb[M (for Mature)], genres[action-adventure, shooter], player_perspective[third person])",The Last of Us is a 2013 third person action-adventure shooter. It has an ESRB rating of M (for Mature).,['The Last of Us is a 2013 third person action-adventure shooter. It has an ESRB rating of M (for Mature).']
viggo-challenge_train_10_percent-116,"inform(name[Mirror's Edge Catalyst], release_year[2016], genres[action-adventure, fighting], player_perspective[first person], platforms[PlayStation, Xbox, PC], available_on_steam[no])","Mirror's Edge Catalyst is a fighting and action-adventure game that plays in the first person perspective. It was released for PlayStation, Xbox and PC in 2016 but is not available on the Steam gaming platform.","[""Mirror's Edge Catalyst is a fighting and action-adventure game that plays in the first person perspective. It was released for PlayStation, Xbox and PC in 2016 but is not available on the Steam gaming platform.""]"
viggo-challenge_train_10_percent-117,"inform(name[Metroid Prime Pinball], release_year[2005], esrb[E (for Everyone)], rating[average], genres[pinball, puzzle], platforms[Nintendo])","Metroid Prime Pinball is a pinball puzzle game that was released in 2005 for the Nintendo, it was rated E (for everyone) and received an overall average rating.","['Metroid Prime Pinball is a pinball puzzle game that was released in 2005 for the Nintendo, it was rated E (for everyone) and received an overall average rating.']"
viggo-challenge_train_10_percent-118,"inform(name[Guitar Hero: Smash Hits], release_year[2009], esrb[T (for Teen)], rating[poor], genres[music], player_perspective[first person], platforms[PlayStation, Xbox, Nintendo])","The 2009 music game Guitar Hero: Smash Hits has poor ratings. You can play it on all consoles, such as PlayStation, Xbox, and Nintendo, and you play it from the first person view. ESRB rated the game T (for Teen).","['The 2009 music game Guitar Hero: Smash Hits has poor ratings. You can play it on all consoles, such as PlayStation, Xbox, and Nintendo, and you play it from the first person view. ESRB rated the game T (for Teen).']"
viggo-challenge_train_10_percent-119,"inform(name[Tony Hawk's Pro Skater 3], developer[Neversoft Entertainment], rating[average], genres[sport], player_perspective[third person], platforms[PlayStation, Xbox, Nintendo, PC], available_on_steam[no])","Tony Hawk's Pro Skater 3, by Neversoft Entertainment, is a decent third person sports game. It runs on PlayStation, Xbox, Nintendo, and PC, but is not available on Steam.","[""Tony Hawk's Pro Skater 3, by Neversoft Entertainment, is a decent third person sports game. It runs on PlayStation, Xbox, Nintendo, and PC, but is not available on Steam.""]"
viggo-challenge_train_10_percent-120,"inform(name[Rollcage], release_year[1999], genres[action, driving/racing], platforms[PlayStation, PC], has_linux_release[no], has_mac_release[no])","Rollcage is a 1999 driving/racing game released for PlayStation and PC. Offering non-stop action, Rollcage is currently available for Windows with no release for Linux or Mac.","['Rollcage is a 1999 driving/racing game released for PlayStation and PC. Offering non-stop action, Rollcage is currently available for Windows with no release for Linux or Mac.']"
viggo-challenge_train_10_percent-121,"inform(name[Silent Hill 2], release_year[2001], rating[excellent], genres[action-adventure, puzzle])",Silent Hill 2 is a great action-adventure puzzle game released in 2001.,['Silent Hill 2 is a great action-adventure puzzle game released in 2001.']
viggo-challenge_train_10_percent-122,"inform(name[SpellForce 3], release_year[2017], rating[poor], genres[real-time strategy, role-playing], platforms[PC], available_on_steam[yes])",SpellForce 3 is a poor real-time strategy that came out in 2017 for PC only. The role-playing game is also on Steam.,['SpellForce 3 is a poor real-time strategy that came out in 2017 for PC only. The role-playing game is also on Steam.']
viggo-challenge_train_10_percent-123,"inform(name[Skyforge], release_year[2015], rating[poor], genres[adventure, hack-and-slash, MMORPG], player_perspective[third person])","Skyforge is a poor third person adventure, hack-and-slash, MMORPG released in 2015.","['Skyforge is a poor third person adventure, hack-and-slash, MMORPG released in 2015.']"
viggo-challenge_train_10_percent-124,"inform(name[Assassin's Creed II], genres[action-adventure, platformer], player_perspective[third person], has_multiplayer[no], platforms[PlayStation, Xbox, PC], has_linux_release[no], has_mac_release[yes])","Assassin's Creed II is a third person action-adventure platforming game that you can play on PlayStation, Xbox, and PC. It's even available on Mac, but not Linux. Unfortunately, there's no multiplayer.","[""Assassin's Creed II is a third person action-adventure platforming game that you can play on PlayStation, Xbox, and PC. It's even available on Mac, but not Linux. Unfortunately, there's no multiplayer.""]"
viggo-challenge_train_10_percent-125,"inform(name[Super Bomberman], release_year[1993], rating[average], genres[action, strategy])",Super Bomberman came out in 1993. It's an average game with action and strategy.,"[""Super Bomberman came out in 1993. It's an average game with action and strategy.""]"
viggo-challenge_train_10_percent-126,"inform(name[The Forest of Doom], rating[average], genres[role-playing, text adventure], platforms[PC], has_linux_release[yes], has_mac_release[yes])","The Forest of Doom is a role-playing text adventure game for PC only, with a Linux and Mac release too. If you enjoy such games, you might find this one pretty decent.","['The Forest of Doom is a role-playing text adventure game for PC only, with a Linux and Mac release too. If you enjoy such games, you might find this one pretty decent.']"
viggo-challenge_train_10_percent-127,"inform(name[Never Alone], genres[adventure, indie, platformer], platforms[PlayStation, Xbox, PC], has_linux_release[yes], has_mac_release[no])","The indie adventure platformer, Never Alone, can be played on PlayStation, Xbox, and PC. It even runs on Linux, but sadly not on Mac.","['The indie adventure platformer, Never Alone, can be played on PlayStation, Xbox, and PC. It even runs on Linux, but sadly not on Mac.']"
viggo-challenge_train_10_percent-128,"inform(name[Assetto Corsa], developer[Kunos Simulazioni], rating[good], genres[driving/racing, simulation, sport], player_perspective[first person, third person])",Assetto Corsa is a good driving racing simulation sport game by Kunos Simulazioni. It uses a first and third person perspective.,['Assetto Corsa is a good driving racing simulation sport game by Kunos Simulazioni. It uses a first and third person perspective.']
viggo-challenge_train_10_percent-129,"inform(name[The Room], genres[indie, point-and-click, puzzle], player_perspective[first person], has_multiplayer[no])",The Room is an indie first person point-and-click puzzle game. It does not have multiplayer.,['The Room is an indie first person point-and-click puzzle game. It does not have multiplayer.']
viggo-challenge_train_10_percent-130,"inform(name[Transport Tycoon], genres[simulation, strategy], player_perspective[bird view])",Transport Tycoon is a bird view strategy and simulation game.,['Transport Tycoon is a bird view strategy and simulation game.']
viggo-challenge_train_10_percent-131,"inform(name[Trivial Pursuit], release_year[2009], developer[Electronic Arts], rating[poor], genres[trivia/board game], platforms[PlayStation, Nintendo])",Trivial Pursuit is a trivia/board game that was released on PlayStation and Nintendo by Electronic Arts in 2009. It received poor ratings.,['Trivial Pursuit is a trivia/board game that was released on PlayStation and Nintendo by Electronic Arts in 2009. It received poor ratings.']
viggo-challenge_train_10_percent-132,"inform(name[Call of Duty: Advanced Warfare], genres[action, shooter], player_perspective[first person], platforms[PlayStation, Xbox, PC], has_linux_release[no], has_mac_release[no])","If you're looking for an action shooter game, try Call of Duty: Advanced Warfare. It has a first person player perspective, and it's available for PlayStation, Xbox, and PC. There is no Linux or Mac release.","[""If you're looking for an action shooter game, try Call of Duty: Advanced Warfare. It has a first person player perspective, and it's available for PlayStation, Xbox, and PC. There is no Linux or Mac release.""]"
viggo-challenge_train_10_percent-133,"inform(name[Bus Driver], rating[poor], genres[driving/racing, indie, simulation], has_multiplayer[no], platforms[PC], available_on_steam[yes], has_linux_release[no], has_mac_release[no])","Bus Driver is a single-player indie driving sim available on PC only, and is available on Steam. This game has an overall poor rating. It is not supported for Linux or Mac.","['Bus Driver is a single-player indie driving sim available on PC only, and is available on Steam. This game has an overall poor rating. It is not supported for Linux or Mac.']"
viggo-challenge_train_10_percent-134,"inform(name[Tom Clancy's Splinter Cell: Chaos Theory], release_year[2005], genres[action, tactical], player_perspective[first person, third person], has_multiplayer[yes])",Tom Clancy's Splinter Cell: Chaos Theory is a tactical action game that was released in 2005. It has multiplayer capabilities and is played in first and third person perspective.,"[""Tom Clancy's Splinter Cell: Chaos Theory is a tactical action game that was released in 2005. It has multiplayer capabilities and is played in first and third person perspective.""]"
viggo-challenge_train_10_percent-135,"inform(name[The Elder Scrolls Online], release_year[2014], rating[average], genres[MMORPG], player_perspective[first person, third person])","A decent game to try is the MMORPG The Elder Scrolls Online, released in 2014. You can play it in first person or third person perspective.","['A decent game to try is the MMORPG The Elder Scrolls Online, released in 2014. You can play it in first person or third person perspective.']"
viggo-challenge_train_10_percent-136,"inform(name[The Wolf Among Us], esrb[M (for Mature)], genres[adventure, point-and-click], player_perspective[third person], has_multiplayer[no], platforms[PlayStation, Xbox, PC], available_on_steam[yes])","The Wolf Among Us is a third person, point-and-click adventure game that is available on Steam and for the PlayStation, Xbox, and PC. It doesn't support multiplayer and is rated M (for Mature).","[""The Wolf Among Us is a third person, point-and-click adventure game that is available on Steam and for the PlayStation, Xbox, and PC. It doesn't support multiplayer and is rated M (for Mature).""]"
viggo-challenge_train_10_percent-137,"inform(name[Skyforge], genres[adventure, hack-and-slash, MMORPG], platforms[PlayStation, Xbox, PC], available_on_steam[yes], has_linux_release[no], has_mac_release[no])","One of my favorite PC games from Steam is Skyforge. Although it is unavailable on Linux and Mac systems, you can play the MMORPG on the PlayStation and Xbox consoles. The gameplay includes elements of adventure and the combat features engaging hack-and-slash action.","['One of my favorite PC games from Steam is Skyforge. Although it is unavailable on Linux and Mac systems, you can play the MMORPG on the PlayStation and Xbox consoles. The gameplay includes elements of adventure and the combat features engaging hack-and-slash action.']"
viggo-challenge_train_10_percent-138,"inform(name[Layers of Fear], rating[poor], genres[adventure, indie, point-and-click], platforms[PlayStation, Xbox, Nintendo Switch, PC], available_on_steam[yes])","In order to avoid a poor gaming experience, steer clear of Layers of Fear. It's an indie point-and-click adventure for the PlayStation, Xbox, Nintendo Switch, and PC through Steam.","[""In order to avoid a poor gaming experience, steer clear of Layers of Fear. It's an indie point-and-click adventure for the PlayStation, Xbox, Nintendo Switch, and PC through Steam.""]"
viggo-challenge_train_10_percent-139,"inform(name[F1 2014], developer[Codemasters Birmingham], genres[driving/racing, simulation, sport])","Codemasters Birmingham developed a gamed called F1 2014, which is a sport racing simulator.","['Codemasters Birmingham developed a gamed called F1 2014, which is a sport racing simulator.']"
viggo-challenge_train_10_percent-140,"inform(name[Grand Theft Auto V], esrb[M (for Mature)], genres[action-adventure, driving/racing, shooter], player_perspective[first person, third person], has_multiplayer[yes])","Grand Theft Auto V is an action-adventure game that includes driving/racing and shooting. It is played in both the third person and first person perspectives, and can be played with your friends. Be aware, it is rated M (for Mature).","['Grand Theft Auto V is an action-adventure game that includes driving/racing and shooting. It is played in both the third person and first person perspectives, and can be played with your friends. Be aware, it is rated M (for Mature).']"
viggo-challenge_train_10_percent-141,"inform(name[The Room], developer[Fireproof Games], rating[excellent], genres[indie, point-and-click, puzzle])",The Room is a great indie point-and-click puzzle game made by Fireproof Games.,['The Room is a great indie point-and-click puzzle game made by Fireproof Games.']
viggo-challenge_train_10_percent-142,"inform(name[Metroid Prime Pinball], esrb[E (for Everyone)], rating[average], genres[pinball, puzzle], has_multiplayer[yes], platforms[Nintendo])","A decent game that I have played in the past is the pinball puzzle game Metroid Prime Pinball. It is rated E (for everyone), and you can play it multiplayer. It is made for the Nintendo consoles only.","['A decent game that I have played in the past is the pinball puzzle game Metroid Prime Pinball. It is rated E (for everyone), and you can play it multiplayer. It is made for the Nintendo consoles only.']"
viggo-challenge_train_10_percent-143,"inform(name[Heroes of Might and Magic III: The Restoration of Erathia], release_year[1999], rating[good], genres[turn-based strategy])",Heroes of Might and Magic III: The Restoration of Erathia is a 1999 turn-based strategy game with good ratings.,['Heroes of Might and Magic III: The Restoration of Erathia is a 1999 turn-based strategy game with good ratings.']
viggo-challenge_train_10_percent-144,"inform(name[TrackMania Turbo], release_year[2016], rating[good], genres[arcade, driving/racing], player_perspective[first person, third person], has_multiplayer[yes])",TrackMania Turbo is a good driving/racing arcade game released in 2016. It is a multiplayer game with first and third person perspective.,['TrackMania Turbo is a good driving/racing arcade game released in 2016. It is a multiplayer game with first and third person perspective.']
viggo-challenge_train_10_percent-145,"inform(name[The Witcher 3: Wild Hunt], genres[action-adventure, role-playing], has_multiplayer[no])",I had fun playing The Witcher 3: Wild Hunt. It's a single-player action-adventure RPG.,"[""I had fun playing The Witcher 3: Wild Hunt. It's a single-player action-adventure RPG.""]"
viggo-challenge_train_10_percent-146,"inform(name[SpellForce 3], genres[real-time strategy, role-playing], player_perspective[bird view], has_multiplayer[yes], platforms[PC], available_on_steam[yes], has_linux_release[no], has_mac_release[no])","If you want a real-time strategy, role-player with bird view perspective and multiplayer, you should try SpellForce 3. It is only for PC and is available on Steam. There is no release for Linux or Mac, though.","['If you want a real-time strategy, role-player with bird view perspective and multiplayer, you should try SpellForce 3. It is only for PC and is available on Steam. There is no release for Linux or Mac, though.']"
viggo-challenge_train_10_percent-147,"inform(name[Ori and the Blind Forest], release_year[2015], rating[excellent], genres[adventure, platformer, puzzle], player_perspective[side view], platforms[Xbox, PC], has_linux_release[no], has_mac_release[no])","Ori and the Blind Forest was released in 2015, and it is an excellent side view adventure, puzzle platformer. It runs on Xbox and PC, but it is not out on Linux or Mac.","['Ori and the Blind Forest was released in 2015, and it is an excellent side view adventure, puzzle platformer. It runs on Xbox and PC, but it is not out on Linux or Mac.']"
viggo-challenge_train_10_percent-148,"inform(name[MotorStorm: Apocalypse], release_year[2011], rating[poor], genres[vehicular combat], player_perspective[third person], has_multiplayer[yes], platforms[PlayStation])","MotorStorm: Apocalypse came out in 2011. The game, involving third person vehicular combat, was released only on the PlayStation. Although the game supports multiplayer, the reviews were poor.","['MotorStorm: Apocalypse came out in 2011. The game, involving third person vehicular combat, was released only on the PlayStation. Although the game supports multiplayer, the reviews were poor.']"
viggo-challenge_train_10_percent-149,"inform(name[Madden NFL 15], release_year[2014], rating[average], genres[simulation, sport], player_perspective[bird view, third person], has_multiplayer[yes], platforms[PlayStation, Xbox])",Madden NFL 15 can be played on PlayStation and Xbox. It is a sport simulation game that was released in 2014. It can be played multiplayer in the bird view and third person perspective. Most players rate it as average.,['Madden NFL 15 can be played on PlayStation and Xbox. It is a sport simulation game that was released in 2014. It can be played multiplayer in the bird view and third person perspective. Most players rate it as average.']
viggo-challenge_train_10_percent-150,"inform(name[BioShock], release_year[2007], developer[2K Boston], genres[action-adventure, role-playing, shooter], platforms[PlayStation, Xbox, PC], available_on_steam[yes], has_linux_release[no], has_mac_release[yes])","BioShock is an action-adventure, role-playing shooter that was developed by 2K Boston. It was released in 2007 for the PlayStation, Xbox, and PC. It is available on Steam and has a Mac release, but it doesn't have a Linux release.","[""BioShock is an action-adventure, role-playing shooter that was developed by 2K Boston. It was released in 2007 for the PlayStation, Xbox, and PC. It is available on Steam and has a Mac release, but it doesn't have a Linux release.""]"
viggo-challenge_train_10_percent-151,"inform(name[Rollcage], release_year[1999], rating[average], genres[action, driving/racing])","For an action racing game, I highly recommend Rollcage. It has an average score when it comes to user ratings, but do not let this discourage you. Taking into consideration that the year was 1999 when Rollcage was released, it is standing the test of time.","['For an action racing game, I highly recommend Rollcage. It has an average score when it comes to user ratings, but do not let this discourage you. Taking into consideration that the year was 1999 when Rollcage was released, it is standing the test of time.']"
viggo-challenge_train_10_percent-152,"inform(name[Stronghold 2], developer[Firefly Studios], rating[average], genres[real-time strategy, simulation], player_perspective[bird view], has_multiplayer[yes])",Stronghold 2 by Firefly Studios is an average real-time strategy simulation with a multiplayer mode. Every player plays the game from a bird view perspective.,['Stronghold 2 by Firefly Studios is an average real-time strategy simulation with a multiplayer mode. Every player plays the game from a bird view perspective.']
viggo-challenge_train_10_percent-153,"inform(name[Need for Speed: Most Wanted], release_year[2005], genres[driving/racing], has_multiplayer[yes])",Need for Speed: Most Wanted is a racing game originally released in 2005. The game has multiplayer support.,['Need for Speed: Most Wanted is a racing game originally released in 2005. The game has multiplayer support.']
viggo-challenge_train_10_percent-154,"inform(name[Metroid Prime Pinball], esrb[E (for Everyone)], rating[average], genres[pinball, puzzle], has_multiplayer[yes], platforms[Nintendo])","Metroid Prime Pinball is an average-rated pinball, puzzle game with multiplayer. It is rated E (for Everyone), and is available for Nintendo.","['Metroid Prime Pinball is an average-rated pinball, puzzle game with multiplayer. It is rated E (for Everyone), and is available for Nintendo.']"
viggo-challenge_train_10_percent-155,"inform(name[God of War], rating[excellent], genres[action-adventure, platformer, role-playing], player_perspective[third person], has_multiplayer[no], platforms[PlayStation])","If you like single-player role-playing games, God of War is an excellent third person action-adventure platformer. It runs exclusively on PlayStation.","['If you like single-player role-playing games, God of War is an excellent third person action-adventure platformer. It runs exclusively on PlayStation.']"
viggo-challenge_train_10_percent-156,"inform(name[Dirt: Showdown], rating[average], genres[driving/racing, sport])",Dirt: Showdown is a decent sport racing game.,['Dirt: Showdown is a decent sport racing game.']
viggo-challenge_train_10_percent-157,"inform(name[Assassin's Creed Chronicles: India], rating[poor], genres[action-adventure, platformer], platforms[PlayStation, Xbox, PC], has_linux_release[no], has_mac_release[no])","Assassin's Creed Chronicles: India is an action-adventure platformer game. Though it's received some poor ratings and doesn't have a Mac or Linux release, it can be played on PlayStation, Xbox as well as PC.","[""Assassin's Creed Chronicles: India is an action-adventure platformer game. Though it's received some poor ratings and doesn't have a Mac or Linux release, it can be played on PlayStation, Xbox as well as PC.""]"
viggo-challenge_train_10_percent-158,"inform(name[Quantum Break], release_year[2016], developer[Remedy Entertainment], rating[average], genres[adventure, shooter], player_perspective[third person])","If you're looking for the average third person adventure-shooter, you should try Remedy Entertainment's Quantum Break. It came out in 2016.","[""If you're looking for the average third person adventure-shooter, you should try Remedy Entertainment's Quantum Break. It came out in 2016.""]"
viggo-challenge_train_10_percent-159,"inform(name[Trivial Pursuit], release_year[2009], rating[poor], genres[trivia/board game], platforms[PlayStation, Nintendo])",Trivial Pursuit came out in 2009 for PlayStation and Nintendo. It is a poor trivia/board game.,['Trivial Pursuit came out in 2009 for PlayStation and Nintendo. It is a poor trivia/board game.']
viggo-challenge_train_10_percent-160,"inform(name[The Room], rating[excellent], genres[indie, point-and-click, puzzle])",The Room is an excellent indie point-and-click game with fun puzzle solving.,['The Room is an excellent indie point-and-click game with fun puzzle solving.']
viggo-challenge_train_10_percent-161,"inform(name[Little Nightmares], rating[good], genres[adventure, platformer, puzzle], player_perspective[side view], platforms[PlayStation, Xbox, PC], available_on_steam[yes], has_linux_release[yes], has_mac_release[no])","Little Nightmares is a good adventure and puzzle platformer with a side view perspective. It was released on PlayStation, Xbox, and PC, and it is available on Steam. It has a Linux release, but not a Mac release.","['Little Nightmares is a good adventure and puzzle platformer with a side view perspective. It was released on PlayStation, Xbox, and PC, and it is available on Steam. It has a Linux release, but not a Mac release.']"
viggo-challenge_train_10_percent-162,"inform(name[The Elder Scrolls Online], rating[average], genres[MMORPG], platforms[PlayStation, Xbox, PC], available_on_steam[yes], has_linux_release[no], has_mac_release[yes])","The Elder Scrolls Online is an average-rated MMORPG. It is available on Steam, and is on PlayStation, Xbox, and PC. It is released for Mac, but not for Linux.","['The Elder Scrolls Online is an average-rated MMORPG. It is available on Steam, and is on PlayStation, Xbox, and PC. It is released for Mac, but not for Linux.']"
viggo-challenge_train_10_percent-163,"inform(name[Little Nightmares], developer[Tarsier Studios], genres[adventure, platformer, puzzle], platforms[PlayStation, Xbox, PC], has_linux_release[yes], has_mac_release[no])","Little Nightmares is an adventure puzzle game by Tarsier Studios. The platformer game is available on PlayStation, Xbox, and PC. The title is not available on Mac, but can be played on Linux.","['Little Nightmares is an adventure puzzle game by Tarsier Studios. The platformer game is available on PlayStation, Xbox, and PC. The title is not available on Mac, but can be played on Linux.']"
viggo-challenge_train_10_percent-164,"inform(name[Driver], release_year[1999], rating[average], genres[driving/racing, simulation])",Driver is a driving/racing simulator released in 1999 to average reviews.,['Driver is a driving/racing simulator released in 1999 to average reviews.']
viggo-challenge_train_10_percent-165,"inform(name[Dance Dance Revolution Universe 3], release_year[2008], esrb[E (for Everyone)], rating[poor], genres[music], has_multiplayer[yes], platforms[Xbox])",Dance Dance Revolution Universe 3 is a 2008 music game for Xbox. It is a multiplayer game for everyone with a poor rating.,['Dance Dance Revolution Universe 3 is a 2008 music game for Xbox. It is a multiplayer game for everyone with a poor rating.']
viggo-challenge_train_10_percent-166,"inform(name[The Room], developer[Fireproof Games], rating[excellent], genres[indie, point-and-click, puzzle])",The Room is an excellent puzzle game developed by Fireproof Games. It's an indie point-and-click game that you should definitely try.,"[""The Room is an excellent puzzle game developed by Fireproof Games. It's an indie point-and-click game that you should definitely try.""]"
viggo-challenge_train_10_percent-167,"inform(name[Warcraft III: Reign of Chaos], rating[excellent], genres[real-time strategy], player_perspective[bird view])",Warcraft III: Reign of Chaos is an excellent real-time strategy game played in bird view perspective.,['Warcraft III: Reign of Chaos is an excellent real-time strategy game played in bird view perspective.']
viggo-challenge_train_10_percent-168,"inform(name[Life is Strange], genres[role-playing], player_perspective[third person], has_multiplayer[no], platforms[PlayStation, Xbox, PC], available_on_steam[yes], has_linux_release[yes], has_mac_release[yes])","Life is Strange is a single-player third person role-playing game. It runs on PlayStation, Xbox, and PC, and it is supported by Mac and Linux. It is also available on Steam.","['Life is Strange is a single-player third person role-playing game. It runs on PlayStation, Xbox, and PC, and it is supported by Mac and Linux. It is also available on Steam.']"
viggo-challenge_train_10_percent-169,"inform(name[Uncharted 4: A Thief's End], developer[Naughty Dog], rating[excellent], genres[action-adventure, shooter], player_perspective[third person], platforms[PlayStation])","Uncharted 4: A Thief's End was a game made by Naughty Dog exclusively for PlayStation. The game is a third person, action-adventure shooter with excellent reviews.","[""Uncharted 4: A Thief's End was a game made by Naughty Dog exclusively for PlayStation. The game is a third person, action-adventure shooter with excellent reviews.""]"
viggo-challenge_train_10_percent-170,"inform(name[Heroes of Might and Magic III: The Restoration of Erathia], release_year[1999], rating[good], genres[turn-based strategy], player_perspective[bird view])",Heroes of Might and Magic III: The Restoration of Erathia is a good turn-based strategy that was released in 1999 with a bird view perspective.,['Heroes of Might and Magic III: The Restoration of Erathia is a good turn-based strategy that was released in 1999 with a bird view perspective.']
viggo-challenge_train_10_percent-171,"inform(name[NHL 15], release_year[2014], rating[average], genres[simulation, sport], player_perspective[bird view])",NHL 15 is an average sport simulation game from 2014. The game is played from a bird view perspective.,['NHL 15 is an average sport simulation game from 2014. The game is played from a bird view perspective.']
viggo-challenge_train_10_percent-172,"inform(name[Ori and the Blind Forest], genres[adventure, platformer, puzzle], has_multiplayer[no])","If you want an adventure puzzle platformer with no multiplayer, try Ori and the Blind Forest.","['If you want an adventure puzzle platformer with no multiplayer, try Ori and the Blind Forest.']"
viggo-challenge_train_10_percent-173,"inform(name[Guitar Hero: Smash Hits], genres[music], player_perspective[first person], has_multiplayer[yes])",Guitar Hero: Smash Hits is a first person music game that has multiplayer.,['Guitar Hero: Smash Hits is a first person music game that has multiplayer.']
viggo-challenge_train_10_percent-174,"inform(name[Small World 2], developer[Days of Wonder], genres[indie, trivia/board game], has_multiplayer[yes], platforms[PC], available_on_steam[yes])",Small World 2 is a multiplayer trivia/board game available on Steam for PC. It was released by the indie developer Days of Wonder.,['Small World 2 is a multiplayer trivia/board game available on Steam for PC. It was released by the indie developer Days of Wonder.']
viggo-challenge_train_10_percent-175,"inform(name[Metro 2033], release_year[2010], genres[action, role-playing, shooter], has_multiplayer[no])",Metro 2033 is a role-playing action shooter game released in 2010. The game has no multiplayer in it.,['Metro 2033 is a role-playing action shooter game released in 2010. The game has no multiplayer in it.']
viggo-challenge_train_10_percent-176,"inform(name[Mirror's Edge Catalyst], developer[EA Digital Illusions CE], rating[average], genres[action-adventure, fighting])",Mirror's Edge Catalyst is a first person action-adventure fighting game developed by EA Digital Illusions CE. It received average ratings among fans.,"[""Mirror's Edge Catalyst is a first person action-adventure fighting game developed by EA Digital Illusions CE. It received average ratings among fans.""]"
viggo-challenge_train_10_percent-177,"inform(name[SpellForce 3], release_year[2017], genres[real-time strategy, role-playing])","SpellForce 3 is a real-time strategy, role-playing game that came out in 2017.","['SpellForce 3 is a real-time strategy, role-playing game that came out in 2017.']"
viggo-challenge_train_10_percent-178,"inform(name[Hellblade: Senua's Sacrifice], genres[adventure, hack-and-slash, indie], player_perspective[third person], platforms[PlayStation, Xbox, PC], available_on_steam[yes], has_linux_release[no], has_mac_release[no])","Hellblade: Senua's Sacrifice is a third person indie adventure, hack-and-slash game. It is available on PlayStation, Xbox, and PC, and it is available on Steam. It does not have a version for Mac or Linux.","[""Hellblade: Senua's Sacrifice is a third person indie adventure, hack-and-slash game. It is available on PlayStation, Xbox, and PC, and it is available on Steam. It does not have a version for Mac or Linux.""]"
viggo-challenge_train_10_percent-179,"inform(name[Age of Wonders II: The Wizard's Throne], release_year[2002], rating[poor], genres[role-playing, turn-based strategy], player_perspective[bird view], has_multiplayer[yes])",Age of Wonders II: The Wizard's Throne was a poor role-playing turn-based strategy game from 2002. It has a bird view perspective and you can play multiplayer.,"[""Age of Wonders II: The Wizard's Throne was a poor role-playing turn-based strategy game from 2002. It has a bird view perspective and you can play multiplayer.""]"
viggo-challenge_train_10_percent-180,"inform(name[Need for Speed: The Run], rating[average], genres[driving/racing], player_perspective[first person, third person], has_multiplayer[yes])",Need for Speed: The Run is an average rated driving/racing game played in first or third person modes. It also has multiplayer capabilities.,['Need for Speed: The Run is an average rated driving/racing game played in first or third person modes. It also has multiplayer capabilities.']
viggo-challenge_train_10_percent-181,"inform(name[Alan Wake's American Nightmare], rating[poor], genres[action-adventure, shooter], has_multiplayer[no])",Alan Wake's American Nightmare is a poor action-adventure shooter without multiplayer.,"[""Alan Wake's American Nightmare is a poor action-adventure shooter without multiplayer.""]"
viggo-challenge_train_10_percent-182,"inform(name[Super Mario World], release_year[1990], developer[Nintendo EAD], rating[excellent], genres[platformer], player_perspective[side view], platforms[Nintendo])",Super Mario World is an amazing side view platformer. Nintendo EAD really outdid themselves in 1990 when they made this game for the Nintendo consoles.,['Super Mario World is an amazing side view platformer. Nintendo EAD really outdid themselves in 1990 when they made this game for the Nintendo consoles.']
viggo-challenge_train_10_percent-183,"inform(name[Call of Duty: Advanced Warfare], rating[average], genres[action, shooter], player_perspective[first person], platforms[PlayStation, Xbox, PC], available_on_steam[yes])","Call of Duty: Advanced Warfare is a first person action-shooter with average ratings. It runs on PlayStation, Xbox, and PC, and it is available on Steam.","['Call of Duty: Advanced Warfare is a first person action-shooter with average ratings. It runs on PlayStation, Xbox, and PC, and it is available on Steam.']"
viggo-challenge_train_10_percent-184,"inform(name[Ori and the Blind Forest], genres[adventure, platformer, puzzle], has_multiplayer[no], platforms[Xbox, PC])",Ori and the Blind Forest is an adventure puzzle platformer for Xbox and PC that has no multiplayer function.,['Ori and the Blind Forest is an adventure puzzle platformer for Xbox and PC that has no multiplayer function.']
viggo-challenge_train_10_percent-185,"inform(name[NBA 2K16], release_year[2015], genres[sport], player_perspective[third person], platforms[PlayStation, Xbox, PC], has_linux_release[no], has_mac_release[no])","NBA 2K16 was released for PlayStation, Xbox, and PC in 2015, but has no Linux or Mac release. It is a third person sports game.","['NBA 2K16 was released for PlayStation, Xbox, and PC in 2015, but has no Linux or Mac release. It is a third person sports game.']"
viggo-challenge_train_10_percent-186,"inform(name[Mafia], genres[driving/racing, fighting, shooter], has_multiplayer[no], platforms[PlayStation, Xbox, PC], available_on_steam[yes], has_linux_release[no], has_mac_release[no])","If you are into fighting games, Mafia is a single-player driving shooter. It is available on PlayStation, Xbox, and PC, but it is not on Mac or Linux. You can grab it on Steam.","['If you are into fighting games, Mafia is a single-player driving shooter. It is available on PlayStation, Xbox, and PC, but it is not on Mac or Linux. You can grab it on Steam.']"
viggo-challenge_train_10_percent-187,"inform(name[The Vanishing of Ethan Carter], release_year[2014], esrb[M (for Mature)], rating[average], genres[adventure, indie])","The Vanishing of Ethan Carter was mostly just okay. It's your average indie-adventure title that came out in 2014. Be aware it's not a children's game, and has an M-rating.","[""The Vanishing of Ethan Carter was mostly just okay. It's your average indie-adventure title that came out in 2014. Be aware it's not a children's game, and has an M-rating.""]"
viggo-challenge_train_10_percent-188,"inform(name[Guitar Hero: Smash Hits], release_year[2009], rating[poor], genres[music], player_perspective[first person], platforms[PlayStation, Xbox, Nintendo])","Guitar Hero: Smash Hits is a 2009 first person music game for PlayStation, Xbox, and Nintendo. It has poor ratings.","['Guitar Hero: Smash Hits is a 2009 first person music game for PlayStation, Xbox, and Nintendo. It has poor ratings.']"
viggo-challenge_train_10_percent-189,"inform(name[The Vanishing of Ethan Carter], release_year[2014], genres[adventure, indie], has_multiplayer[no], platforms[PlayStation, Xbox, PC], available_on_steam[yes], has_linux_release[no], has_mac_release[no])","The Vanishing of Ethan Carter is an indie adventure game that was released in 2014 for PlayStation, Xbox, and PC. It is available on Steam. It was not released on Linux or Mac, and it does not have a multiplayer mode.","['The Vanishing of Ethan Carter is an indie adventure game that was released in 2014 for PlayStation, Xbox, and PC. It is available on Steam. It was not released on Linux or Mac, and it does not have a multiplayer mode.']"
viggo-challenge_train_10_percent-190,"inform(name[Need for Speed: The Run], release_year[2011], esrb[T (for Teen)], genres[driving/racing])",Need for Speed: The Run is a 2011 racing game that is rated T for teen audiences.,['Need for Speed: The Run is a 2011 racing game that is rated T for teen audiences.']
viggo-challenge_train_10_percent-191,"inform(name[The Elder Scrolls Online], release_year[2014], developer[ZeniMax Online Studios], esrb[M (for Mature)], genres[MMORPG], player_perspective[first person, third person])",The Elder Scrolls Online is a MMORPG that came out in 2014 from ZeniMax Online Studios. The game is rated M (for Mature) and offers both first person and third person perspectives.,['The Elder Scrolls Online is a MMORPG that came out in 2014 from ZeniMax Online Studios. The game is rated M (for Mature) and offers both first person and third person perspectives.']
viggo-challenge_train_10_percent-192,"inform(name[Uncharted 4: A Thief's End], developer[Naughty Dog], genres[action-adventure, shooter], player_perspective[third person], has_multiplayer[yes], platforms[PlayStation])",Uncharted 4: A Thief's End is a multiplayer third person action-adventure shooter. It was developed by Naughty Dog for PlayStation.,"[""Uncharted 4: A Thief's End is a multiplayer third person action-adventure shooter. It was developed by Naughty Dog for PlayStation.""]"
viggo-challenge_train_10_percent-193,"inform(name[Max Payne], release_year[2001], developer[Remedy Entertainment], esrb[M (for Mature)], rating[good], genres[action-adventure, shooter], platforms[PlayStation, Xbox, PC])","Max Payne was developed by Remedy Entertainment. It was released in 2001 with an M (for Mature) rating. It's a good action-adventure shooter game for PlayStation, Xbox, and PC.","[""Max Payne was developed by Remedy Entertainment. It was released in 2001 with an M (for Mature) rating. It's a good action-adventure shooter game for PlayStation, Xbox, and PC.""]"
viggo-challenge_train_10_percent-194,"inform(name[TrackMania Turbo], rating[good], genres[arcade, driving/racing], platforms[PlayStation, Xbox, PC], available_on_steam[yes], has_linux_release[no], has_mac_release[no])","If you like arcade driving/racing games, try out TrackMania Turbo. It has received good ratings and is available on PlayStation, Xbox, and PC. You can find it on Steam, but there is no Linux or Mac release.","['If you like arcade driving/racing games, try out TrackMania Turbo. It has received good ratings and is available on PlayStation, Xbox, and PC. You can find it on Steam, but there is no Linux or Mac release.']"
viggo-challenge_train_10_percent-195,"inform(name[Metal Gear Solid 3: Snake Eater], release_year[2004], rating[excellent], genres[action-adventure, shooter, tactical], player_perspective[bird view, first person, third person], platforms[PlayStation])","A great game to play is the 2004 action-adventure tactical shooter, Metal Gear Solid 3: Snake Eater. You can play from bird view, first person or third person perspective. It can be played on PlayStation only.","['A great game to play is the 2004 action-adventure tactical shooter, Metal Gear Solid 3: Snake Eater. You can play from bird view, first person or third person perspective. It can be played on PlayStation only.']"
viggo-challenge_train_10_percent-196,"inform(name[Never Alone], genres[adventure, indie, platformer], player_perspective[side view])","Let's play Never Alone, it's an indie adventure-platformer with a side view perspective.","[""Let's play Never Alone, it's an indie adventure-platformer with a side view perspective.""]"
viggo-challenge_train_10_percent-197,"inform(name[Need for Speed: Payback], release_year[2017], developer[Ghost Games], esrb[T (for Teen)], rating[poor], genres[driving/racing])",Need for Speed: Payback by Ghost Games is a poorly-rated racing game. It is rated T (for Teen) and was released in 2017.,['Need for Speed: Payback by Ghost Games is a poorly-rated racing game. It is rated T (for Teen) and was released in 2017.']
viggo-challenge_train_10_percent-198,"inform(name[SpellForce 3], rating[poor], genres[real-time strategy, role-playing], player_perspective[bird view], has_multiplayer[yes])","SpellForce 3 is poorly-rated real-time strategy, role-playing game in bird view. It has multiplayer mode.","['SpellForce 3 is poorly-rated real-time strategy, role-playing game in bird view. It has multiplayer mode.']"
viggo-challenge_train_10_percent-199,"inform(name[Horizon: Zero Dawn], rating[excellent], genres[action-adventure, role-playing, shooter], platforms[PlayStation])","Horizon: Zero Dawn is an action-adventure role-playing shooter for PlayStation, and it has excellent ratings.","['Horizon: Zero Dawn is an action-adventure role-playing shooter for PlayStation, and it has excellent ratings.']"
viggo-challenge_train_10_percent-200,"inform(name[Super Mario World], release_year[1990], developer[Nintendo EAD], rating[excellent], genres[platformer], player_perspective[side view], platforms[Nintendo])","Super Mario World is a great example of a traditional side view platformer. It came out in 1990 on Nintendo, and was developed by Nintendo EAD.","['Super Mario World is a great example of a traditional side view platformer. It came out in 1990 on Nintendo, and was developed by Nintendo EAD.']"
viggo-challenge_train_10_percent-201,"inform(name[Warcraft III: Reign of Chaos], developer[Blizzard Entertainment], genres[real-time strategy], platforms[PC], available_on_steam[no])",Warcraft III: Reign of Chaos was developed by Blizzard Entertainment. It's a real-time strategy game for PC. It isn't available on Steam.,"[""Warcraft III: Reign of Chaos was developed by Blizzard Entertainment. It's a real-time strategy game for PC. It isn't available on Steam.""]"
viggo-challenge_train_10_percent-202,"inform(name[Need for Speed: Shift], developer[Slightly Mad Studios], esrb[E (for Everyone)], genres[driving/racing, simulation], player_perspective[first person, third person], has_multiplayer[yes])",Need for Speed: Shift by Slightly Mad Studios is a driving sim rated E (for Everyone). There's first and third person views and multiplayer.,"[""Need for Speed: Shift by Slightly Mad Studios is a driving sim rated E (for Everyone). There's first and third person views and multiplayer.""]"
viggo-challenge_train_10_percent-203,"inform(name[Tom Clancy's The Division], release_year[2016], rating[average], genres[role-playing, shooter, tactical], platforms[PlayStation, Xbox, PC], available_on_steam[yes], has_linux_release[no], has_mac_release[no])","Tom Clancy's The Division is an average role-playing tactical shooter that came out in 2016 for PlayStation, Xbox and PC. The game is not available on either Mac or Linux, but can be played from Steam.","[""Tom Clancy's The Division is an average role-playing tactical shooter that came out in 2016 for PlayStation, Xbox and PC. The game is not available on either Mac or Linux, but can be played from Steam.""]"
viggo-challenge_train_10_percent-204,"inform(name[Life is Strange], rating[good], genres[role-playing], player_perspective[third person])","If you like fun third person role-playing games, then you should try Life is Strange.","['If you like fun third person role-playing games, then you should try Life is Strange.']"
viggo-challenge_train_10_percent-205,"inform(name[World of Warcraft], release_year[2004], genres[adventure, MMORPG], platforms[PC], available_on_steam[no], has_linux_release[no], has_mac_release[yes])","When I think of any adventure game, especially MMORPG, I think World of Warcraft is the way to go. It's been out since 2004 but, unfortunately, it is only available for PC and Mac users. It does not run on Linux systems, and you won't find it on Steam either.","[""When I think of any adventure game, especially MMORPG, I think World of Warcraft is the way to go. It's been out since 2004 but, unfortunately, it is only available for PC and Mac users. It does not run on Linux systems, and you won't find it on Steam either.""]"
viggo-challenge_train_10_percent-206,"inform(name[Undertale], release_year[2015], rating[excellent], genres[adventure, indie, role-playing], player_perspective[bird view])",Undertale is an excellent bird view adventure RPG. It is an indie title that was released in 2015.,['Undertale is an excellent bird view adventure RPG. It is an indie title that was released in 2015.']
viggo-challenge_train_10_percent-207,"inform(name[Bus Driver], esrb[E (for Everyone)], rating[poor], genres[driving/racing, indie, simulation], platforms[PC], available_on_steam[yes], has_linux_release[no], has_mac_release[no])","Bus Driver is a poor indie driving simulation game. The game is rated E (for Everyone) and is for PC only. This game is available on Steam, but not for Mac or Linux.","['Bus Driver is a poor indie driving simulation game. The game is rated E (for Everyone) and is for PC only. This game is available on Steam, but not for Mac or Linux.']"
viggo-challenge_train_10_percent-208,"inform(name[Assassin's Creed Chronicles: India], release_year[2016], rating[poor], genres[action-adventure, platformer], has_multiplayer[no])","An example of a poorly received action-adventure platformer is Assassin's Creed Chronicles: India. It was made in 2016, and it doesn't have a multiplayer option.","[""An example of a poorly received action-adventure platformer is Assassin's Creed Chronicles: India. It was made in 2016, and it doesn't have a multiplayer option.""]"
viggo-challenge_train_10_percent-209,"inform(name[SpellForce 3], developer[Grimlore Games], rating[poor], genres[real-time strategy, role-playing], player_perspective[bird view])","SpellForce 3, developed by Grimlore Games, is a poor role-playing, real-time strategy with bird view perspective.","['SpellForce 3, developed by Grimlore Games, is a poor role-playing, real-time strategy with bird view perspective.']"
viggo-challenge_train_10_percent-210,"inform(name[Warcraft III: Reign of Chaos], developer[Blizzard Entertainment], rating[excellent], genres[real-time strategy], player_perspective[bird view])",Blizzard Entertainment created an excellent real-time strategy game called Warcraft III: Reign of Chaos that also provides bird view.,['Blizzard Entertainment created an excellent real-time strategy game called Warcraft III: Reign of Chaos that also provides bird view.']
viggo-challenge_train_10_percent-211,"inform(name[The Vanishing of Ethan Carter], release_year[2014], esrb[M (for Mature)], rating[average], genres[adventure, indie])",The Vanishing of Ethan Carter from 2014 is rated M. It's an average indie adventure game.,"[""The Vanishing of Ethan Carter from 2014 is rated M. It's an average indie adventure game.""]"
viggo-challenge_train_10_percent-212,"inform(name[Mafia], release_year[2002], esrb[M (for Mature)], rating[excellent], genres[driving/racing, fighting, shooter], player_perspective[third person])","If you like games with fighting, Mafia is an excellent game that is rated M (for Mature). It is a third person driving/racing shooter from 2002.","['If you like games with fighting, Mafia is an excellent game that is rated M (for Mature). It is a third person driving/racing shooter from 2002.']"
viggo-challenge_train_10_percent-213,"inform(name[Crysis], release_year[2007], genres[action-adventure, shooter], player_perspective[first person], platforms[PlayStation, Xbox, PC], available_on_steam[yes], has_linux_release[no], has_mac_release[no])","Crysis was released in 2007. It's a first person action-adventure shooter game. You can get it for PlayStation, Xbox, and PC, and it's also available on Steam, though Linux and Mac support was dropped.","[""Crysis was released in 2007. It's a first person action-adventure shooter game. You can get it for PlayStation, Xbox, and PC, and it's also available on Steam, though Linux and Mac support was dropped.""]"
viggo-challenge_train_10_percent-214,"inform(name[World of Warcraft: Battle for Azeroth], exp_release_date[August 14, 2018], developer[Blizzard Entertainment], genres[MMORPG], player_perspective[third person], platforms[PC])","Blizzard Entertainment has a new MMORPG coming out August 14, 2018 for PC. It's called World of Warcraft: Battle for Azeroth and is a third person perspective game.","[""Blizzard Entertainment has a new MMORPG coming out August 14, 2018 for PC. It's called World of Warcraft: Battle for Azeroth and is a third person perspective game.""]"
viggo-challenge_train_10_percent-215,"inform(name[Ori and the Blind Forest], genres[adventure, platformer, puzzle], has_multiplayer[no])",Ori and the Blind Forest is a single-player adventure puzzle platformer.,['Ori and the Blind Forest is a single-player adventure puzzle platformer.']
viggo-challenge_train_10_percent-216,"inform(name[Mirror's Edge Catalyst], release_year[2016], developer[EA Digital Illusions CE], esrb[T (for Teen)], rating[average], genres[action-adventure, fighting], player_perspective[first person])","Mirror's Edge Catalyst was released in 2016 by EA Digital Illusions CE. It is an okay T-rated action-adventure game that uses fighting style for the platforming gameplay, presented entirely from a first person perspective.","[""Mirror's Edge Catalyst was released in 2016 by EA Digital Illusions CE. It is an okay T-rated action-adventure game that uses fighting style for the platforming gameplay, presented entirely from a first person perspective.""]"
viggo-challenge_train_10_percent-217,"inform(name[Skyforge], rating[poor], genres[adventure, hack-and-slash, MMORPG], platforms[PlayStation, Xbox, PC], has_linux_release[no], has_mac_release[no])","Skyforge is an adventure hack-and-slash MMORPG that received poor ratings from players. The game is available on PlayStation, Xbox, and PC with no Linux or Mac release.","['Skyforge is an adventure hack-and-slash MMORPG that received poor ratings from players. The game is available on PlayStation, Xbox, and PC with no Linux or Mac release.']"
viggo-challenge_train_10_percent-218,"inform(name[Portal 2], genres[platformer, puzzle, shooter], player_perspective[first person], platforms[PlayStation, PC], available_on_steam[yes])",Portal 2 is a platforming first person shooter with puzzle elements. It was released on PlayStation and PC and is available on Steam.,['Portal 2 is a platforming first person shooter with puzzle elements. It was released on PlayStation and PC and is available on Steam.']
viggo-challenge_train_10_percent-219,"inform(name[Skyforge], developer[Allods Online], rating[poor], genres[adventure, hack-and-slash, MMORPG], platforms[PlayStation, Xbox, PC])","Skyforge is a lackluster adventure hack-and-slash MMORPG by Allods Online. It's available on PlayStation, Xbox and PC.","[""Skyforge is a lackluster adventure hack-and-slash MMORPG by Allods Online. It's available on PlayStation, Xbox and PC.""]"
viggo-challenge_train_10_percent-220,"inform(name[Metal Gear Solid 3: Snake Eater], release_year[2004], esrb[M (for Mature)], rating[excellent], genres[action-adventure, shooter, tactical], player_perspective[bird view, first person, third person], has_multiplayer[no])","If you like action-adventure tactical shooter games, then you should try the 2004 video game called Metal Gear Solid 3: Snake Eater that uses the first person, third person, and bird view perspectives. Unfortunately, it does not have multiplayer. It has an excellent rating and is rated M (for Mature).","['If you like action-adventure tactical shooter games, then you should try the 2004 video game called Metal Gear Solid 3: Snake Eater that uses the first person, third person, and bird view perspectives. Unfortunately, it does not have multiplayer. It has an excellent rating and is rated M (for Mature).']"
viggo-challenge_train_10_percent-221,"inform(name[Might & Magic: Heroes VI], developer[Black Hole Entertainment], rating[average], genres[role-playing, turn-based strategy], platforms[PC], has_linux_release[no], has_mac_release[no])","Might & Magic: Heroes VI by Black Hole Entertainment is a role-playing, turn-based strategy game for PC. It has average ratings and is not supported on Mac or Linux.","['Might & Magic: Heroes VI by Black Hole Entertainment is a role-playing, turn-based strategy game for PC. It has average ratings and is not supported on Mac or Linux.']"
viggo-challenge_train_10_percent-222,"inform(name[Crysis], developer[Crytek Frankfurt], esrb[M (for Mature)], genres[action-adventure, shooter], player_perspective[first person], has_multiplayer[yes])",Crysis is an action-adventure first person shooter by Crytek Frankfurt. This game has an M (for Mature) rating and can be played multiplayer.,['Crysis is an action-adventure first person shooter by Crytek Frankfurt. This game has an M (for Mature) rating and can be played multiplayer.']
viggo-challenge_train_10_percent-223,"inform(name[Far Cry 3], genres[action-adventure, shooter], platforms[PlayStation, Xbox, PC], available_on_steam[yes], has_linux_release[no], has_mac_release[no])","Far Cry 3 is an action-adventure shooter on PlayStation, Xbox, and PC. It is not supported on Linux or Mac, but it is available on Steam.","['Far Cry 3 is an action-adventure shooter on PlayStation, Xbox, and PC. It is not supported on Linux or Mac, but it is available on Steam.']"
viggo-challenge_train_10_percent-224,"inform(name[Assassin's Creed II], developer[Ubisoft Montreal], esrb[M (for Mature)], rating[good], genres[action-adventure, platformer], has_multiplayer[no])","Assassin's Creed II is a good action-adventure platformer, but does not have a multiplayer. It was developed by Ubisoft Montreal and is rated M (for Mature).","[""Assassin's Creed II is a good action-adventure platformer, but does not have a multiplayer. It was developed by Ubisoft Montreal and is rated M (for Mature).""]"
viggo-challenge_train_10_percent-225,"inform(name[Spider-Man], exp_release_date[September 7, 2018], genres[action-adventure], player_perspective[third person], platforms[PlayStation])","Spider-Man will be released on September 7, 2018. It's a third person action-adventure game for PlayStation.","[""Spider-Man will be released on September 7, 2018. It's a third person action-adventure game for PlayStation.""]"
viggo-challenge_train_10_percent-226,"inform(name[Super Bomberman], release_year[1993], rating[average], genres[action, strategy], platforms[Nintendo, PC], available_on_steam[no])",Super Bomberman is considered an average action strategy game for Nintendo and PC that was released in 1993. It is not currently available on Steam.,['Super Bomberman is considered an average action strategy game for Nintendo and PC that was released in 1993. It is not currently available on Steam.']
viggo-challenge_train_10_percent-227,"inform(name[Heroes of Might and Magic III: The Restoration of Erathia], release_year[1999], rating[good], genres[turn-based strategy], has_multiplayer[yes])",Heroes of Might and Magic III: The Restoration of Erathia is a turn-based strategy game from 1999. It has good ratings and a multiplayer mode.,['Heroes of Might and Magic III: The Restoration of Erathia is a turn-based strategy game from 1999. It has good ratings and a multiplayer mode.']
viggo-challenge_train_10_percent-228,"inform(name[The Last of Us], developer[Naughty Dog], esrb[M (for Mature)], rating[excellent], genres[action-adventure, shooter], player_perspective[third person], platforms[PlayStation])",The Last of Us is an excellent third person action-adventure shooter by Naughty Dog for the PlayStation console. It's rated M (for Mature).,"[""The Last of Us is an excellent third person action-adventure shooter by Naughty Dog for the PlayStation console. It's rated M (for Mature).""]"
viggo-challenge_train_10_percent-229,"inform(name[Horizon: Zero Dawn], release_year[2017], esrb[T (for Teen)], genres[action-adventure, role-playing, shooter], player_perspective[third person], has_multiplayer[no], platforms[PlayStation])","Horizon: Zero Dawn is a role-playing third person shooter game from 2017 with a lot of action and adventure. It is a PlayStation exclusive game with no multiplayer options, and it's suitable for teenagers.","[""Horizon: Zero Dawn is a role-playing third person shooter game from 2017 with a lot of action and adventure. It is a PlayStation exclusive game with no multiplayer options, and it's suitable for teenagers.""]"
viggo-challenge_train_10_percent-230,"inform(name[Crysis], release_year[2007], genres[action-adventure, shooter], player_perspective[first person], platforms[PlayStation, Xbox, PC], available_on_steam[yes], has_linux_release[no], has_mac_release[no])","Crysis is an action-adventure first person shooter that was released in 2007 for PlayStation, Xbox, and PC. It's available on Steam, but it doesn't have a Mac or Linux release.","[""Crysis is an action-adventure first person shooter that was released in 2007 for PlayStation, Xbox, and PC. It's available on Steam, but it doesn't have a Mac or Linux release.""]"
viggo-challenge_train_10_percent-231,"inform(name[Need for Speed: The Run], release_year[2011], developer[Firebrand Games], genres[driving/racing], player_perspective[first person, third person])",Need for Speed: The Run is a racing game developed by Firebrand Games in 2011. The game offers both first person and third person perspectives.,['Need for Speed: The Run is a racing game developed by Firebrand Games in 2011. The game offers both first person and third person perspectives.']
viggo-challenge_train_10_percent-232,"inform(name[Super Mario World], release_year[1990], developer[Nintendo EAD], esrb[E (for Everyone)], genres[platformer], player_perspective[side view], has_multiplayer[yes], platforms[Nintendo])",Super Mario World is a 1990 platformer with a side view by Nintendo EAD available for the Nintendo. It has multiplayer and is rated E (for Everyone).,['Super Mario World is a 1990 platformer with a side view by Nintendo EAD available for the Nintendo. It has multiplayer and is rated E (for Everyone).']
viggo-challenge_train_10_percent-233,"inform(name[A Way Out], rating[good], genres[action-adventure], player_perspective[third person], platforms[PlayStation, Xbox, PC], available_on_steam[no], has_linux_release[no], has_mac_release[no])","A Way Out is a good third person action-adventure game for PlayStation, Xbox and PC. It's not on Steam, Linux, or Mac.","[""A Way Out is a good third person action-adventure game for PlayStation, Xbox and PC. It's not on Steam, Linux, or Mac.""]"
viggo-challenge_train_10_percent-234,"inform(name[Football Manager 2015], release_year[2014], developer[Sports Interactive], genres[simulation, sport, strategy])","Football Manager 2015 is a sport-strategy simulator, released in 2014 by Sports Interactive.","['Football Manager 2015 is a sport-strategy simulator, released in 2014 by Sports Interactive.']"
viggo-challenge_train_10_percent-235,"inform(name[Trivial Pursuit], developer[Electronic Arts], rating[poor], genres[trivia/board game], has_multiplayer[yes])","Trivial Pursuit is a trivia/board game developed by Electronic Arts. The game does offer multiplayer, but was received poorly by critics.","['Trivial Pursuit is a trivia/board game developed by Electronic Arts. The game does offer multiplayer, but was received poorly by critics.']"
viggo-challenge_train_10_percent-236,"inform(name[MotorStorm: Apocalypse], release_year[2011], esrb[T (for Teen)], genres[vehicular combat])",MotorStorm: Apocalypse is a vehicular combat game from 2011 that is rated T (for Teen).,['MotorStorm: Apocalypse is a vehicular combat game from 2011 that is rated T (for Teen).']
viggo-challenge_train_10_percent-237,"inform(name[The Vanishing of Ethan Carter], genres[adventure, indie], has_multiplayer[no])",The Vanishing of Ethan Carter is an indie adventure game with no multiplayer support.,['The Vanishing of Ethan Carter is an indie adventure game with no multiplayer support.']
viggo-challenge_train_10_percent-238,"inform(name[Age of Empires II: The Age of Kings], genres[real-time strategy], player_perspective[bird view], platforms[PlayStation, PC], available_on_steam[no], has_linux_release[no], has_mac_release[yes])","Age of Empires II: The Age of Kings is a real-time, bird view strategy game that can be played on PlayStation or PC. While it's not available on Steam and it doesn't have a Linux release, you can play it on Mac.","[""Age of Empires II: The Age of Kings is a real-time, bird view strategy game that can be played on PlayStation or PC. While it's not available on Steam and it doesn't have a Linux release, you can play it on Mac.""]"
viggo-challenge_train_10_percent-239,"inform(name[Metal Gear Solid 3: Snake Eater], release_year[2004], esrb[M (for Mature)], genres[action-adventure, shooter, tactical], has_multiplayer[no])",Metal Gear Solid 3: Snake Eater is a tactical action-adventure shooter with no multiplayer. It is rated M (for Mature) and was released in 2004.,['Metal Gear Solid 3: Snake Eater is a tactical action-adventure shooter with no multiplayer. It is rated M (for Mature) and was released in 2004.']
viggo-challenge_train_10_percent-240,"inform(name[Far Cry 3], release_year[2012], esrb[M (for Mature)], genres[action-adventure, shooter], player_perspective[first person], has_multiplayer[yes])","Far Cry 3 is a multiplayer action-adventure first person shooter. It is rated M (for Mature), and was released in 2012.","['Far Cry 3 is a multiplayer action-adventure first person shooter. It is rated M (for Mature), and was released in 2012.']"
viggo-challenge_train_10_percent-241,"inform(name[The Legend of Zelda: Ocarina of Time], release_year[1998], developer[Nintendo EAD], esrb[E (for Everyone)], rating[excellent], genres[action-adventure, puzzle, role-playing], player_perspective[bird view, third person], has_multiplayer[no])",There's also The Legend of Zelda: Ocarina of Time (rated E) from 1998. This single-player game was made by Nintendo EAD and is an excellent rated action-adventure puzzle RPG. It's views are bird and third.,"[""There's also The Legend of Zelda: Ocarina of Time (rated E) from 1998. This single-player game was made by Nintendo EAD and is an excellent rated action-adventure puzzle RPG. It's views are bird and third.""]"
viggo-challenge_train_10_percent-242,"inform(name[Metroid Prime Pinball], release_year[2005], developer[Fuse Games], rating[average], genres[pinball, puzzle], has_multiplayer[yes], platforms[Nintendo])","Metroid Prime Pinball was released by Fuse Games for Nintendo consoles in 2005, and features a puzzle pinball gameplay. It received only average reviews, but it has a multiplayer mode.","['Metroid Prime Pinball was released by Fuse Games for Nintendo consoles in 2005, and features a puzzle pinball gameplay. It received only average reviews, but it has a multiplayer mode.']"
viggo-challenge_train_10_percent-243,"inform(name[Assetto Corsa], release_year[2014], genres[driving/racing, simulation, sport], player_perspective[first person, third person], platforms[PlayStation, Xbox, PC], available_on_steam[yes], has_linux_release[yes], has_mac_release[no])","Assetto Corsa is a first and third person sport racing simulation game from 2014. It runs on PlayStation, Xbox, and PC, and it is available on Steam. It does not have a release for Mac but does for Linux.","['Assetto Corsa is a first and third person sport racing simulation game from 2014. It runs on PlayStation, Xbox, and PC, and it is available on Steam. It does not have a release for Mac but does for Linux.']"
viggo-challenge_train_10_percent-244,"inform(name[Madden NFL 15], developer[EA Tiburon], rating[average], genres[simulation, sport], has_multiplayer[yes], platforms[PlayStation, Xbox])","EA Tiburon made Madden NFL 15 and as you might expect it's your average sports simulator. You can pick it up for the big two, Xbox and PlayStation, and play multiplayer through Xbox Live and the PlayStation Network.","[""EA Tiburon made Madden NFL 15 and as you might expect it's your average sports simulator. You can pick it up for the big two, Xbox and PlayStation, and play multiplayer through Xbox Live and the PlayStation Network.""]"
viggo-challenge_train_10_percent-245,"inform(name[Far Cry 3], genres[action-adventure, shooter], platforms[PlayStation, Xbox, PC], available_on_steam[yes], has_linux_release[no], has_mac_release[no])","Far Cry 3 is an action-adventure shooter game available for the PlayStation, Xbox, and PC, but not Linux or Mac. You can get it on Steam.","['Far Cry 3 is an action-adventure shooter game available for the PlayStation, Xbox, and PC, but not Linux or Mac. You can get it on Steam.']"
viggo-challenge_train_10_percent-246,"inform(name[The Vanishing of Ethan Carter], release_year[2014], rating[average], genres[adventure, indie])",The Vanishing of Ethan Carter is an average indie adventure game that came out in 2014.,['The Vanishing of Ethan Carter is an average indie adventure game that came out in 2014.']
viggo-challenge_train_10_percent-247,"inform(name[Need for Speed: The Run], release_year[2011], developer[Firebrand Games], esrb[T (for Teen)], rating[average], genres[driving/racing], has_multiplayer[yes])","If you like driving/racing games with multiplayer, Need for Speed: The Run is an average game. It was released in 2011 by Firebrand Games and is rated T (for Teen).","['If you like driving/racing games with multiplayer, Need for Speed: The Run is an average game. It was released in 2011 by Firebrand Games and is rated T (for Teen).']"
viggo-challenge_train_10_percent-248,"inform(name[Battlefield V], exp_release_date[October 16, 2018], genres[action, shooter], player_perspective[first person], platforms[PlayStation, Xbox, PC])","Battlefield V is an upcoming first person action shooter you can play on most platforms including PlayStation, Xbox, and PC. It will be released on October 16, 2018.","['Battlefield V is an upcoming first person action shooter you can play on most platforms including PlayStation, Xbox, and PC. It will be released on October 16, 2018.']"
viggo-challenge_train_10_percent-249,"inform(name[Shadow of the Tomb Raider], exp_release_date[September 14, 2018], developer[Eidos Montréal], genres[adventure, shooter], player_perspective[third person], platforms[PlayStation, Xbox, PC])","Shadow of the Tomb Raider is a third person, adventure, shooter game by the developer Eidos Montréal. It will be released on PlayStation, Xbox, and PC. Its expected release date is September 14, 2018.","['Shadow of the Tomb Raider is a third person, adventure, shooter game by the developer Eidos Montréal. It will be released on PlayStation, Xbox, and PC. Its expected release date is September 14, 2018.']"
viggo-challenge_train_10_percent-250,"inform(name[The Room], developer[Fireproof Games], rating[excellent], genres[indie, point-and-click, puzzle], has_multiplayer[no])",The Room by Fireproof Games is an indie point-and-click single-player puzzle game. It has excellent ratings.,['The Room by Fireproof Games is an indie point-and-click single-player puzzle game. It has excellent ratings.']
viggo-challenge_train_10_percent-251,"inform(name[Outlast II], developer[Red Barrels], esrb[M (for Mature)], rating[average], genres[adventure, indie])",Outlast II by Red Barrels is an indie adventure game with average ratings. It is rated M (for Mature.,['Outlast II by Red Barrels is an indie adventure game with average ratings. It is rated M (for Mature.']
viggo-challenge_train_10_percent-252,"inform(name[The Vanishing of Ethan Carter], release_year[2014], genres[adventure, indie], player_perspective[first person], has_multiplayer[no])","If you enjoy indie adventure games with a first person perspective, try The Vanishing of Ethan Carter. It came out in 2014. It doesn't have multiplayer support.","[""If you enjoy indie adventure games with a first person perspective, try The Vanishing of Ethan Carter. It came out in 2014. It doesn't have multiplayer support.""]"
viggo-challenge_train_10_percent-253,"inform(name[The Vanishing of Ethan Carter], release_year[2014], developer[The Astronauts], rating[average], genres[adventure, indie], player_perspective[first person], has_multiplayer[no])",The Vanishing of Ethan Carter was developed by The Astronauts and released in 2014. It is a first person indie adventure game. This single-player game received an average rating.,['The Vanishing of Ethan Carter was developed by The Astronauts and released in 2014. It is a first person indie adventure game. This single-player game received an average rating.']
viggo-challenge_train_10_percent-254,"inform(name[NBA 2K16], release_year[2015], genres[sport], player_perspective[third person], platforms[PlayStation, Xbox, PC], has_linux_release[no], has_mac_release[no])","NBA 2K16 is a third person sport game that released in 2015 on PlayStation, Xbox, and PC. It has no Linux or Mac versions.","['NBA 2K16 is a third person sport game that released in 2015 on PlayStation, Xbox, and PC. It has no Linux or Mac versions.']"
viggo-challenge_train_10_percent-255,"inform(name[Commandos: Behind Enemy Lines], esrb[T (for Teen)], genres[strategy, tactical], platforms[PC], available_on_steam[yes])","According to the Entertainment and Ratings Board, the tactical and strategy game Commandos: Behind Enemy Lines, is suitable for Teenagers. It is a PC game which is also available on Steam.","['According to the Entertainment and Ratings Board, the tactical and strategy game Commandos: Behind Enemy Lines, is suitable for Teenagers. It is a PC game which is also available on Steam.']"
viggo-challenge_train_10_percent-256,"inform(name[Age of Empires II: The Age of Kings], developer[Ensemble Studios], esrb[T (for Teen)], rating[good], genres[real-time strategy], player_perspective[bird view])","Age of Empires II: The Age of Kings is a good real-time strategy game that has a bird view. Ensemble Studios developed it, and it is rated T (for Teen).","['Age of Empires II: The Age of Kings is a good real-time strategy game that has a bird view. Ensemble Studios developed it, and it is rated T (for Teen).']"
viggo-challenge_train_10_percent-257,"inform(name[The Legend of Zelda: Ocarina of Time], esrb[E (for Everyone)], genres[action-adventure, puzzle, role-playing], player_perspective[bird view, third person], has_multiplayer[no], platforms[Nintendo])","The Legend of Zelda: Ocarina of Time is an action-adventure role-playing puzzle game available for Nintendo. The game is played in third person and bird's view and is rated E, but doesn't have multiplayer.","[""The Legend of Zelda: Ocarina of Time is an action-adventure role-playing puzzle game available for Nintendo. The game is played in third person and bird's view and is rated E, but doesn't have multiplayer.""]"
viggo-challenge_train_10_percent-258,"inform(name[Need for Speed: Payback], release_year[2017], rating[poor], genres[driving/racing], platforms[PlayStation, Xbox, PC], available_on_steam[no], has_linux_release[no], has_mac_release[no])","Need for Speed: Payback is a poor driving/racing game that released in 2017 on PlayStation, Xbox, and PC. It isn't available on Steam and doesn't have a Linux or Mac version.","[""Need for Speed: Payback is a poor driving/racing game that released in 2017 on PlayStation, Xbox, and PC. It isn't available on Steam and doesn't have a Linux or Mac version.""]"
viggo-challenge_train_10_percent-259,"inform(name[Need for Speed: Payback], esrb[T (for Teen)], rating[poor], genres[driving/racing], has_multiplayer[yes], platforms[PlayStation, Xbox, PC], has_linux_release[no], has_mac_release[no])","A poor multiplayer driving/racing game is Need For Speed: Payback. It was released on PlayStation and Xbox. It was on PC, too, but not on Mac, nor Linux. It is rated T (for Teen).","['A poor multiplayer driving/racing game is Need For Speed: Payback. It was released on PlayStation and Xbox. It was on PC, too, but not on Mac, nor Linux. It is rated T (for Teen).']"
viggo-challenge_train_10_percent-260,"inform(name[Stronghold 2], rating[average], genres[real-time strategy, simulation])",Stronghold 2 is a real-time strategy and simulation game that has an average rating.,['Stronghold 2 is a real-time strategy and simulation game that has an average rating.']
viggo-challenge_train_10_percent-261,"inform(name[Metal Gear Solid 3: Snake Eater], developer[Konami Computer Entertainment Japan], rating[excellent], genres[action-adventure, shooter, tactical], player_perspective[bird view, first person, third person], has_multiplayer[no], platforms[PlayStation])","An excellent action-adventure tactical shooter for PlayStation is Metal Gear Solid 3: Snake Eater, developed by Konami Computer Entertainment Japan. It allows the player to choose among bird view, and first or third person. It does not have multiplayer.","['An excellent action-adventure tactical shooter for PlayStation is Metal Gear Solid 3: Snake Eater, developed by Konami Computer Entertainment Japan. It allows the player to choose among bird view, and first or third person. It does not have multiplayer.']"
viggo-challenge_train_10_percent-262,"inform(name[God of War], release_year[2018], developer[SIE Santa Monica Studio], rating[excellent], genres[action-adventure, platformer, role-playing], player_perspective[third person], has_multiplayer[no], platforms[PlayStation])","God of War is a third person, action-adventure role-playing platformer released on PlayStation in 2018. It was developed by SIE Santa Monica Studio and has excellent ratings. It has no multiplayer.","['God of War is a third person, action-adventure role-playing platformer released on PlayStation in 2018. It was developed by SIE Santa Monica Studio and has excellent ratings. It has no multiplayer.']"
viggo-challenge_train_10_percent-263,"inform(name[A Way Out], release_year[2018], esrb[M (for Mature)], genres[action-adventure], platforms[PlayStation, Xbox, PC], available_on_steam[no], has_linux_release[no], has_mac_release[no])","An M-rated action-adventure game released in 2018 is A Way Out. This game is available on PlayStation, Xbox, and PC, but don't excpect it to work on Linux or Mac, nor can you purchase it on Steam.","[""An M-rated action-adventure game released in 2018 is A Way Out. This game is available on PlayStation, Xbox, and PC, but don't excpect it to work on Linux or Mac, nor can you purchase it on Steam.""]"
viggo-challenge_train_10_percent-264,"inform(name[Horizon: Zero Dawn], release_year[2017], rating[excellent], genres[action-adventure, role-playing, shooter], player_perspective[third person], platforms[PlayStation])",Horizon: Zero Dawn is a third person action-adventure role-playing shooter that released in 2017 as a PlayStation exclusive. The game received excellent reviews from players.,['Horizon: Zero Dawn is a third person action-adventure role-playing shooter that released in 2017 as a PlayStation exclusive. The game received excellent reviews from players.']
viggo-challenge_train_10_percent-265,"inform(name[Undertale], rating[excellent], genres[adventure, indie, role-playing], platforms[PlayStation, Nintendo Switch, PC], available_on_steam[yes], has_linux_release[yes], has_mac_release[yes])","Undertale is an excellent indie adventure role-playing game. It is availabe for PlayStation, Nintendo Switch, and PC, and was also released for Steam, Linux, and Mac.","['Undertale is an excellent indie adventure role-playing game. It is availabe for PlayStation, Nintendo Switch, and PC, and was also released for Steam, Linux, and Mac.']"
viggo-challenge_train_10_percent-266,"inform(name[Crysis], release_year[2007], developer[Crytek Frankfurt], rating[good], genres[action-adventure, shooter], player_perspective[first person])",Crysis is a pretty good first person shooter with a lot of action and adventure. It was developed by Crytek Frankfurt in 2007.,['Crysis is a pretty good first person shooter with a lot of action and adventure. It was developed by Crytek Frankfurt in 2007.']
viggo-challenge_train_10_percent-267,"inform(name[Small World 2], rating[poor], genres[indie, trivia/board game], has_multiplayer[yes])",Small World 2 is a poor indie trivia/board game that features multiplayer.,['Small World 2 is a poor indie trivia/board game that features multiplayer.']
viggo-challenge_train_10_percent-268,"inform(name[SpellForce 3], release_year[2017], developer[Grimlore Games], genres[real-time strategy, role-playing], player_perspective[bird view], has_multiplayer[yes])","SpellForce 3 is a real-time strategy, role-playing game released by Grimlore Games in 2017. It has a multiplayer mode and bird view player perspective.","['SpellForce 3 is a real-time strategy, role-playing game released by Grimlore Games in 2017. It has a multiplayer mode and bird view player perspective.']"
viggo-challenge_train_10_percent-269,"inform(name[Might & Magic: Heroes VI], release_year[2011], rating[average], genres[role-playing, turn-based strategy], player_perspective[bird view], has_multiplayer[yes])","Might & Magic: Heroes VI is a bird view, role-playing turn-based strategy game released in 2011. It has only an average rating, but has multiplayer.","['Might & Magic: Heroes VI is a bird view, role-playing turn-based strategy game released in 2011. It has only an average rating, but has multiplayer.']"
viggo-challenge_train_10_percent-270,"inform(name[Half-Life 2], release_year[2004], esrb[M (for Mature)], genres[shooter], has_multiplayer[no], platforms[PlayStation, Xbox, PC], has_linux_release[yes], has_mac_release[yes])","Half-Life 2 is an M-rated single-player shooter. It was released in 2004 on PlayStation, Xbox, and PC with both a Linux and Mac release.","['Half-Life 2 is an M-rated single-player shooter. It was released in 2004 on PlayStation, Xbox, and PC with both a Linux and Mac release.']"
viggo-challenge_train_10_percent-271,"inform(name[Quantum Break], release_year[2016], developer[Remedy Entertainment], rating[average], genres[adventure, shooter], player_perspective[third person])","Quantum Break is considered an average third person shooter, an adventure game developed by Remedy Entertainment and released in 2016.","['Quantum Break is considered an average third person shooter, an adventure game developed by Remedy Entertainment and released in 2016.']"
viggo-challenge_train_10_percent-272,"inform(name[Tomb Raider: The Angel of Darkness], release_year[2003], genres[action-adventure, shooter], player_perspective[third person], platforms[PlayStation, PC], available_on_steam[yes])",Tomb Raider: The Angel of Darkness is a third person action-adventure shooter from 2003. You can play it on PlayStation or get it on Steam for PC.,['Tomb Raider: The Angel of Darkness is a third person action-adventure shooter from 2003. You can play it on PlayStation or get it on Steam for PC.']
viggo-challenge_train_10_percent-273,"inform(name[Quantum Break], release_year[2016], esrb[M (for Mature)], genres[adventure, shooter])","Quantum Break is an adventure shooter that was released in the year 2016, and is rated M (for Mature).","['Quantum Break is an adventure shooter that was released in the year 2016, and is rated M (for Mature).']"
viggo-challenge_train_10_percent-274,"inform(name[Little Big Adventure], release_year[1994], rating[average], genres[action-adventure], has_multiplayer[no])","Little Big Adventure is a decent action-adventure game. Sadly, it is not multiplayer and will be hard to find, since it came out in 1994.","['Little Big Adventure is a decent action-adventure game. Sadly, it is not multiplayer and will be hard to find, since it came out in 1994.']"
viggo-challenge_train_10_percent-275,"inform(name[Bus Driver], developer[SCS Software], genres[driving/racing, indie, simulation], has_multiplayer[no], platforms[PC], available_on_steam[yes], has_linux_release[no], has_mac_release[no])",Bus Driver is an indie driving simulator with no multiplayer in it. It was developed by SCS Software for PC and Steam. It has yet to see any Linux or Mac release.,['Bus Driver is an indie driving simulator with no multiplayer in it. It was developed by SCS Software for PC and Steam. It has yet to see any Linux or Mac release.']
viggo-challenge_train_10_percent-276,"inform(name[The Crew 2], exp_release_date[June 29, 2018], developer[Ivory Tower], genres[driving/racing], player_perspective[third person], has_multiplayer[yes], platforms[PlayStation, Xbox, PC])","The Crew 2 by Ivory Tower is a multiplayer third person driving/racing game. It is expected to be released for PlayStation, Xbox, and PC on June 29, 2018.","['The Crew 2 by Ivory Tower is a multiplayer third person driving/racing game. It is expected to be released for PlayStation, Xbox, and PC on June 29, 2018.']"
viggo-challenge_train_10_percent-277,"inform(name[Need for Speed: Payback], release_year[2017], rating[poor], genres[driving/racing], platforms[PlayStation, Xbox, PC], available_on_steam[no], has_linux_release[no], has_mac_release[no])","Need for Speed: Payback is a poorly-rated driving/racing game from 2017. It runs on PlayStation, Xbox, and PC. It is not out on Mac or Linux, and is not on Steam.","['Need for Speed: Payback is a poorly-rated driving/racing game from 2017. It runs on PlayStation, Xbox, and PC. It is not out on Mac or Linux, and is not on Steam.']"
viggo-challenge_train_10_percent-278,"inform(name[NBA 2K16], release_year[2015], rating[good], genres[sport], has_multiplayer[yes], platforms[PlayStation, Xbox, PC], available_on_steam[yes])","NBA 2K16 is a good sport game for the PlayStation, Xbox and PC. It was released in 2015 and is available on Steam. The game features a multiplayer mode.","['NBA 2K16 is a good sport game for the PlayStation, Xbox and PC. It was released in 2015 and is available on Steam. The game features a multiplayer mode.']"
viggo-challenge_train_10_percent-279,"inform(name[FIFA 12], release_year[2011], rating[average], genres[simulation, sport], platforms[PlayStation, Xbox, Nintendo, PC], available_on_steam[no], has_linux_release[no], has_mac_release[yes])","FIFA 12 is your average sport simulation game, released in 2011 for the PlayStation, Xbox, Nintendo, and PC. While not available on Steam or Linux, it does have Mac support.","['FIFA 12 is your average sport simulation game, released in 2011 for the PlayStation, Xbox, Nintendo, and PC. While not available on Steam or Linux, it does have Mac support.']"
viggo-challenge_train_10_percent-280,"inform(name[Assetto Corsa], esrb[E (for Everyone)], genres[driving/racing, simulation, sport], platforms[PlayStation, Xbox, PC], has_linux_release[yes], has_mac_release[no])","Assetto Corsa is a sport racing simulator that has been released on PlayStation, Xbox, and PC, including the Linux processor but not the Mac. It is rated E (for Everyone).","['Assetto Corsa is a sport racing simulator that has been released on PlayStation, Xbox, and PC, including the Linux processor but not the Mac. It is rated E (for Everyone).']"
viggo-challenge_train_10_percent-281,"inform(name[Never Alone], release_year[2014], developer[Upper One Games], esrb[T (for Teen)], rating[average], genres[adventure, indie, platformer], player_perspective[side view], has_multiplayer[yes])",Never Alone from Upper One Games was made in 2014. It's rated T (for Teen) and has average reviews. This indie adventure platformer game has side view and multiplayer.,"[""Never Alone from Upper One Games was made in 2014. It's rated T (for Teen) and has average reviews. This indie adventure platformer game has side view and multiplayer.""]"
viggo-challenge_train_10_percent-282,"inform(name[Metroid Prime Pinball], esrb[E (for Everyone)], genres[pinball, puzzle])",Metroid Prime Pinball is a pinball puzzle game rated E (for Everyone).,['Metroid Prime Pinball is a pinball puzzle game rated E (for Everyone).']
viggo-challenge_train_10_percent-283,"inform(name[Commandos: Behind Enemy Lines], rating[good], genres[strategy, tactical], has_multiplayer[yes])","If you are into tactical strategy games, you should look into Commandos: Behind Enemy Lines. It got a good rating and even has multiplayer.","['If you are into tactical strategy games, you should look into Commandos: Behind Enemy Lines. It got a good rating and even has multiplayer.']"
viggo-challenge_train_10_percent-284,"inform(name[The Witcher 3: Wild Hunt], rating[excellent], genres[action-adventure, role-playing], player_perspective[third person], platforms[PlayStation, Xbox, PC], available_on_steam[yes], has_linux_release[no], has_mac_release[no])","The Witcher 3: Wild Hunt is a third person action-adventure role-playing game for PlayStation, Xbox, and PC via Steam. It's not available on Linux or Mac. It has received excellent reviews since its launch.","[""The Witcher 3: Wild Hunt is a third person action-adventure role-playing game for PlayStation, Xbox, and PC via Steam. It's not available on Linux or Mac. It has received excellent reviews since its launch.""]"
viggo-challenge_train_10_percent-285,"inform(name[Ori and the Blind Forest], release_year[2015], rating[excellent], genres[adventure, platformer, puzzle], player_perspective[side view], platforms[Xbox, PC], available_on_steam[yes])",Ori and the Blind Forest is an excellent side view adventure puzzle platformer. This 2015 game is on Xbox and PC through Steam.,['Ori and the Blind Forest is an excellent side view adventure puzzle platformer. This 2015 game is on Xbox and PC through Steam.']
viggo-challenge_train_10_percent-286,"inform(name[Quantum Break], release_year[2016], esrb[M (for Mature)], genres[adventure, shooter], player_perspective[third person], has_multiplayer[no])","Quantum Break is an adventure shooter that is played from the third person's perspective and is rated M (for Mature). This game came out in 2016, and you cannot play multiplayer with it.","[""Quantum Break is an adventure shooter that is played from the third person's perspective and is rated M (for Mature). This game came out in 2016, and you cannot play multiplayer with it.""]"
viggo-challenge_train_10_percent-287,"inform(name[World of Warcraft], release_year[2004], rating[good], genres[adventure, MMORPG], player_perspective[third person], platforms[PC], has_linux_release[no], has_mac_release[yes])","World of Warcraft is a good third person adventure MMORPG released in 2004 for the PC and Mac. If you are looking to run this on Linux, you are out of luck.","['World of Warcraft is a good third person adventure MMORPG released in 2004 for the PC and Mac. If you are looking to run this on Linux, you are out of luck.']"
viggo-challenge_train_10_percent-288,"inform(name[Metro 2033], rating[good], genres[action, role-playing, shooter], player_perspective[first person], has_multiplayer[no])","I've heard about Metro 2033 recently, an action first person shooter with good ratings, where you get to role-play too. It's single-player, which is no problem for me.","[""I've heard about Metro 2033 recently, an action first person shooter with good ratings, where you get to role-play too. It's single-player, which is no problem for me.""]"
viggo-challenge_train_10_percent-289,"inform(name[NBA 2K16], release_year[2015], developer[Visual Concepts], esrb[E 10+ (for Everyone 10 and Older)], rating[good], genres[sport], player_perspective[third person], has_multiplayer[yes])",NBA 2K16 is a third person sports game created by Visual Concepts that came out in 2015. It has good ratings and includes a multiplayer option. It has a ESRB rating of E 10+.,['NBA 2K16 is a third person sports game created by Visual Concepts that came out in 2015. It has good ratings and includes a multiplayer option. It has a ESRB rating of E 10+.']
viggo-challenge_train_10_percent-290,"inform(name[Spider-Man], exp_release_date[September 7, 2018], genres[action-adventure], player_perspective[third person], platforms[PlayStation])","On September 7, 2018, the new third person action-adventure game, Spider-Man, is being released. It will be available on PlayStation only.","['On September 7, 2018, the new third person action-adventure game, Spider-Man, is being released. It will be available on PlayStation only.']"
viggo-challenge_train_10_percent-291,"inform(name[Dance Dance Revolution Universe 3], developer[Konami], rating[poor], genres[music], platforms[Xbox])","If you like music games, then you should try the Xbox video game created by Konami called Dance Dance Revolution Universe 3. Note, however, that it has rather poor ratings.","['If you like music games, then you should try the Xbox video game created by Konami called Dance Dance Revolution Universe 3. Note, however, that it has rather poor ratings.']"
viggo-challenge_train_10_percent-292,"inform(name[The Vanishing of Ethan Carter], release_year[2014], rating[average], genres[adventure, indie])","The 2014 indie game, The Vanishing of Ethan Carter, is a decent adventure game.","['The 2014 indie game, The Vanishing of Ethan Carter, is a decent adventure game.']"
viggo-challenge_train_10_percent-293,"inform(name[Super Mario World], release_year[1990], developer[Nintendo EAD], esrb[E (for Everyone)], genres[platformer], player_perspective[side view], has_multiplayer[yes], platforms[Nintendo])","Nintendo's platformer Super Mario World, which was released back in 1990, is still a good choice for everyone according to the entertainment rating board. Developed by Nintendo EAD, the game offers a side view perspective and multiplayer features.","[""Nintendo's platformer Super Mario World, which was released back in 1990, is still a good choice for everyone according to the entertainment rating board. Developed by Nintendo EAD, the game offers a side view perspective and multiplayer features.""]"
viggo-challenge_train_10_percent-294,"inform(name[Metroid Prime Pinball], developer[Fuse Games], genres[pinball, puzzle], platforms[Nintendo])",Metroid Prime Pinball is a Nintendo pinball puzzle game from Fuse Games.,['Metroid Prime Pinball is a Nintendo pinball puzzle game from Fuse Games.']
viggo-challenge_train_10_percent-295,"inform(name[Call of Duty: Advanced Warfare], rating[average], genres[action, shooter], player_perspective[first person], platforms[PlayStation, Xbox, PC], available_on_steam[yes])","Call of Duty: Advanced Warfare is an action FPS that released to average reviews on PlayStation, Xbox, and PC. It's available on Steam.","[""Call of Duty: Advanced Warfare is an action FPS that released to average reviews on PlayStation, Xbox, and PC. It's available on Steam.""]"
viggo-challenge_train_10_percent-296,"inform(name[The Forest of Doom], rating[average], genres[role-playing, text adventure], platforms[PC], has_linux_release[yes], has_mac_release[yes])","The Forest of Doom is an average game for the PC, Linux, and Mac. It's a role-playing, text adventure game.","[""The Forest of Doom is an average game for the PC, Linux, and Mac. It's a role-playing, text adventure game.""]"
viggo-challenge_train_10_percent-297,"inform(name[The Elder Scrolls V: Skyrim], genres[adventure, role-playing], platforms[PlayStation, Xbox, Nintendo, PC], available_on_steam[yes], has_linux_release[no], has_mac_release[no])","For a role-playing adventure, try The Elder Scrolls V: Skyrim. It is available on PlayStation, Xbox, Nintendo, and PC, and can be downloaded on Steam. There is no Mac or Linux release, however.","['For a role-playing adventure, try The Elder Scrolls V: Skyrim. It is available on PlayStation, Xbox, Nintendo, and PC, and can be downloaded on Steam. There is no Mac or Linux release, however.']"
viggo-challenge_train_10_percent-298,"inform(name[Outlast II], release_year[2017], rating[average], genres[adventure, indie], has_multiplayer[no], platforms[PlayStation, Xbox, Nintendo Switch, PC], has_linux_release[no], has_mac_release[yes])","Outlast II is an indie adventure game released in 2017 and with an average user rating. It can be played on PlayStation, Xbox, Nintendo Switch and PC. It is a single-player game that has been released on Mac, but not Linux.","['Outlast II is an indie adventure game released in 2017 and with an average user rating. It can be played on PlayStation, Xbox, Nintendo Switch and PC. It is a single-player game that has been released on Mac, but not Linux.']"
viggo-challenge_train_10_percent-299,"inform(name[Undertale], release_year[2015], rating[excellent], genres[adventure, indie, role-playing], has_multiplayer[no], platforms[PlayStation, Nintendo Switch, PC], has_linux_release[yes], has_mac_release[yes])","Undertale from 2015 is an excellent indie adventure role-playing game, but it doesn't have multiplayer. It can be played on PlayStation, Nintendo Switch, PC, Linux, or Mac.","[""Undertale from 2015 is an excellent indie adventure role-playing game, but it doesn't have multiplayer. It can be played on PlayStation, Nintendo Switch, PC, Linux, or Mac.""]"
viggo-challenge_train_10_percent-300,"inform(name[Assassin's Creed II], rating[good], genres[action-adventure, platformer], has_multiplayer[no], platforms[PlayStation, Xbox, PC], has_linux_release[no], has_mac_release[yes])","Assassin's Creed II is an action-adventure game released for PlayStation, Xbox, and PC. The single-player experience was released for Mac but does not offer a Linux release. Critical reception was good for the platformer.","[""Assassin's Creed II is an action-adventure game released for PlayStation, Xbox, and PC. The single-player experience was released for Mac but does not offer a Linux release. Critical reception was good for the platformer.""]"
viggo-challenge_train_10_percent-301,"inform(name[Sid Meier's Civilization V], esrb[E 10+ (for Everyone 10 and Older)], rating[good], genres[simulation, turn-based strategy], has_multiplayer[yes])","You have to try this game, Sid Meier's Civilization V. It's a really good turn-based simulation strategy game. It has multiplayer and it is rated E 10+ (for Everyone 10 and Older).","[""You have to try this game, Sid Meier's Civilization V. It's a really good turn-based simulation strategy game. It has multiplayer and it is rated E 10+ (for Everyone 10 and Older).""]"
viggo-challenge_train_10_percent-302,"inform(name[Need for Speed: The Run], release_year[2011], developer[Firebrand Games], esrb[T (for Teen)], rating[average], genres[driving/racing], has_multiplayer[yes])","Need for Speed: The Run is an average driving game from 2011 made by Firebrand Games. It only has a teen rating, but the best part is the multiplayer so you can race against your friends.","['Need for Speed: The Run is an average driving game from 2011 made by Firebrand Games. It only has a teen rating, but the best part is the multiplayer so you can race against your friends.']"
viggo-challenge_train_10_percent-303,"inform(name[Rocket League], esrb[E (for Everyone)], genres[sport, vehicular combat], has_multiplayer[yes], platforms[PlayStation, Xbox, Nintendo Switch, PC], available_on_steam[yes], has_linux_release[yes], has_mac_release[yes])","Try Rocket League, it's a multiplayer vehicular combat sports game with an E (for Everyone) rating. It's available on PlayStation, Xbox, Nintendo Switch, and PC trough Steam. There are also Linux and Mac releases.","[""Try Rocket League, it's a multiplayer vehicular combat sports game with an E (for Everyone) rating. It's available on PlayStation, Xbox, Nintendo Switch, and PC trough Steam. There are also Linux and Mac releases.""]"
viggo-challenge_train_10_percent-304,"inform(name[Super Mario World], release_year[1990], genres[platformer], player_perspective[side view], has_multiplayer[yes])",Super Mario World is a side view platformer that features multiplayer and came out in 1990.,['Super Mario World is a side view platformer that features multiplayer and came out in 1990.']
viggo-challenge_train_10_percent-305,"inform(name[Never Alone], release_year[2014], genres[adventure, indie, platformer])",Never Alone is an indie adventure platformer from 2014.,['Never Alone is an indie adventure platformer from 2014.']
viggo-challenge_train_10_percent-306,"inform(name[Tomb Raider: The Last Revelation], rating[good], genres[action-adventure, puzzle, shooter], platforms[PlayStation, PC], available_on_steam[yes])",Tomb Raider: The Last Revelation is a good action-adventure game that is on PlayStation and PC only. This puzzle shooter is also on Steam.,['Tomb Raider: The Last Revelation is a good action-adventure game that is on PlayStation and PC only. This puzzle shooter is also on Steam.']
viggo-challenge_train_10_percent-307,"inform(name[Undertale], release_year[2015], esrb[E (for Everyone)], rating[excellent], genres[adventure, indie, role-playing], player_perspective[bird view])",Undertale is an excellent indie adventure game that came out in 2015 and is rated E (for Everyone). This role-playing game has a bird view perspective.,['Undertale is an excellent indie adventure game that came out in 2015 and is rated E (for Everyone). This role-playing game has a bird view perspective.']
viggo-challenge_train_10_percent-308,"inform(name[A Way Out], rating[good], genres[action-adventure], player_perspective[third person], platforms[PlayStation, Xbox, PC], available_on_steam[no], has_linux_release[no], has_mac_release[no])","A Way Out is a fun third person action-adventure game for PlayStation, Xbox, and PC, but it is not supported on Mac or Linux. It is not available on Steam.","['A Way Out is a fun third person action-adventure game for PlayStation, Xbox, and PC, but it is not supported on Mac or Linux. It is not available on Steam.']"
viggo-challenge_train_10_percent-309,"inform(name[Rocket League], genres[sport, vehicular combat], platforms[PlayStation, Xbox, Nintendo Switch, PC], available_on_steam[yes], has_linux_release[yes], has_mac_release[yes])","Rocket League is a vehicular combat and sport game with a wide release on multiple platforms. It is available on PlayStation, Xbox, Nintendo Switch, and PC, with Linux, Mac, and Steam support.","['Rocket League is a vehicular combat and sport game with a wide release on multiple platforms. It is available on PlayStation, Xbox, Nintendo Switch, and PC, with Linux, Mac, and Steam support.']"
viggo-challenge_train_10_percent-310,"inform(name[Dance Dance Revolution Universe 3], developer[Konami], esrb[E (for Everyone)], rating[poor], genres[music], platforms[Xbox])","Dance Dance Revolution Universe 3, developed by Konami, is a music game available exclusively on Xbox, with an overall poor rating. It is appropriate for all age groups.","['Dance Dance Revolution Universe 3, developed by Konami, is a music game available exclusively on Xbox, with an overall poor rating. It is appropriate for all age groups.']"
viggo-challenge_train_10_percent-311,"inform(name[Transport Tycoon], release_year[1994], developer[Chris Sawyer], genres[simulation, strategy], player_perspective[bird view])","Transport Tycoon, by developer Chris Sawyer, is a simulation strategy game from a bird view perspective. It was released in 1994.","['Transport Tycoon, by developer Chris Sawyer, is a simulation strategy game from a bird view perspective. It was released in 1994.']"
viggo-challenge_train_10_percent-312,"inform(name[The Last of Us], release_year[2013], rating[excellent], genres[action-adventure, shooter], player_perspective[third person], has_multiplayer[yes])",The Last of Us is a great multiplayer third person shooter game with a lot of action and adventure. It was released in 2013.,['The Last of Us is a great multiplayer third person shooter game with a lot of action and adventure. It was released in 2013.']
viggo-challenge_train_10_percent-313,"inform(name[Euro Truck Simulator], release_year[2008], developer[SCS Software], rating[poor], genres[driving/racing, simulation], player_perspective[first person])",A rather poorly-rated game from 2008 is SCS Software's Euro Truck Simulator. You can only play this driving simulation game in first person.,"[""A rather poorly-rated game from 2008 is SCS Software's Euro Truck Simulator. You can only play this driving simulation game in first person.""]"
viggo-challenge_train_10_percent-314,"inform(name[Hitman 2], exp_release_date[November 13, 2018], genres[shooter, tactical], player_perspective[third person], platforms[PlayStation, Xbox, PC])","I'm excited about the release of Hitman 2 on November 13, 2018. What's not to love about sneaking around in third person, shooting enemies, while tactically completing your objective? I prefer Xbox, but PC and PlayStation will do just fine too.","[""I'm excited about the release of Hitman 2 on November 13, 2018. What's not to love about sneaking around in third person, shooting enemies, while tactically completing your objective? I prefer Xbox, but PC and PlayStation will do just fine too.""]"
viggo-challenge_train_10_percent-315,"inform(name[Ori and the Blind Forest], release_year[2015], developer[Moon Studios], genres[adventure, platformer, puzzle], player_perspective[side view], has_multiplayer[no], platforms[Xbox, PC], available_on_steam[yes])","Ori and the Blind Forest from Moon Studios came out in 2015. It has no multiplayer, but is a side view adventure puzzle platformer on Xbox and PC through Steam.","['Ori and the Blind Forest from Moon Studios came out in 2015. It has no multiplayer, but is a side view adventure puzzle platformer on Xbox and PC through Steam.']"
viggo-challenge_train_10_percent-316,"inform(name[NBA 2K16], rating[good], genres[sport])","If you are looking for a sports game with good ratings, you should check out NBA 2K16.","['If you are looking for a sports game with good ratings, you should check out NBA 2K16.']"
viggo-challenge_train_10_percent-317,"inform(name[Need for Speed: The Run], esrb[T (for Teen)], genres[driving/racing], player_perspective[first person, third person])",Need for Speed: The Run was released with a T (for Teen) rating. It is a driving/racing game that offers a first person and third person mode.,['Need for Speed: The Run was released with a T (for Teen) rating. It is a driving/racing game that offers a first person and third person mode.']
viggo-challenge_train_10_percent-318,"inform(name[Resident Evil 4], release_year[2005], rating[excellent], genres[action-adventure, shooter], player_perspective[third person])","Resident Evil 4 from 2005 is an excellent, dark, action-adventure shooter. Its use of third person point of view makes the game fun.","['Resident Evil 4 from 2005 is an excellent, dark, action-adventure shooter. Its use of third person point of view makes the game fun.']"
viggo-challenge_train_10_percent-319,"inform(name[The Last of Us], developer[Naughty Dog], esrb[M (for Mature)], rating[excellent], genres[action-adventure, shooter])",The Last of Us is an action-adventure shooter that has received excellent ratings. It was developed by Naughty Dog and is rated M (for Mature).,['The Last of Us is an action-adventure shooter that has received excellent ratings. It was developed by Naughty Dog and is rated M (for Mature).']
viggo-challenge_train_10_percent-320,"inform(name[The Wolf Among Us], release_year[2013], esrb[M (for Mature)], rating[good], genres[adventure, point-and-click], player_perspective[third person], has_multiplayer[no])","The Wolf Among Us, a third person point-and-click adventure game, is for any mature gamer in single-player mode. From 2013 to present, it has continued to receive good reviews and will probably continue being enjoyed for many more years.","['The Wolf Among Us, a third person point-and-click adventure game, is for any mature gamer in single-player mode. From 2013 to present, it has continued to receive good reviews and will probably continue being enjoyed for many more years.']"
viggo-challenge_train_10_percent-321,"inform(name[A Way Out], release_year[2018], esrb[M (for Mature)], genres[action-adventure], platforms[PlayStation, Xbox, PC], available_on_steam[no], has_linux_release[no], has_mac_release[no])","A Way Out is an action-adventure game for PlayStation, Xbox, and PC. It is not available on Steam, and it is not supported on Mac or Linux. It came out in 2018 and is rated M (for Mature).","['A Way Out is an action-adventure game for PlayStation, Xbox, and PC. It is not available on Steam, and it is not supported on Mac or Linux. It came out in 2018 and is rated M (for Mature).']"
viggo-challenge_train_10_percent-322,"recommend(name[RollerCoaster Tycoon], developer[MicroProse], platforms[PC])","Since you play on your PC, I wonder if you've thought about trying the MicroProse game RollerCoaster Tycoon?","[""Since you play on your PC, I wonder if you've thought about trying the MicroProse game RollerCoaster Tycoon?""]"
viggo-challenge_train_10_percent-323,"recommend(name[The Witcher 3: Wild Hunt], developer[CD Projekt RED])",The best game I know developed by CD Projekt RED is The Witcher 3: Wild Hunt. Have you ever played it?,['The best game I know developed by CD Projekt RED is The Witcher 3: Wild Hunt. Have you ever played it?']
viggo-challenge_train_10_percent-324,"recommend(name[The Wolf Among Us], has_multiplayer[no], platforms[PC])","One of my favorite single-player PC games is The Wolf Among Us, do you know about it?","['One of my favorite single-player PC games is The Wolf Among Us, do you know about it?']"
viggo-challenge_train_10_percent-325,"recommend(name[The Wolf Among Us], esrb[M (for Mature)], platforms[PC])","I know you enjoy M rated games you can play on your PC, have you heard of The Wolf Among Us?","['I know you enjoy M rated games you can play on your PC, have you heard of The Wolf Among Us?']"
viggo-challenge_train_10_percent-326,"recommend(name[Resident Evil 4], developer[Capcom Production Studio 4], platforms[Nintendo])","Since you seem to be a fan of Capcom Production Studio 4 games developed for the Nintendo, have you heard of Resident Evil 4?","['Since you seem to be a fan of Capcom Production Studio 4 games developed for the Nintendo, have you heard of Resident Evil 4?']"
viggo-challenge_train_10_percent-327,"recommend(name[Assetto Corsa], genres[driving/racing, simulation, sport], player_perspective[first person])",A first person sport racing sim that I enjoyed was Assetto Corsa. Have you played it?,['A first person sport racing sim that I enjoyed was Assetto Corsa. Have you played it?']
viggo-challenge_train_10_percent-328,"recommend(name[Outlast II], release_year[2017], player_perspective[first person])","Do you like first person games? If so, I think you'd like 2017's Outlast II.","[""Do you like first person games? If so, I think you'd like 2017's Outlast II.""]"
viggo-challenge_train_10_percent-329,"recommend(name[The Wolf Among Us], esrb[M (for Mature)], platforms[PC])","It's on PC and rated M (for Mature), seems right down your alley. Are you familiar with The Wolf Among Us?","[""It's on PC and rated M (for Mature), seems right down your alley. Are you familiar with The Wolf Among Us?""]"
viggo-challenge_train_10_percent-330,"recommend(name[Undertale], developer[tobyfox], genres[adventure, indie, role-playing])",Undertale is an indie adventure RPG from tobyfox. Have you ever played it?,['Undertale is an indie adventure RPG from tobyfox. Have you ever played it?']
viggo-challenge_train_10_percent-331,"recommend(name[Resident Evil 4], esrb[M (for Mature)], has_multiplayer[no])",One of my favorite single-player games that got an M rating was Resident Evil 4. Have you ever played it?,['One of my favorite single-player games that got an M rating was Resident Evil 4. Have you ever played it?']
viggo-challenge_train_10_percent-332,"recommend(name[Resident Evil 4], genres[action-adventure, shooter], platforms[Nintendo])",Have you ever tried the Nintendo action-adventure shooting game Resident Evil 4?,['Have you ever tried the Nintendo action-adventure shooting game Resident Evil 4?']
viggo-challenge_train_10_percent-333,"recommend(name[Portal 2], developer[Valve Corporation], has_multiplayer[yes])",My favorite multiplayer game from Valve Corporation is actually Portal 2. Are you familiar with it?,['My favorite multiplayer game from Valve Corporation is actually Portal 2. Are you familiar with it?']
viggo-challenge_train_10_percent-334,"recommend(name[Sid Meier's Civilization V], developer[Firaxis Games])","You seem to be a fan of Firaxis Games titles, so have you played Sid Meier's Civilization V?","[""You seem to be a fan of Firaxis Games titles, so have you played Sid Meier's Civilization V?""]"
viggo-challenge_train_10_percent-335,"recommend(name[Call of Duty: Advanced Warfare], developer[Sledgehammer Games], player_perspective[first person])","Speaking of Sledgehammer Games' first person releases, have you tried Call of Duty: Advanced Warfare?","[""Speaking of Sledgehammer Games' first person releases, have you tried Call of Duty: Advanced Warfare?""]"
viggo-challenge_train_10_percent-336,"recommend(name[Transport Tycoon], genres[simulation, strategy])","On the topic of simulation strategy games, have you tried Transport Tycoon?","['On the topic of simulation strategy games, have you tried Transport Tycoon?']"
viggo-challenge_train_10_percent-337,"recommend(name[The Witcher 3: Wild Hunt], developer[CD Projekt RED])","Since you like games by CD Projekt RED, I'm wondering if you've played The Witcher 3: Wild Hunt.","[""Since you like games by CD Projekt RED, I'm wondering if you've played The Witcher 3: Wild Hunt.""]"
viggo-challenge_train_10_percent-338,"recommend(name[Super Mario World], release_year[1990], developer[Nintendo EAD])",Super Mario World was released by Nintendo EAD in 1990. Did you play it back then?,['Super Mario World was released by Nintendo EAD in 1990. Did you play it back then?']
viggo-challenge_train_10_percent-339,"recommend(name[The Wolf Among Us], available_on_steam[yes])","I know there's a lot of good games on Steam, but The Wolf Among Us comes to my mind right now. Have you given it a shot?","[""I know there's a lot of good games on Steam, but The Wolf Among Us comes to my mind right now. Have you given it a shot?""]"
viggo-challenge_train_10_percent-340,"recommend(name[Undertale], esrb[E (for Everyone)], available_on_steam[yes])","If you're looking for a solid E rated game on Steam, Undertale might pique your interest. Have you ever heard of it?","[""If you're looking for a solid E rated game on Steam, Undertale might pique your interest. Have you ever heard of it?""]"
viggo-challenge_train_10_percent-341,"recommend(name[The Wolf Among Us], player_perspective[third person])","Speaking of third person perspective games, have you played The Wolf Among Us?","['Speaking of third person perspective games, have you played The Wolf Among Us?']"
viggo-challenge_train_10_percent-342,"recommend(name[Super Mario World], esrb[E (for Everyone)], has_multiplayer[yes])","Since you like playing multiplayer games rated E (for Everyone), have you ever tried Super Mario World?","['Since you like playing multiplayer games rated E (for Everyone), have you ever tried Super Mario World?']"
viggo-challenge_train_10_percent-343,"recommend(name[Call of Duty: Advanced Warfare], developer[Sledgehammer Games], has_multiplayer[yes])","Have you heard of Call of Duty: Advanced Warfare? Sledgehammer Games made it, it's a pretty fun multiplayer game.","[""Have you heard of Call of Duty: Advanced Warfare? Sledgehammer Games made it, it's a pretty fun multiplayer game.""]"
viggo-challenge_train_10_percent-344,"recommend(name[Sid Meier's Civilization V], available_on_steam[yes])",I know you got some Steam credits for your birthday. Have you tried Sid Meier's Civilization V yet?,"[""I know you got some Steam credits for your birthday. Have you tried Sid Meier's Civilization V yet?""]"
viggo-challenge_train_10_percent-345,"recommend(name[Assetto Corsa], developer[Kunos Simulazioni], esrb[E (for Everyone)])",A game developed by Kunos Simulazioni rated E (for Everyone) that I enjoyed was Assetto Corsa. Have you played it?,['A game developed by Kunos Simulazioni rated E (for Everyone) that I enjoyed was Assetto Corsa. Have you played it?']
viggo-challenge_train_10_percent-346,"recommend(name[Resident Evil 4], genres[action-adventure, shooter], platforms[Nintendo])","Speaking of Nintendo action-adventure shooter games, have you heard of Resident Evil 4?","['Speaking of Nintendo action-adventure shooter games, have you heard of Resident Evil 4?']"
viggo-challenge_train_10_percent-347,"recommend(name[NBA 2K16], player_perspective[third person])","Since you're into third person games, I bet you'd love NBA 2K16. Do you know anything about it?","[""Since you're into third person games, I bet you'd love NBA 2K16. Do you know anything about it?""]"
viggo-challenge_train_10_percent-348,"recommend(name[NBA 2K16], has_multiplayer[yes])",Have you tried playing the multiplayer game NBA 2K16? You can play with your friends.,['Have you tried playing the multiplayer game NBA 2K16? You can play with your friends.']
viggo-challenge_train_10_percent-349,"recommend(name[Super Mario World], developer[Nintendo EAD], has_multiplayer[yes])",Do you know of Super Mario World? It's this great multiplayer game from Nintendo EAD.,"[""Do you know of Super Mario World? It's this great multiplayer game from Nintendo EAD.""]"
viggo-challenge_train_10_percent-350,"recommend(name[RollerCoaster Tycoon], genres[simulation, strategy], platforms[PC])",I know you game on a PC. Have you ever heard about the simulation strategy game RollerCoaster Tycoon?,['I know you game on a PC. Have you ever heard about the simulation strategy game RollerCoaster Tycoon?']
viggo-challenge_train_10_percent-351,"recommend(name[Assetto Corsa], developer[Kunos Simulazioni], player_perspective[first person])","While we're on the subject of first person games made by Kunos Simulazioni, have you ever played Assetto Corsa?","[""While we're on the subject of first person games made by Kunos Simulazioni, have you ever played Assetto Corsa?""]"
viggo-challenge_train_10_percent-352,"recommend(name[Stronghold 2], esrb[T (for Teen)], genres[real-time strategy, simulation])","A Teen-rated real-time strategy, sim that I enjoyed was Stronghold 2. Have you played it?","['A Teen-rated real-time strategy, sim that I enjoyed was Stronghold 2. Have you played it?']"
viggo-challenge_train_10_percent-353,"recommend(name[Outlast II], release_year[2017], developer[Red Barrels])","Since you're into newer games from 2017, have you heard of Outlast II by Red Barrels?","[""Since you're into newer games from 2017, have you heard of Outlast II by Red Barrels?""]"
viggo-challenge_train_10_percent-354,"request(player_perspective[first person], specifier[exhilarating])","I'm looking for a game from a first person perspective that is really exhilarating, is there one you would recommend to me?","[""I'm looking for a game from a first person perspective that is really exhilarating, is there one you would recommend to me?""]"
viggo-challenge_train_10_percent-355,"request(genres[sport], specifier[in-depth])",Are there any in-depth sports games that you've played lately?,"[""Are there any in-depth sports games that you've played lately?""]"
viggo-challenge_train_10_percent-356,request(specifier[surprising]),What's a game whose quality you found surprising?,"[""What's a game whose quality you found surprising?""]"
viggo-challenge_train_10_percent-357,"request(has_multiplayer[no], specifier[epic])",What's one epic single-player game you can think of?,"[""What's one epic single-player game you can think of?""]"
viggo-challenge_train_10_percent-358,"request(platforms[Xbox], specifier[easiest])",What's the easiest game you know of on Xbox?,"[""What's the easiest game you know of on Xbox?""]"
viggo-challenge_train_10_percent-359,"request(release_year[2009], specifier[other])",What other game from 2009 have you enjoyed?,['What other game from 2009 have you enjoyed?']
viggo-challenge_train_10_percent-360,"request(available_on_steam[yes], specifier[cheap])",What's a cheap game I can get on Steam right now?,"[""What's a cheap game I can get on Steam right now?""]"
viggo-challenge_train_10_percent-361,"request(release_year[2014], specifier[disappointing])",Did you find any games in 2014 disappointing?,['Did you find any games in 2014 disappointing?']
viggo-challenge_train_10_percent-362,request(specifier[limiting]),What game have you played with a limiting storyline?,['What game have you played with a limiting storyline?']
viggo-challenge_train_10_percent-363,"request(developer[Hazelight Studios], specifier[classic])",What do you think is the most classic game made by Hazelight Studios?,['What do you think is the most classic game made by Hazelight Studios?']
viggo-challenge_train_10_percent-364,request(specifier[last]),What is the last game you played?,['What is the last game you played?']
viggo-challenge_train_10_percent-365,request(specifier[worst looking]),What's the worst looking game you've played recently?,"[""What's the worst looking game you've played recently?""]"
viggo-challenge_train_10_percent-366,"request(esrb[E 10+ (for Everyone 10 and Older)], specifier[frightening])",Are there any E 10+ rated frightening games?,['Are there any E 10+ rated frightening games?']
viggo-challenge_train_10_percent-367,"request(developer[Valve Corporation], specifier[funny])",Do you know of a funny game developed by Valve Corporation?,['Do you know of a funny game developed by Valve Corporation?']
viggo-challenge_train_10_percent-368,request(specifier[cheap]),Have you played any cheap games that you enjoyed?,['Have you played any cheap games that you enjoyed?']
viggo-challenge_train_10_percent-369,request(specifier[rewarding]),Is their a video game you know of that felt very rewarding to play?,['Is their a video game you know of that felt very rewarding to play?']
viggo-challenge_train_10_percent-370,"request(release_year[2011], specifier[best looking])",What would you say is the best looking game that came out in 2011?,['What would you say is the best looking game that came out in 2011?']
viggo-challenge_train_10_percent-371,"request(available_on_steam[yes], specifier[cheap])",What cheap game that's on Steam right now would you suggest?,"[""What cheap game that's on Steam right now would you suggest?""]"
viggo-challenge_train_10_percent-372,"request(genres[text adventure], specifier[immersive])",Is the a text adventure game you know of that you thought was immersive?,['Is the a text adventure game you know of that you thought was immersive?']
viggo-challenge_train_10_percent-373,request(specifier[cheap]),What good cheap games have just come out?,['What good cheap games have just come out?']
viggo-challenge_train_10_percent-374,"request(genres[driving/racing], specifier[complicated])",What would you say is a good example of a complicated driving/racing game?,['What would you say is a good example of a complicated driving/racing game?']
viggo-challenge_train_10_percent-375,"request(platforms[PC], specifier[quirky])",Do you know of any quirky PC games?,['Do you know of any quirky PC games?']
viggo-challenge_train_10_percent-376,request(specifier[bizarre]),Have you ever encountered a video game that struck you as plain bizarre?,['Have you ever encountered a video game that struck you as plain bizarre?']
viggo-challenge_train_10_percent-377,"request(release_year[2009], specifier[other])",So what other game from 2009 did you want to talk about?,['So what other game from 2009 did you want to talk about?']
viggo-challenge_train_10_percent-378,request(specifier[oldest]),What's the oldest video game you ever played?,"[""What's the oldest video game you ever played?""]"
viggo-challenge_train_10_percent-379,request(specifier[quick-to-learn]),Do you know of any quick-to-learn games?,['Do you know of any quick-to-learn games?']
viggo-challenge_train_10_percent-380,request(specifier[unfair]),What's a game you found rather unfair recently?,"[""What's a game you found rather unfair recently?""]"
viggo-challenge_train_10_percent-381,request(specifier[cheerful]),Is there a nice cheerful game you can remember playing?,['Is there a nice cheerful game you can remember playing?']
viggo-challenge_train_10_percent-382,"request(available_on_steam[yes], specifier[challenging])",What's a good challenging game you know of that's available on Steam?,"[""What's a good challenging game you know of that's available on Steam?""]"
viggo-challenge_train_10_percent-383,"request(esrb[M (for Mature)], specifier[gritty])",Have you played any gritty M rated games lately?,['Have you played any gritty M rated games lately?']
viggo-challenge_train_10_percent-384,"request(developer[Red Entertainment Corporation], specifier[newest])",Do you know what the newest game that Red Entertainment Corporation made is?,['Do you know what the newest game that Red Entertainment Corporation made is?']
viggo-challenge_train_10_percent-385,"request(genres[driving/racing], specifier[complicated])",Are there any complicated driving/racing games you know of? I'd love to try one out.,"[""Are there any complicated driving/racing games you know of? I'd love to try one out.""]"
viggo-challenge_train_10_percent-386,"request(platforms[PlayStation], specifier[weirdest])",So what's the weirdest game you got for the PlayStation?,"[""So what's the weirdest game you got for the PlayStation?""]"
viggo-challenge_train_10_percent-387,request_attribute(has_linux_release[]),Is Linux your OS for gaming?,['Is Linux your OS for gaming?']
viggo-challenge_train_10_percent-388,request_attribute(platforms[]),"I'm curious, do you mostly game on a single platform?","[""I'm curious, do you mostly game on a single platform?""]"
viggo-challenge_train_10_percent-389,request_attribute(available_on_steam[]),Do you mostly play games on Steam?,['Do you mostly play games on Steam?']
viggo-challenge_train_10_percent-390,request_attribute(developer[]),Who are your favorite video game developers?,['Who are your favorite video game developers?']
viggo-challenge_train_10_percent-391,request_attribute(player_perspective[]),What player perspective type do you like most?,['What player perspective type do you like most?']
viggo-challenge_train_10_percent-392,request_attribute(has_linux_release[]),Do you have any experience with gaming on a Linux system?,['Do you have any experience with gaming on a Linux system?']
viggo-challenge_train_10_percent-393,request_attribute(player_perspective[]),Do you prefer any specific player perspective over the others when you play games?,['Do you prefer any specific player perspective over the others when you play games?']
viggo-challenge_train_10_percent-394,request_attribute(developer[]),Is there a specific video game developer you prefer?,['Is there a specific video game developer you prefer?']
viggo-challenge_train_10_percent-395,request_attribute(release_year[]),Which year do you think was the best for games?,['Which year do you think was the best for games?']
viggo-challenge_train_10_percent-396,"request_explanation(release_year[2004], esrb[M (for Mature)], rating[excellent])",What do you think makes M rated games from 2004 so great?,['What do you think makes M rated games from 2004 so great?']
viggo-challenge_train_10_percent-397,"request_explanation(developer[Telltale Games], rating[good])",What is it about Telltale Games' that you think are good?,"[""What is it about Telltale Games' that you think are good?""]"
viggo-challenge_train_10_percent-398,"request_explanation(esrb[M (for Mature)], rating[excellent])",Why do you love M rated games so much?,['Why do you love M rated games so much?']
viggo-challenge_train_10_percent-399,"request_explanation(rating[average], platforms[PlayStation])",So what is it about PlayStation games that causes you to find them so average?,['So what is it about PlayStation games that causes you to find them so average?']
viggo-challenge_train_10_percent-400,"request_explanation(developer[Blizzard North], rating[good], has_mac_release[yes])",What is it about the Blizzard North games that have gotten a Mac release that you find enjoyable?,['What is it about the Blizzard North games that have gotten a Mac release that you find enjoyable?']
viggo-challenge_train_10_percent-401,"request_explanation(rating[poor], player_perspective[bird view], has_multiplayer[yes])",Why do you not like multiplayer games with a bird view perspective?,['Why do you not like multiplayer games with a bird view perspective?']
viggo-challenge_train_10_percent-402,"request_explanation(rating[excellent], has_linux_release[no], has_mac_release[no])",Why do you think the games that have neither a Linux nor a Mac release tend to be so superior?,['Why do you think the games that have neither a Linux nor a Mac release tend to be so superior?']
viggo-challenge_train_10_percent-403,"request_explanation(developer[Blizzard North], rating[good], has_mac_release[yes])",What do you enjoy about Blizzard North's Mac games?,"[""What do you enjoy about Blizzard North's Mac games?""]"
viggo-challenge_train_10_percent-404,"request_explanation(esrb[T (for Teen)], rating[excellent], has_multiplayer[no])",What do you find so amazing about T rated single-player games?,['What do you find so amazing about T rated single-player games?']
viggo-challenge_train_10_percent-405,"request_explanation(developer[Valve Corporation], rating[excellent], has_multiplayer[no])",What is it about single-player games made by Valve Corporation that you find so attractive?,['What is it about single-player games made by Valve Corporation that you find so attractive?']
viggo-challenge_train_10_percent-406,"request_explanation(rating[poor], has_multiplayer[no], platforms[PC])",Why is it that you don't like single-player only PC games?,"[""Why is it that you don't like single-player only PC games?""]"
viggo-challenge_train_10_percent-407,"request_explanation(rating[excellent], genres[action-adventure, shooter])",So why are action-adventure shooters some of your favorite games?,['So why are action-adventure shooters some of your favorite games?']
viggo-challenge_train_10_percent-408,"request_explanation(esrb[E 10+ (for Everyone 10 and Older)], rating[good], has_mac_release[yes])",What do you like about E 10+ games released on Mac?,['What do you like about E 10+ games released on Mac?']
viggo-challenge_train_10_percent-409,"request_explanation(rating[good], genres[adventure, point-and-click])",Why do you enjoy point and click adventure games so much?,['Why do you enjoy point and click adventure games so much?']
viggo-challenge_train_10_percent-410,"request_explanation(esrb[M (for Mature)], rating[excellent])",What is it about M rated games that you find so excellent?,['What is it about M rated games that you find so excellent?']
viggo-challenge_train_10_percent-411,"request_explanation(rating[good], player_perspective[third person], has_multiplayer[no])",How is the third person perspective enjoyable in single-player games?,['How is the third person perspective enjoyable in single-player games?']
viggo-challenge_train_10_percent-412,"request_explanation(developer[Codemasters Southam], rating[average], platforms[PlayStation])",What is it about Codemasters Southam's PlayStation games that makes you say they're just average?,"[""What is it about Codemasters Southam's PlayStation games that makes you say they're just average?""]"
viggo-challenge_train_10_percent-413,"request_explanation(rating[average], has_linux_release[no], has_mac_release[no])",Why do you feel unenthusiastic about games without a Mac or Linux release?,['Why do you feel unenthusiastic about games without a Mac or Linux release?']
viggo-challenge_train_10_percent-414,"request_explanation(release_year[2010], developer[Firaxis Games], rating[good])",What do you enjoy about Firaxis Games' 2010 catalog?,"[""What do you enjoy about Firaxis Games' 2010 catalog?""]"
viggo-challenge_train_10_percent-415,"request_explanation(rating[excellent], platforms[PC])",Why do you love playing games on the PC more than any other platforms?,['Why do you love playing games on the PC more than any other platforms?']
viggo-challenge_train_10_percent-416,"request_explanation(developer[Tarsier Studios], rating[good])",What do you enjoy about Tarsier Studios' games?,"[""What do you enjoy about Tarsier Studios' games?""]"
viggo-challenge_train_10_percent-417,"request_explanation(rating[good], genres[adventure, platformer, puzzle])","I'm curious, what is it about adventure puzzle platformers that you enjoy?","[""I'm curious, what is it about adventure puzzle platformers that you enjoy?""]"
viggo-challenge_train_10_percent-418,"request_explanation(rating[good], has_multiplayer[yes])",You like multiplayer games quite a bit. Can you tell me why that is?,['You like multiplayer games quite a bit. Can you tell me why that is?']
viggo-challenge_train_10_percent-419,"request_explanation(rating[good], player_perspective[third person])",What do you like about third person games?,['What do you like about third person games?']
viggo-challenge_train_10_percent-420,"request_explanation(developer[Tarsier Studios], rating[good], platforms[PlayStation])",What do you think it is about the PlayStation games developed by Tarsier Studios that makes them fun to play?,['What do you think it is about the PlayStation games developed by Tarsier Studios that makes them fun to play?']
viggo-challenge_train_10_percent-421,"request_explanation(rating[average], genres[driving/racing, simulation], player_perspective[first person])",Why do you find first person driving/racing simulators to be just okay?,['Why do you find first person driving/racing simulators to be just okay?']
viggo-challenge_train_10_percent-422,"request_explanation(rating[good], genres[driving/racing, simulation, sport], player_perspective[third person])",Why do you like a third person perspective in sport racing simulators?,['Why do you like a third person perspective in sport racing simulators?']
viggo-challenge_train_10_percent-423,"request_explanation(esrb[E (for Everyone)], rating[average], genres[action, strategy])",Why do you think that E rated action strategy games tend to be merely okay in your view?,['Why do you think that E rated action strategy games tend to be merely okay in your view?']
viggo-challenge_train_10_percent-424,"request_explanation(rating[excellent], genres[action-adventure, shooter], player_perspective[third person])","If you don't mind me asking, why are third person action-adventure shooters some of your favorite games of all time?","[""If you don't mind me asking, why are third person action-adventure shooters some of your favorite games of all time?""]"
viggo-challenge_train_10_percent-425,"request_explanation(rating[excellent], player_perspective[third person], available_on_steam[yes])",Can you tell me why you have such a strong preference for third person perspective games available on Steam?,['Can you tell me why you have such a strong preference for third person perspective games available on Steam?']
viggo-challenge_train_10_percent-426,"request_explanation(rating[average], genres[sport], player_perspective[third person])",Why is it that you feel third person sports games are overall just average?,['Why is it that you feel third person sports games are overall just average?']
viggo-challenge_train_10_percent-427,"suggest(name[Max Payne], release_year[2001], developer[Remedy Entertainment])","Do you enjoy games from 2001, like Remedy Entertainment's Max Payne?","[""Do you enjoy games from 2001, like Remedy Entertainment's Max Payne?""]"
viggo-challenge_train_10_percent-428,"suggest(name[BioShock], esrb[M (for Mature)], platforms[PC])","If you don't mind me asking, do you play M rated games for the PC, such as BioShock?","[""If you don't mind me asking, do you play M rated games for the PC, such as BioShock?""]"
viggo-challenge_train_10_percent-429,"suggest(name[Tony Hawk's Pro Skater 3], esrb[T (for Teen)], has_multiplayer[yes])",Are you a fan of multiplayer teen games like Tony Hawk's Pro Skater 3?,"[""Are you a fan of multiplayer teen games like Tony Hawk's Pro Skater 3?""]"
viggo-challenge_train_10_percent-430,"suggest(name[Metro 2033], genres[action, role-playing, shooter], has_multiplayer[no])","Do you enjoy role-playing action shooter games that have no multiplayer option, such as Metro 2033?","['Do you enjoy role-playing action shooter games that have no multiplayer option, such as Metro 2033?']"
viggo-challenge_train_10_percent-431,"suggest(name[Worms: Reloaded], developer[Team17 Digital Ltd], available_on_steam[yes])","Have you played any of Team17 Digital Ltd's lineup of games on Steam, such as Worms: Reloaded?","[""Have you played any of Team17 Digital Ltd's lineup of games on Steam, such as Worms: Reloaded?""]"
viggo-challenge_train_10_percent-432,"suggest(name[The Witcher 3: Wild Hunt], release_year[2015], esrb[M (for Mature)])",How do you feel about M rated games from 2015 like The Witcher 3: Wild Hunt?,['How do you feel about M rated games from 2015 like The Witcher 3: Wild Hunt?']
viggo-challenge_train_10_percent-433,"suggest(name[Metro 2033], release_year[2010], platforms[Xbox])","I'm wondering, have you played any 2010 Xbox games, like for example Metro 2033?","[""I'm wondering, have you played any 2010 Xbox games, like for example Metro 2033?""]"
viggo-challenge_train_10_percent-434,"suggest(name[Bus Driver], release_year[2014], genres[driving/racing, indie, simulation])",Did you enjoy playing the 2014 indie racing simulator Bus Driver?,['Did you enjoy playing the 2014 indie racing simulator Bus Driver?']
viggo-challenge_train_10_percent-435,"suggest(name[Might & Magic: Heroes VI], developer[Black Hole Entertainment])","Tell me, have you tried any games from Black Hole Entertainment, like that Might & Magic: Heroes VI?","['Tell me, have you tried any games from Black Hole Entertainment, like that Might & Magic: Heroes VI?']"
viggo-challenge_train_10_percent-436,"suggest(name[Portal 2], developer[Valve Corporation])","I was wondering something, have you played any of the games developed by Valve Corporation, such as Portal 2?","['I was wondering something, have you played any of the games developed by Valve Corporation, such as Portal 2?']"
viggo-challenge_train_10_percent-437,"suggest(name[Age of Empires II: The Age of Kings], developer[Ensemble Studios])","I was curious, have you played any games made by Ensemble Studios, such as Age of Empires II: The Age of Kings?","['I was curious, have you played any games made by Ensemble Studios, such as Age of Empires II: The Age of Kings?']"
viggo-challenge_train_10_percent-438,"suggest(name[NBA 2K16], esrb[E 10+ (for Everyone 10 and Older)], genres[sport])","Do you also like sports games rated E 10+ (for Everyone 10 and Older), such as NBA 2K16?","['Do you also like sports games rated E 10+ (for Everyone 10 and Older), such as NBA 2K16?']"
viggo-challenge_train_10_percent-439,"suggest(name[Age of Empires II: The Age of Kings], player_perspective[bird view])","Do you have any experience playing games with a bird view perspective, like Age of Empires II: The Age of Kings?","['Do you have any experience playing games with a bird view perspective, like Age of Empires II: The Age of Kings?']"
viggo-challenge_train_10_percent-440,"suggest(name[Bus Driver], esrb[E (for Everyone)], available_on_steam[yes])","Have you played any of the E rated games that are available on Steam, like Bus Driver?","['Have you played any of the E rated games that are available on Steam, like Bus Driver?']"
viggo-challenge_train_10_percent-441,"suggest(name[The Witcher 3: Wild Hunt], genres[action-adventure, role-playing], player_perspective[third person])","Are third person action-adventure RPGs, like The Witcher 3: Wild Hunt, something you enjoy?","['Are third person action-adventure RPGs, like The Witcher 3: Wild Hunt, something you enjoy?']"
viggo-challenge_train_10_percent-442,"suggest(name[RollerCoaster Tycoon], release_year[1999], platforms[PC])","Are you also into PC games from 1999, like RollerCoaster Tycoon?","['Are you also into PC games from 1999, like RollerCoaster Tycoon?']"
viggo-challenge_train_10_percent-443,"suggest(name[Super Bomberman], esrb[E (for Everyone)], player_perspective[bird view])","Do you like bird's eye view games rated E (for Everyone), such as Super Bomberman?","[""Do you like bird's eye view games rated E (for Everyone), such as Super Bomberman?""]"
viggo-challenge_train_10_percent-444,"suggest(name[The Witcher 3: Wild Hunt], release_year[2015], esrb[M (for Mature)])","Have you played any M rated games that came out in the year 2015, like The Witcher 3: Wild Hunt?","['Have you played any M rated games that came out in the year 2015, like The Witcher 3: Wild Hunt?']"
viggo-challenge_train_10_percent-445,"suggest(name[Guitar Hero: Smash Hits], genres[music])","Do you like music games, such as Guitar Hero: Smash Hits?","['Do you like music games, such as Guitar Hero: Smash Hits?']"
viggo-challenge_train_10_percent-446,"suggest(name[Dirt: Showdown], release_year[2012], developer[Codemasters Southam])","Say, are you into Codemasters Southam, they made 2012's Dirt: Showdown, for example.","[""Say, are you into Codemasters Southam, they made 2012's Dirt: Showdown, for example.""]"
viggo-challenge_train_10_percent-447,"suggest(name[Might & Magic: Heroes VI], available_on_steam[yes])","Okay so now I'm curious, have you ever played a game on Steam, like for example Might & Magic: Heroes VI?","[""Okay so now I'm curious, have you ever played a game on Steam, like for example Might & Magic: Heroes VI?""]"
viggo-challenge_train_10_percent-448,"suggest(name[Portal 2], platforms[PlayStation])","Do you like other PlayStation games, like Portal 2?","['Do you like other PlayStation games, like Portal 2?']"
viggo-challenge_train_10_percent-449,"suggest(name[Tetris], release_year[1986])","Do you remember playing any games from 1986, for example Tetris?","['Do you remember playing any games from 1986, for example Tetris?']"
viggo-challenge_train_10_percent-450,"suggest(name[BioShock], has_mac_release[yes])","Do you prefer playing games available on Mac, like BioShock?","['Do you prefer playing games available on Mac, like BioShock?']"
viggo-challenge_train_10_percent-451,"suggest(name[Worms: Reloaded], available_on_steam[yes])","I bet you like it when you can play games on Steam, like Worms: Reloaded, right?","['I bet you like it when you can play games on Steam, like Worms: Reloaded, right?']"
viggo-challenge_train_10_percent-452,"suggest(name[Dirt: Showdown], genres[driving/racing, sport], has_multiplayer[yes])","I was just wondering if you also like any sport racing games that have multiplayer, such as Dirt: Showdown?","['I was just wondering if you also like any sport racing games that have multiplayer, such as Dirt: Showdown?']"
viggo-challenge_train_10_percent-453,"suggest(name[Max Payne], esrb[M (for Mature)], platforms[Xbox])",Do you like M rated games on the Xbox like Max Payne?,['Do you like M rated games on the Xbox like Max Payne?']
viggo-challenge_train_10_percent-454,"suggest(name[Metro 2033], esrb[M (for Mature)], genres[action, role-playing, shooter])","Do you like action role-playing shooters that are rated M (for Mature), such as Metro 2033?","['Do you like action role-playing shooters that are rated M (for Mature), such as Metro 2033?']"
viggo-challenge_train_10_percent-455,"suggest(name[Resident Evil 4], available_on_steam[yes])","Have you tried out games on Steam, like Resident Evil 4?","['Have you tried out games on Steam, like Resident Evil 4?']"
viggo-challenge_train_10_percent-456,"suggest(name[Worms: Reloaded], developer[Team17 Digital Ltd])","Have you given any games from Team17 Digital Ltd a try, such as that one, Worms: Reloaded?","['Have you given any games from Team17 Digital Ltd a try, such as that one, Worms: Reloaded?']"
viggo-challenge_train_10_percent-457,"verify_attribute(name[Quantum Break], developer[Remedy Entertainment], esrb[M (for Mature)], rating[average])",You said earlier that Quantum Break was simply average. Do you commonly feel lukewarm about M (for Mature) rated games from Remedy Entertainment?,['You said earlier that Quantum Break was simply average. Do you commonly feel lukewarm about M (for Mature) rated games from Remedy Entertainment?']
viggo-challenge_train_10_percent-458,"verify_attribute(name[The Forest of Doom], release_year[2014], developer[Tin Man Games], rating[average])",You said earlier that you found The Forest of Doom to be average. Would you say this is a common feeling when considering titles developed by Tin Man Games from 2014?,['You said earlier that you found The Forest of Doom to be average. Would you say this is a common feeling when considering titles developed by Tin Man Games from 2014?']
viggo-challenge_train_10_percent-459,"verify_attribute(name[Guitar Hero: Smash Hits], rating[poor], player_perspective[first person], has_multiplayer[yes])",Earlier you said that you disliked Guitar Hero: Smash Hits. Is it frequent that you would avoid first person perspective games with multiplayer?,['Earlier you said that you disliked Guitar Hero: Smash Hits. Is it frequent that you would avoid first person perspective games with multiplayer?']
viggo-challenge_train_10_percent-460,"verify_attribute(name[The Legend of Zelda: Ocarina of Time], release_year[1998], rating[excellent], platforms[Nintendo])",You said you felt The Legend of Zelda: Ocarina of Time was a really excellent game. Would you say that 1998 was just the right time for such a game to be released for the Nintendo?,['You said you felt The Legend of Zelda: Ocarina of Time was a really excellent game. Would you say that 1998 was just the right time for such a game to be released for the Nintendo?']
viggo-challenge_train_10_percent-461,"verify_attribute(name[Max Payne], rating[good], genres[action-adventure, shooter], platforms[PC])","You mentioned earlier that you enjoyed Max Payne. Generally, are you a fan of action-adventure games for PC with shooting gameplay?","['You mentioned earlier that you enjoyed Max Payne. Generally, are you a fan of action-adventure games for PC with shooting gameplay?']"
viggo-challenge_train_10_percent-462,"verify_attribute(name[Uncharted 4: A Thief's End], developer[Naughty Dog], rating[excellent], genres[action-adventure, shooter])",I remember you saying that you really dug Uncharted 4: A Thief's End. Do you like to play action-adventure shooters from Naughty Dog?,"[""I remember you saying that you really dug Uncharted 4: A Thief's End. Do you like to play action-adventure shooters from Naughty Dog?""]"
viggo-challenge_train_10_percent-463,"verify_attribute(name[Driver], release_year[1999], rating[average], platforms[PC])","So in our conversation earlier, you mentioned that you felt Driver was a completely average game. Would you say that PC games from 1999 don't have quite as much to offer nowadays?","[""So in our conversation earlier, you mentioned that you felt Driver was a completely average game. Would you say that PC games from 1999 don't have quite as much to offer nowadays?""]"
viggo-challenge_train_10_percent-464,"verify_attribute(name[Tetris], release_year[1986], rating[excellent], platforms[Nintendo])","You said that Tetris was one of your all time favorite games. Was 1986 a great year for Nintendo games overall, or was it just this game?","['You said that Tetris was one of your all time favorite games. Was 1986 a great year for Nintendo games overall, or was it just this game?']"
viggo-challenge_train_10_percent-465,"verify_attribute(name[Life is Strange], developer[Dontnod Entertainment], esrb[M (for Mature)], rating[good])",I remember that you liked Life is Strange. Would you say Dontnod Entertainment's games are worth a try when they have the M (for Mature) label?,"[""I remember that you liked Life is Strange. Would you say Dontnod Entertainment's games are worth a try when they have the M (for Mature) label?""]"
viggo-challenge_train_10_percent-466,"verify_attribute(name[Tetris], rating[excellent], genres[arcade, puzzle, strategy], player_perspective[side view])",You mentioned that Tetris is one of your favorite games. Do you in general love arcade puzzle games full of strategy and played from a side view perspective?,['You mentioned that Tetris is one of your favorite games. Do you in general love arcade puzzle games full of strategy and played from a side view perspective?']
viggo-challenge_train_10_percent-467,"verify_attribute(name[Commandos: Behind Enemy Lines], rating[good], player_perspective[bird view], has_multiplayer[yes])",You said earlier that you liked Commandos: Behind Enemy Lines. Are you a fan in general of multiplayer games with a bird view perspective?,['You said earlier that you liked Commandos: Behind Enemy Lines. Are you a fan in general of multiplayer games with a bird view perspective?']
viggo-challenge_train_10_percent-468,"verify_attribute(name[The Forest of Doom], rating[average], genres[role-playing, text adventure], has_linux_release[yes])",You mentioned you thought The Forest of Doom was average. Are you usually not very impressed by role-playing text adventure games for Linux?,['You mentioned you thought The Forest of Doom was average. Are you usually not very impressed by role-playing text adventure games for Linux?']
viggo-challenge_train_10_percent-469,"verify_attribute(name[Assassin's Creed Chronicles: India], developer[Climax Studios], rating[poor], has_multiplayer[no])","I know you mentioned not liking Assassin's Creed Chronicles: India. I'm curious, do you think all of Climax Studios' single-player only games are bad?","[""I know you mentioned not liking Assassin's Creed Chronicles: India. I'm curious, do you think all of Climax Studios' single-player only games are bad?""]"
viggo-challenge_train_10_percent-470,"verify_attribute(name[Tomb Raider: The Last Revelation], release_year[1999], rating[good], genres[action-adventure, puzzle, shooter])",So you like playing Tomb Raider: The Last Revelation. Do you feel like 1999 was a good year for action-adventure shooter games with puzzles?,['So you like playing Tomb Raider: The Last Revelation. Do you feel like 1999 was a good year for action-adventure shooter games with puzzles?']
viggo-challenge_train_10_percent-471,"verify_attribute(name[Far Cry 3], developer[Ubisoft Massive], rating[good], platforms[PC])",I remember you saying that you enjoyed Far Cry 3. In general are you fond of PC games from Ubisoft Massive?,['I remember you saying that you enjoyed Far Cry 3. In general are you fond of PC games from Ubisoft Massive?']
viggo-challenge_train_10_percent-472,"verify_attribute(name[Need for Speed: Payback], release_year[2017], developer[Ghost Games], rating[poor])",Previously we've talked about how you didn't like Need for Speed: Payback. Do you have the same feeling about other games Ghost Games made in 2017?,"[""Previously we've talked about how you didn't like Need for Speed: Payback. Do you have the same feeling about other games Ghost Games made in 2017?""]"
viggo-challenge_train_10_percent-473,"verify_attribute(name[Stronghold 2], rating[average], has_multiplayer[yes], available_on_steam[yes])",You previously mentioned that Stronghold 2 was merely average. Are you usually unimpressed with multiplayer games on Steam?,['You previously mentioned that Stronghold 2 was merely average. Are you usually unimpressed with multiplayer games on Steam?']
viggo-challenge_train_10_percent-474,"verify_attribute(name[Uncharted 4: A Thief's End], rating[excellent], player_perspective[third person], has_multiplayer[yes])",You said that you really liked Uncharted 4: A Thief's End. Do you generally like to play third person multiplayer games?,"[""You said that you really liked Uncharted 4: A Thief's End. Do you generally like to play third person multiplayer games?""]"
viggo-challenge_train_10_percent-475,"verify_attribute(name[Rollcage], developer[Attention To Detail], rating[average], genres[action, driving/racing])",I remember you telling me that you didn't feel too strongly about Rollcage. But does that opinion also hold true for other action racing games by Attention To Detail?,"[""I remember you telling me that you didn't feel too strongly about Rollcage. But does that opinion also hold true for other action racing games by Attention To Detail?""]"
viggo-challenge_train_10_percent-476,"verify_attribute(name[Silent Hill 2], rating[excellent], genres[action-adventure, puzzle], player_perspective[third person])",I think you mentioned having an excellent time when you played Silent Hill 2. Do you generally enjoy all third person action-adventure games with puzzles in them?,['I think you mentioned having an excellent time when you played Silent Hill 2. Do you generally enjoy all third person action-adventure games with puzzles in them?']
viggo-challenge_train_10_percent-477,"verify_attribute(name[The Elder Scrolls V: Skyrim], esrb[M (for Mature)], rating[good])",Are you often pleased with M rated games or is it just The Elder Scrolls V: Skyrim?,['Are you often pleased with M rated games or is it just The Elder Scrolls V: Skyrim?']
viggo-challenge_train_10_percent-478,"verify_attribute(name[Small World 2], release_year[2010], rating[poor], platforms[PC])",You said you didn't really like Small World 2. Weren't there any other PC games released in 2010 that you liked?,"[""You said you didn't really like Small World 2. Weren't there any other PC games released in 2010 that you liked?""]"
viggo-challenge_train_10_percent-479,"verify_attribute(name[Lara Croft and the Temple of Osiris], developer[Crystal Dynamics], rating[average], genres[action-adventure, puzzle, shooter])",You said earlier that you found Lara Croft and the Temple of Osiris to be average. Is this sentiment common for action-adventure games from Crystal Dynamics with puzzles and shooting?,['You said earlier that you found Lara Croft and the Temple of Osiris to be average. Is this sentiment common for action-adventure games from Crystal Dynamics with puzzles and shooting?']
viggo-challenge_train_10_percent-480,"verify_attribute(name[Small World 2], rating[poor], genres[indie, trivia/board game], has_mac_release[yes])",Previously you mentioned hating Small World 2. Are you generally not about indie trivia/board games on Mac?,['Previously you mentioned hating Small World 2. Are you generally not about indie trivia/board games on Mac?']
viggo-challenge_train_10_percent-481,"verify_attribute(name[Uncharted 4: A Thief's End], rating[excellent], platforms[PlayStation])",You told me Uncharted 4: A Thief's End was awesome. Does that go for a lot of other games out on PlayStation?,"[""You told me Uncharted 4: A Thief's End was awesome. Does that go for a lot of other games out on PlayStation?""]"
viggo-challenge_train_10_percent-482,"verify_attribute(name[Need for Speed: The Run], developer[Firebrand Games], rating[average], genres[driving/racing])",You said before that you felt so-so about Need for Speed: The Run. Do you feel the same about other driving or racing games from Firebrand Games?,['You said before that you felt so-so about Need for Speed: The Run. Do you feel the same about other driving or racing games from Firebrand Games?']
viggo-challenge_train_10_percent-483,"verify_attribute(name[The Legend of Zelda: Ocarina of Time], release_year[1998], rating[excellent], platforms[Nintendo])",I remember how much you dug The Legend of Zelda: Ocarina of Time from 1998. Do you generally dig other similar Nintendo game?,['I remember how much you dug The Legend of Zelda: Ocarina of Time from 1998. Do you generally dig other similar Nintendo game?']
viggo-challenge_train_10_percent-484,"verify_attribute(name[Assassin's Creed II], developer[Ubisoft Montreal], esrb[M (for Mature)], rating[good])","You seem to enjoy Ubisoft Montreal's M rated games like Assassin's Creed II, does that sound right?","[""You seem to enjoy Ubisoft Montreal's M rated games like Assassin's Creed II, does that sound right?""]"
viggo-challenge_train_10_percent-485,"verify_attribute(name[Skyforge], release_year[2015], rating[poor], platforms[PC])",You said that you disliked Skyforge. Is this the case for all PC games in 2015?,['You said that you disliked Skyforge. Is this the case for all PC games in 2015?']
viggo-challenge_train_10_percent-486,"verify_attribute(name[Need for Speed: Most Wanted], rating[good], genres[driving/racing], platforms[PlayStation])",So you mentioned Need for Speed: Most Wanted was fun. Is PlayStation the platform on which you enjoy playing racing games the most?,['So you mentioned Need for Speed: Most Wanted was fun. Is PlayStation the platform on which you enjoy playing racing games the most?']
viggo-challenge_train_10_percent-487,"verify_attribute(name[Commandos: Behind Enemy Lines], rating[good], genres[strategy, tactical], platforms[PC])",I know you like Commandos: Behind Enemy Lines. Do you think there is an abundance of good tactical strategy games for the PC?,['I know you like Commandos: Behind Enemy Lines. Do you think there is an abundance of good tactical strategy games for the PC?']
viggo-challenge_train_10_percent-488,"verify_attribute(name[Max Payne], developer[Remedy Entertainment], esrb[M (for Mature)], rating[good])","So you found Max Payne to be enjoyable to play, if I remember right. Do you also enjoy Remedy Entertainment's other M rated games?","[""So you found Max Payne to be enjoyable to play, if I remember right. Do you also enjoy Remedy Entertainment's other M rated games?""]"
viggo-challenge_train_10_percent-489,"verify_attribute(name[Need for Speed: The Run], developer[Firebrand Games], rating[average], genres[driving/racing])",I know you feel that Need for Speed: The Run was a merely average game. Do you not trust Firebrand Games with their driving/racing all that much?,['I know you feel that Need for Speed: The Run was a merely average game. Do you not trust Firebrand Games with their driving/racing all that much?']
viggo-challenge_train_10_percent-490,"verify_attribute(name[Need for Speed: The Run], release_year[2011], rating[average], platforms[Xbox])",You said earlier that you thought Need for Speed: The Run was just average. Are you commonly unimpressed by Xbox games from 2011?,['You said earlier that you thought Need for Speed: The Run was just average. Are you commonly unimpressed by Xbox games from 2011?']
viggo-challenge_train_10_percent-491,"verify_attribute(name[Little Nightmares], developer[Tarsier Studios], rating[good], genres[adventure, platformer, puzzle])",I remember you telling me that Little Nightmares was a good game. Do you normally like adventure platformers with puzzle elements that are developed by Tarsier Studios?,['I remember you telling me that Little Nightmares was a good game. Do you normally like adventure platformers with puzzle elements that are developed by Tarsier Studios?']
viggo-challenge_train_10_percent-492,"verify_attribute(name[The Forest of Doom], developer[Tin Man Games], rating[average])",You said that The Forest of Doom was not quite worth the money. Do you feel the same way about all the games made by Tin Man Games?,['You said that The Forest of Doom was not quite worth the money. Do you feel the same way about all the games made by Tin Man Games?']
viggo-challenge_train_10_percent-493,"verify_attribute(name[Assassin's Creed II], developer[Ubisoft Montreal], esrb[M (for Mature)], rating[good])","You like Assassin's Creed II right? Assassin's Creed II is created by Ubisoft Montreal, I heard it is rated M, right?","[""You like Assassin's Creed II right? Assassin's Creed II is created by Ubisoft Montreal, I heard it is rated M, right?""]"
viggo-challenge_train_10_percent-494,"verify_attribute(name[Skyforge], rating[poor], genres[adventure, hack-and-slash, MMORPG], player_perspective[third person])",You mentioned disliking Skyforge. Are you typically unhappy with third person MMORPGs with adventure and hack-and-slash gameplay?,['You mentioned disliking Skyforge. Are you typically unhappy with third person MMORPGs with adventure and hack-and-slash gameplay?']
viggo-challenge_train_10_percent-495,"verify_attribute(name[Tetris], rating[excellent], genres[arcade, puzzle, strategy], player_perspective[side view])",You said that you really enjoyed Tetris. Do you frequently like to play side view puzzle and strategy arcade games?,['You said that you really enjoyed Tetris. Do you frequently like to play side view puzzle and strategy arcade games?']
viggo-challenge_train_10_percent-496,"verify_attribute(name[Rollcage], rating[average], genres[action, driving/racing], player_perspective[third person])",You mentioned just a bit ago that you found Rollcage to be average. Do you feel similarly about third person action racing games in general?,['You mentioned just a bit ago that you found Rollcage to be average. Do you feel similarly about third person action racing games in general?']
viggo-challenge_train_10_percent-497,"verify_attribute(name[Life is Strange], developer[Dontnod Entertainment], esrb[M (for Mature)], rating[good])","Previously you told me that you like Life is Strange developed by Dontnod Entertainment, is that the case with all M- rated videogames?","['Previously you told me that you like Life is Strange developed by Dontnod Entertainment, is that the case with all M- rated videogames?']"
viggo-challenge_train_10_percent-498,"verify_attribute(name[The Forest of Doom], developer[Tin Man Games], rating[average])",You said that you found The Forest of Doom to be so-so in quality. Do you feel similarly about the other games developed by Tin Man Games,['You said that you found The Forest of Doom to be so-so in quality. Do you feel similarly about the other games developed by Tin Man Games']
viggo-challenge_train_10_percent-499,"verify_attribute(name[Tomb Raider: The Last Revelation], developer[Core Design], rating[good], platforms[PlayStation])",You mentioned that you liked Tomb Raider: The Last Revelation. Are you generally fond of PlayStation games from Core Design?,['You mentioned that you liked Tomb Raider: The Last Revelation. Are you generally fond of PlayStation games from Core Design?']
viggo-challenge_train_10_percent-500,"verify_attribute(name[Life is Strange], rating[good], player_perspective[third person], has_multiplayer[no])",Earlier you mentioned liking Life is Strange. Are you typically down with single-player games that have a third person perspective?,['Earlier you mentioned liking Life is Strange. Are you typically down with single-player games that have a third person perspective?']
viggo-challenge_train_10_percent-501,"verify_attribute(name[NHL 15], release_year[2014], rating[average], platforms[PlayStation])","You said you didn't love or hate PlayStation games from back in 2014, such as NHL 15. Is that true generally? ","[""You said you didn't love or hate PlayStation games from back in 2014, such as NHL 15. Is that true generally? ""]"
viggo-challenge_train_10_percent-502,"verify_attribute(name[Transport Tycoon], rating[average], has_mac_release[no])","Do you usually find games without a Mac release inadequate, or just Transport Tycoon?","['Do you usually find games without a Mac release inadequate, or just Transport Tycoon?']"
viggo-challenge_train_10_percent-503,"verify_attribute(name[Max Payne], rating[good], genres[action-adventure, shooter], player_perspective[third person])",You said you had a good time with Max Payne. Are many of your favorite games third person action-adventure shooters?,['You said you had a good time with Max Payne. Are many of your favorite games third person action-adventure shooters?']
viggo-challenge_train_10_percent-504,"verify_attribute(name[Dance Dance Revolution Universe 3], developer[Konami], rating[poor], genres[music])",You mentioned disliking Dance Dance Revolution Universe 3. Are you generally not fond of music games from Konami?,['You mentioned disliking Dance Dance Revolution Universe 3. Are you generally not fond of music games from Konami?']
viggo-challenge_train_10_percent-505,"verify_attribute(name[Football Manager 2015], rating[good], genres[simulation, sport, strategy], has_multiplayer[yes])",You said previously that you liked Football Manager 2015. Are you typically a fan of multiplayer simulation games featuring sports and strategy?,['You said previously that you liked Football Manager 2015. Are you typically a fan of multiplayer simulation games featuring sports and strategy?']
viggo-challenge_train_10_percent-506,"verify_attribute(name[Need for Speed: Most Wanted], rating[good], player_perspective[third person])",You had good things to say about Need for Speed: Most Wanted. Is that usually your opinion of games with a third person perspective?,['You had good things to say about Need for Speed: Most Wanted. Is that usually your opinion of games with a third person perspective?']
viggo-challenge_train_10_percent-507,"verify_attribute(name[Tony Hawk's Pro Skater 3], rating[average], genres[sport], has_multiplayer[yes])","I know you didn't hate Tony Hawk's Pro Skater 3, but didn't love it either. Do you feel kinda the same way about other sports games with multiplayer?","[""I know you didn't hate Tony Hawk's Pro Skater 3, but didn't love it either. Do you feel kinda the same way about other sports games with multiplayer?""]"
viggo-challenge_train_10_percent-508,"verify_attribute(name[Far Cry 3], rating[good], genres[action-adventure, shooter], has_multiplayer[yes])",Earlier you mentioned that you like Far Cry 3. Is it safe to assume you like most action-adventure shooters with multiplayer?,['Earlier you mentioned that you like Far Cry 3. Is it safe to assume you like most action-adventure shooters with multiplayer?']
viggo-challenge_train_10_percent-509,"verify_attribute(name[Driver], rating[average], genres[driving/racing, simulation], has_mac_release[yes])","I know you are not the biggest fan of Driver, but do you generally feel ambivalent towards most driving/racing simulators on Mac?","['I know you are not the biggest fan of Driver, but do you generally feel ambivalent towards most driving/racing simulators on Mac?']"
